ISO-10303-21;
HEADER;
FILE_DESCRIPTION(('Open CASCADE Model'),'2;1');
FILE_NAME('Open CASCADE Shape Model','2026-10-02T12:46:47',('Author'),(
    'Open CASCADE'),'Open CASCADE STEP processor 8.0','build123d',
  'Unknown');
FILE_SCHEMA(('AUTOMOTIVE_DESIGN { 1 0 10303 214 1 1 1 1 }'));
ENDSEC;
DATA;
#1 = APPLICATION_PROTOCOL_DEFINITION('international standard',
  'automotive_design',2000,#2);
#2 = APPLICATION_CONTEXT(
  'core data for automotive mechanical design processes');
#3 = SHAPE_DEFINITION_REPRESENTATION(#4,#10);
#4 = PRODUCT_DEFINITION_SHAPE('','',#5);
#5 = PRODUCT_DEFINITION('design','',#6,#9);
#6 = PRODUCT_DEFINITION_FORMATION('','',#7);
#7 = PRODUCT('COMPOUND','COMPOUND','',(#8));
#8 = PRODUCT_CONTEXT('',#2,'mechanical');
#9 = PRODUCT_DEFINITION_CONTEXT('part definition',#2,'design');
#10 = SHAPE_REPRESENTATION('',(#11,#15,#19,#23,#27,#31,#35,#39,#43,#47,
    #51,#55),#59);
#11 = AXIS2_PLACEMENT_3D('',#12,#13,#14);
#12 = CARTESIAN_POINT('',(0.,0.,0.));
#13 = DIRECTION('',(0.,0.,1.));
#14 = DIRECTION('',(1.,0.,-0.));
#15 = AXIS2_PLACEMENT_3D('',#16,#17,#18);
#16 = CARTESIAN_POINT('',(0.,0.,0.));
#17 = DIRECTION('',(0.,0.,1.));
#18 = DIRECTION('',(1.,0.,-0.));
#19 = AXIS2_PLACEMENT_3D('',#20,#21,#22);
#20 = CARTESIAN_POINT('',(-7.9,0.,34.5));
#21 = DIRECTION('',(0.,0.,1.));
#22 = DIRECTION('',(1.,0.,-0.));
#23 = AXIS2_PLACEMENT_3D('',#24,#25,#26);
#24 = CARTESIAN_POINT('',(-5.15,0.,34.5));
#25 = DIRECTION('',(0.,0.,1.));
#26 = DIRECTION('',(1.,0.,-0.));
#27 = AXIS2_PLACEMENT_3D('',#28,#29,#30);
#28 = CARTESIAN_POINT('',(0.,0.,0.));
#29 = DIRECTION('',(0.,0.,1.));
#30 = DIRECTION('',(1.,0.,-0.));
#31 = AXIS2_PLACEMENT_3D('',#32,#33,#34);
#32 = CARTESIAN_POINT('',(-10.75,0.,27.5));
#33 = DIRECTION('',(0.,0.,1.));
#34 = DIRECTION('',(1.,0.,-0.));
#35 = AXIS2_PLACEMENT_3D('',#36,#37,#38);
#36 = CARTESIAN_POINT('',(-13.5,0.,44.3));
#37 = DIRECTION('',(0.,0.,1.));
#38 = DIRECTION('',(1.,0.,-0.));
#39 = AXIS2_PLACEMENT_3D('',#40,#41,#42);
#40 = CARTESIAN_POINT('',(-10.75,0.,44.3));
#41 = DIRECTION('',(0.,0.,1.));
#42 = DIRECTION('',(1.,0.,-0.));
#43 = AXIS2_PLACEMENT_3D('',#44,#45,#46);
#44 = CARTESIAN_POINT('',(-13.,0.,51.8));
#45 = DIRECTION('',(0.,0.,1.));
#46 = DIRECTION('',(1.,0.,-0.));
#47 = AXIS2_PLACEMENT_3D('',#48,#49,#50);
#48 = CARTESIAN_POINT('',(-17.75,0.,44.3));
#49 = DIRECTION('',(1.,-0.,2.22044604925E-16));
#50 = DIRECTION('',(2.22044604925E-16,0.,-1.));
#51 = AXIS2_PLACEMENT_3D('',#52,#53,#54);
#52 = CARTESIAN_POINT('',(0.,0.,0.));
#53 = DIRECTION('',(0.,0.,1.));
#54 = DIRECTION('',(1.,0.,-0.));
#55 = AXIS2_PLACEMENT_3D('',#56,#57,#58);
#56 = CARTESIAN_POINT('',(0.,0.,0.));
#57 = DIRECTION('',(0.,0.,1.));
#58 = DIRECTION('',(1.,0.,-0.));
#59 = ( GEOMETRIC_REPRESENTATION_CONTEXT(3) 
GLOBAL_UNCERTAINTY_ASSIGNED_CONTEXT((#63)) GLOBAL_UNIT_ASSIGNED_CONTEXT(
(#60,#61,#62)) REPRESENTATION_CONTEXT('Context #1',
  '3D Context with UNIT and UNCERTAINTY') );
#60 = ( LENGTH_UNIT() NAMED_UNIT(*) SI_UNIT(.MILLI.,.METRE.) );
#61 = ( NAMED_UNIT(*) PLANE_ANGLE_UNIT() SI_UNIT($,.RADIAN.) );
#62 = ( NAMED_UNIT(*) SI_UNIT($,.STERADIAN.) SOLID_ANGLE_UNIT() );
#63 = UNCERTAINTY_MEASURE_WITH_UNIT(LENGTH_MEASURE(1.E-07),#60,
  'distance_accuracy_value','confusion accuracy');
#64 = PRODUCT_RELATED_PRODUCT_CATEGORY('part',$,(#7));
#65 = SHAPE_DEFINITION_REPRESENTATION(#66,#72);
#66 = PRODUCT_DEFINITION_SHAPE('','',#67);
#67 = PRODUCT_DEFINITION('design','',#68,#71);
#68 = PRODUCT_DEFINITION_FORMATION('','',#69);
#69 = PRODUCT('COMPOUND','COMPOUND','',(#70));
#70 = PRODUCT_CONTEXT('',#2,'mechanical');
#71 = PRODUCT_DEFINITION_CONTEXT('part definition',#2,'design');
#72 = ADVANCED_BREP_SHAPE_REPRESENTATION('',(#11,#73),#4324);
#73 = MANIFOLD_SOLID_BREP('',#74);
#74 = CLOSED_SHELL('',(#75,#976,#1050,#1100,#1147,#1197,#1244,#1294,
    #1339,#1438,#1556,#1680,#1708,#1757,#1877,#1909,#1958,#2082,#2114,
    #2163,#2261,#2289,#2378,#2425,#2453,#2508,#2563,#2618,#2673,#2922,
    #2947,#3027,#3144,#3149,#3154,#3159,#3164,#3168,#3172,#3176,#3180,
    #3359,#3409,#3458,#3490,#3540,#3589,#3621,#3785,#3832,#3908,#3957,
    #4006,#4110,#4160,#4232,#4282,#4289,#4317));
#75 = ADVANCED_FACE('',(#76,#852,#883,#914,#945),#90,.F.);
#76 = FACE_BOUND('',#77,.F.);
#77 = EDGE_LOOP('',(#78,#112,#141,#168,#194,#221,#250,#279,#303,#330,
    #359,#392,#416,#443,#472,#505,#529,#556,#585,#614,#638,#660,#686,
    #713,#742,#769,#798,#825));
#78 = ORIENTED_EDGE('',*,*,#79,.F.);
#79 = EDGE_CURVE('',#80,#82,#84,.T.);
#80 = VERTEX_POINT('',#81);
#81 = CARTESIAN_POINT('',(-16.5,-18.,20.3));
#82 = VERTEX_POINT('',#83);
#83 = CARTESIAN_POINT('',(-16.5,-18.,52.3));
#84 = SURFACE_CURVE('',#85,(#89,#101),.PCURVE_S1.);
#85 = LINE('',#86,#87);
#86 = CARTESIAN_POINT('',(-16.5,-18.,15.55));
#87 = VECTOR('',#88,1.);
#88 = DIRECTION('',(0.,0.,1.));
#89 = PCURVE('',#90,#95);
#90 = PLANE('',#91);
#91 = AXIS2_PLACEMENT_3D('',#92,#93,#94);
#92 = CARTESIAN_POINT('',(-16.5,-18.5,15.3));
#93 = DIRECTION('',(1.,0.,-0.));
#94 = DIRECTION('',(0.,0.,1.));
#95 = DEFINITIONAL_REPRESENTATION('',(#96),#100);
#96 = LINE('',#97,#98);
#97 = CARTESIAN_POINT('',(0.25,-0.5));
#98 = VECTOR('',#99,1.);
#99 = DIRECTION('',(1.,0.));
#100 = ( GEOMETRIC_REPRESENTATION_CONTEXT(2) 
PARAMETRIC_REPRESENTATION_CONTEXT() REPRESENTATION_CONTEXT('2D SPACE',''
  ) );
#101 = PCURVE('',#102,#107);
#102 = PLANE('',#103);
#103 = AXIS2_PLACEMENT_3D('',#104,#105,#106);
#104 = CARTESIAN_POINT('',(-16.7,-18.,15.8));
#105 = DIRECTION('',(-0.,1.,0.));
#106 = DIRECTION('',(0.,0.,1.));
#107 = DEFINITIONAL_REPRESENTATION('',(#108),#111);
#108 = B_SPLINE_CURVE_WITH_KNOTS('',1,(#109,#110),.UNSPECIFIED.,.F.,.F.,
  (2,2),(4.75,36.75),.PIECEWISE_BEZIER_KNOTS.);
#109 = CARTESIAN_POINT('',(4.5,0.2));
#110 = CARTESIAN_POINT('',(36.5,0.2));
#111 = ( GEOMETRIC_REPRESENTATION_CONTEXT(2) 
PARAMETRIC_REPRESENTATION_CONTEXT() REPRESENTATION_CONTEXT('2D SPACE',''
  ) );
#112 = ORIENTED_EDGE('',*,*,#113,.T.);
#113 = EDGE_CURVE('',#80,#114,#116,.T.);
#114 = VERTEX_POINT('',#115);
#115 = CARTESIAN_POINT('',(-16.5,-13.5,15.8));
#116 = SURFACE_CURVE('',#117,(#122,#129),.PCURVE_S1.);
#117 = CIRCLE('',#118,4.5);
#118 = AXIS2_PLACEMENT_3D('',#119,#120,#121);
#119 = CARTESIAN_POINT('',(-16.5,-13.5,20.3));
#120 = DIRECTION('',(1.,0.,0.));
#121 = DIRECTION('',(0.,-1.,0.));
#122 = PCURVE('',#90,#123);
#123 = DEFINITIONAL_REPRESENTATION('',(#124),#128);
#124 = CIRCLE('',#125,4.5);
#125 = AXIS2_PLACEMENT_2D('',#126,#127);
#126 = CARTESIAN_POINT('',(5.,-5.));
#127 = DIRECTION('',(0.,1.));
#128 = ( GEOMETRIC_REPRESENTATION_CONTEXT(2) 
PARAMETRIC_REPRESENTATION_CONTEXT() REPRESENTATION_CONTEXT('2D SPACE',''
  ) );
#129 = PCURVE('',#130,#135);
#130 = CYLINDRICAL_SURFACE('',#131,4.5);
#131 = AXIS2_PLACEMENT_3D('',#132,#133,#134);
#132 = CARTESIAN_POINT('',(-16.7,-13.5,20.3));
#133 = DIRECTION('',(1.,0.,-0.));
#134 = DIRECTION('',(0.,-1.,0.));
#135 = DEFINITIONAL_REPRESENTATION('',(#136),#140);
#136 = LINE('',#137,#138);
#137 = CARTESIAN_POINT('',(0.,0.2));
#138 = VECTOR('',#139,1.);
#139 = DIRECTION('',(1.,0.));
#140 = ( GEOMETRIC_REPRESENTATION_CONTEXT(2) 
PARAMETRIC_REPRESENTATION_CONTEXT() REPRESENTATION_CONTEXT('2D SPACE',''
  ) );
#141 = ORIENTED_EDGE('',*,*,#142,.F.);
#142 = EDGE_CURVE('',#143,#114,#145,.T.);
#143 = VERTEX_POINT('',#144);
#144 = CARTESIAN_POINT('',(-16.5,-4.7,15.8));
#145 = SURFACE_CURVE('',#146,(#150,#157),.PCURVE_S1.);
#146 = LINE('',#147,#148);
#147 = CARTESIAN_POINT('',(-16.5,-18.25,15.8));
#148 = VECTOR('',#149,1.);
#149 = DIRECTION('',(0.,-1.,0.));
#150 = PCURVE('',#90,#151);
#151 = DEFINITIONAL_REPRESENTATION('',(#152),#156);
#152 = LINE('',#153,#154);
#153 = CARTESIAN_POINT('',(0.5,-0.25));
#154 = VECTOR('',#155,1.);
#155 = DIRECTION('',(0.,1.));
#156 = ( GEOMETRIC_REPRESENTATION_CONTEXT(2) 
PARAMETRIC_REPRESENTATION_CONTEXT() REPRESENTATION_CONTEXT('2D SPACE',''
  ) );
#157 = PCURVE('',#158,#163);
#158 = PLANE('',#159);
#159 = AXIS2_PLACEMENT_3D('',#160,#161,#162);
#160 = CARTESIAN_POINT('',(-16.7,-18.,15.8));
#161 = DIRECTION('',(0.,0.,1.));
#162 = DIRECTION('',(1.,0.,-0.));
#163 = DEFINITIONAL_REPRESENTATION('',(#164),#167);
#164 = B_SPLINE_CURVE_WITH_KNOTS('',1,(#165,#166),.UNSPECIFIED.,.F.,.F.,
  (2,2),(-31.75,-4.75),.PIECEWISE_BEZIER_KNOTS.);
#165 = CARTESIAN_POINT('',(0.2,31.5));
#166 = CARTESIAN_POINT('',(0.2,4.5));
#167 = ( GEOMETRIC_REPRESENTATION_CONTEXT(2) 
PARAMETRIC_REPRESENTATION_CONTEXT() REPRESENTATION_CONTEXT('2D SPACE',''
  ) );
#168 = ORIENTED_EDGE('',*,*,#169,.T.);
#169 = EDGE_CURVE('',#143,#170,#172,.T.);
#170 = VERTEX_POINT('',#171);
#171 = CARTESIAN_POINT('',(-16.5,-4.7,16.8));
#172 = SURFACE_CURVE('',#173,(#177,#183),.PCURVE_S1.);
#173 = LINE('',#174,#175);
#174 = CARTESIAN_POINT('',(-16.5,-4.7,15.25));
#175 = VECTOR('',#176,1.);
#176 = DIRECTION('',(0.,0.,1.));
#177 = PCURVE('',#90,#178);
#178 = DEFINITIONAL_REPRESENTATION('',(#179),#182);
#179 = B_SPLINE_CURVE_WITH_KNOTS('',1,(#180,#181),.UNSPECIFIED.,.F.,.F.,
  (2,2),(0.55,1.65),.PIECEWISE_BEZIER_KNOTS.);
#180 = CARTESIAN_POINT('',(0.5,-13.8));
#181 = CARTESIAN_POINT('',(1.6,-13.8));
#182 = ( GEOMETRIC_REPRESENTATION_CONTEXT(2) 
PARAMETRIC_REPRESENTATION_CONTEXT() REPRESENTATION_CONTEXT('2D SPACE',''
  ) );
#183 = PCURVE('',#184,#189);
#184 = PLANE('',#185);
#185 = AXIS2_PLACEMENT_3D('',#186,#187,#188);
#186 = CARTESIAN_POINT('',(-16.6,-4.7,15.2));
#187 = DIRECTION('',(-0.,1.,0.));
#188 = DIRECTION('',(0.,0.,1.));
#189 = DEFINITIONAL_REPRESENTATION('',(#190),#193);
#190 = B_SPLINE_CURVE_WITH_KNOTS('',1,(#191,#192),.UNSPECIFIED.,.F.,.F.,
  (2,2),(0.55,1.65),.PIECEWISE_BEZIER_KNOTS.);
#191 = CARTESIAN_POINT('',(0.6,0.1));
#192 = CARTESIAN_POINT('',(1.7,0.1));
#193 = ( GEOMETRIC_REPRESENTATION_CONTEXT(2) 
PARAMETRIC_REPRESENTATION_CONTEXT() REPRESENTATION_CONTEXT('2D SPACE',''
  ) );
#194 = ORIENTED_EDGE('',*,*,#195,.T.);
#195 = EDGE_CURVE('',#170,#196,#198,.T.);
#196 = VERTEX_POINT('',#197);
#197 = CARTESIAN_POINT('',(-16.5,-13.5,16.8));
#198 = SURFACE_CURVE('',#199,(#203,#210),.PCURVE_S1.);
#199 = LINE('',#200,#201);
#200 = CARTESIAN_POINT('',(-16.5,-17.75,16.8));
#201 = VECTOR('',#202,1.);
#202 = DIRECTION('',(0.,-1.,0.));
#203 = PCURVE('',#90,#204);
#204 = DEFINITIONAL_REPRESENTATION('',(#205),#209);
#205 = LINE('',#206,#207);
#206 = CARTESIAN_POINT('',(1.5,-0.75));
#207 = VECTOR('',#208,1.);
#208 = DIRECTION('',(0.,1.));
#209 = ( GEOMETRIC_REPRESENTATION_CONTEXT(2) 
PARAMETRIC_REPRESENTATION_CONTEXT() REPRESENTATION_CONTEXT('2D SPACE',''
  ) );
#210 = PCURVE('',#211,#216);
#211 = PLANE('',#212);
#212 = AXIS2_PLACEMENT_3D('',#213,#214,#215);
#213 = CARTESIAN_POINT('',(-16.6,-17.,16.8));
#214 = DIRECTION('',(0.,0.,1.));
#215 = DIRECTION('',(1.,0.,-0.));
#216 = DEFINITIONAL_REPRESENTATION('',(#217),#220);
#217 = B_SPLINE_CURVE_WITH_KNOTS('',1,(#218,#219),.UNSPECIFIED.,.F.,.F.,
  (2,2),(-31.25,-4.25),.PIECEWISE_BEZIER_KNOTS.);
#218 = CARTESIAN_POINT('',(0.1,30.5));
#219 = CARTESIAN_POINT('',(0.1,3.5));
#220 = ( GEOMETRIC_REPRESENTATION_CONTEXT(2) 
PARAMETRIC_REPRESENTATION_CONTEXT() REPRESENTATION_CONTEXT('2D SPACE',''
  ) );
#221 = ORIENTED_EDGE('',*,*,#222,.F.);
#222 = EDGE_CURVE('',#223,#196,#225,.T.);
#223 = VERTEX_POINT('',#224);
#224 = CARTESIAN_POINT('',(-16.5,-14.19646533501,16.869994746779));
#225 = SURFACE_CURVE('',#226,(#231,#238),.PCURVE_S1.);
#226 = CIRCLE('',#227,3.5);
#227 = AXIS2_PLACEMENT_3D('',#228,#229,#230);
#228 = CARTESIAN_POINT('',(-16.5,-13.5,20.3));
#229 = DIRECTION('',(1.,0.,0.));
#230 = DIRECTION('',(0.,-1.,0.));
#231 = PCURVE('',#90,#232);
#232 = DEFINITIONAL_REPRESENTATION('',(#233),#237);
#233 = CIRCLE('',#234,3.5);
#234 = AXIS2_PLACEMENT_2D('',#235,#236);
#235 = CARTESIAN_POINT('',(5.,-5.));
#236 = DIRECTION('',(0.,1.));
#237 = ( GEOMETRIC_REPRESENTATION_CONTEXT(2) 
PARAMETRIC_REPRESENTATION_CONTEXT() REPRESENTATION_CONTEXT('2D SPACE',''
  ) );
#238 = PCURVE('',#239,#244);
#239 = CYLINDRICAL_SURFACE('',#240,3.5);
#240 = AXIS2_PLACEMENT_3D('',#241,#242,#243);
#241 = CARTESIAN_POINT('',(-16.6,-13.5,20.3));
#242 = DIRECTION('',(1.,0.,-0.));
#243 = DIRECTION('',(0.,-1.,0.));
#244 = DEFINITIONAL_REPRESENTATION('',(#245),#249);
#245 = LINE('',#246,#247);
#246 = CARTESIAN_POINT('',(0.,0.1));
#247 = VECTOR('',#248,1.);
#248 = DIRECTION('',(1.,0.));
#249 = ( GEOMETRIC_REPRESENTATION_CONTEXT(2) 
PARAMETRIC_REPRESENTATION_CONTEXT() REPRESENTATION_CONTEXT('2D SPACE',''
  ) );
#250 = ORIENTED_EDGE('',*,*,#251,.T.);
#251 = EDGE_CURVE('',#223,#252,#254,.T.);
#252 = VERTEX_POINT('',#253);
#253 = CARTESIAN_POINT('',(-16.5,-16.93000525322,19.603534664986));
#254 = SURFACE_CURVE('',#255,(#260,#267),.PCURVE_S1.);
#255 = CIRCLE('',#256,2.);
#256 = AXIS2_PLACEMENT_3D('',#257,#258,#259);
#257 = CARTESIAN_POINT('',(-16.5,-15.2,18.6));
#258 = DIRECTION('',(1.,-0.,2.22044604925E-16));
#259 = DIRECTION('',(2.22044604925E-16,0.,-1.));
#260 = PCURVE('',#90,#261);
#261 = DEFINITIONAL_REPRESENTATION('',(#262),#266);
#262 = CIRCLE('',#263,2.);
#263 = AXIS2_PLACEMENT_2D('',#264,#265);
#264 = CARTESIAN_POINT('',(3.3,-3.3));
#265 = DIRECTION('',(-1.,0.));
#266 = ( GEOMETRIC_REPRESENTATION_CONTEXT(2) 
PARAMETRIC_REPRESENTATION_CONTEXT() REPRESENTATION_CONTEXT('2D SPACE',''
  ) );
#267 = PCURVE('',#268,#273);
#268 = CYLINDRICAL_SURFACE('',#269,2.);
#269 = AXIS2_PLACEMENT_3D('',#270,#271,#272);
#270 = CARTESIAN_POINT('',(-16.5,-15.2,18.6));
#271 = DIRECTION('',(1.,0.,2.22044604925E-16));
#272 = DIRECTION('',(2.22044604925E-16,0.,-1.));
#273 = DEFINITIONAL_REPRESENTATION('',(#274),#278);
#274 = LINE('',#275,#276);
#275 = CARTESIAN_POINT('',(0.,0.));
#276 = VECTOR('',#277,1.);
#277 = DIRECTION('',(1.,0.));
#278 = ( GEOMETRIC_REPRESENTATION_CONTEXT(2) 
PARAMETRIC_REPRESENTATION_CONTEXT() REPRESENTATION_CONTEXT('2D SPACE',''
  ) );
#279 = ORIENTED_EDGE('',*,*,#280,.F.);
#280 = EDGE_CURVE('',#281,#252,#283,.T.);
#281 = VERTEX_POINT('',#282);
#282 = CARTESIAN_POINT('',(-16.5,-17.,20.3));
#283 = SURFACE_CURVE('',#284,(#289,#296),.PCURVE_S1.);
#284 = CIRCLE('',#285,3.5);
#285 = AXIS2_PLACEMENT_3D('',#286,#287,#288);
#286 = CARTESIAN_POINT('',(-16.5,-13.5,20.3));
#287 = DIRECTION('',(1.,0.,0.));
#288 = DIRECTION('',(0.,-1.,0.));
#289 = PCURVE('',#90,#290);
#290 = DEFINITIONAL_REPRESENTATION('',(#291),#295);
#291 = CIRCLE('',#292,3.5);
#292 = AXIS2_PLACEMENT_2D('',#293,#294);
#293 = CARTESIAN_POINT('',(5.,-5.));
#294 = DIRECTION('',(0.,1.));
#295 = ( GEOMETRIC_REPRESENTATION_CONTEXT(2) 
PARAMETRIC_REPRESENTATION_CONTEXT() REPRESENTATION_CONTEXT('2D SPACE',''
  ) );
#296 = PCURVE('',#239,#297);
#297 = DEFINITIONAL_REPRESENTATION('',(#298),#302);
#298 = LINE('',#299,#300);
#299 = CARTESIAN_POINT('',(0.,0.1));
#300 = VECTOR('',#301,1.);
#301 = DIRECTION('',(1.,0.));
#302 = ( GEOMETRIC_REPRESENTATION_CONTEXT(2) 
PARAMETRIC_REPRESENTATION_CONTEXT() REPRESENTATION_CONTEXT('2D SPACE',''
  ) );
#303 = ORIENTED_EDGE('',*,*,#304,.T.);
#304 = EDGE_CURVE('',#281,#305,#307,.T.);
#305 = VERTEX_POINT('',#306);
#306 = CARTESIAN_POINT('',(-16.5,-17.,52.3));
#307 = SURFACE_CURVE('',#308,(#312,#319),.PCURVE_S1.);
#308 = LINE('',#309,#310);
#309 = CARTESIAN_POINT('',(-16.5,-17.,16.05));
#310 = VECTOR('',#311,1.);
#311 = DIRECTION('',(0.,0.,1.));
#312 = PCURVE('',#90,#313);
#313 = DEFINITIONAL_REPRESENTATION('',(#314),#318);
#314 = LINE('',#315,#316);
#315 = CARTESIAN_POINT('',(0.75,-1.5));
#316 = VECTOR('',#317,1.);
#317 = DIRECTION('',(1.,0.));
#318 = ( GEOMETRIC_REPRESENTATION_CONTEXT(2) 
PARAMETRIC_REPRESENTATION_CONTEXT() REPRESENTATION_CONTEXT('2D SPACE',''
  ) );
#319 = PCURVE('',#320,#325);
#320 = PLANE('',#321);
#321 = AXIS2_PLACEMENT_3D('',#322,#323,#324);
#322 = CARTESIAN_POINT('',(-16.6,-17.,16.8));
#323 = DIRECTION('',(-0.,1.,0.));
#324 = DIRECTION('',(0.,0.,1.));
#325 = DEFINITIONAL_REPRESENTATION('',(#326),#329);
#326 = B_SPLINE_CURVE_WITH_KNOTS('',1,(#327,#328),.UNSPECIFIED.,.F.,.F.,
  (2,2),(4.25,36.25),.PIECEWISE_BEZIER_KNOTS.);
#327 = CARTESIAN_POINT('',(3.5,0.1));
#328 = CARTESIAN_POINT('',(35.5,0.1));
#329 = ( GEOMETRIC_REPRESENTATION_CONTEXT(2) 
PARAMETRIC_REPRESENTATION_CONTEXT() REPRESENTATION_CONTEXT('2D SPACE',''
  ) );
#330 = ORIENTED_EDGE('',*,*,#331,.F.);
#331 = EDGE_CURVE('',#332,#305,#334,.T.);
#332 = VERTEX_POINT('',#333);
#333 = CARTESIAN_POINT('',(-16.5,-16.93000525322,52.996465335014));
#334 = SURFACE_CURVE('',#335,(#340,#347),.PCURVE_S1.);
#335 = CIRCLE('',#336,3.5);
#336 = AXIS2_PLACEMENT_3D('',#337,#338,#339);
#337 = CARTESIAN_POINT('',(-16.5,-13.5,52.3));
#338 = DIRECTION('',(1.,0.,0.));
#339 = DIRECTION('',(0.,-1.,0.));
#340 = PCURVE('',#90,#341);
#341 = DEFINITIONAL_REPRESENTATION('',(#342),#346);
#342 = CIRCLE('',#343,3.5);
#343 = AXIS2_PLACEMENT_2D('',#344,#345);
#344 = CARTESIAN_POINT('',(37.,-5.));
#345 = DIRECTION('',(0.,1.));
#346 = ( GEOMETRIC_REPRESENTATION_CONTEXT(2) 
PARAMETRIC_REPRESENTATION_CONTEXT() REPRESENTATION_CONTEXT('2D SPACE',''
  ) );
#347 = PCURVE('',#348,#353);
#348 = CYLINDRICAL_SURFACE('',#349,3.5);
#349 = AXIS2_PLACEMENT_3D('',#350,#351,#352);
#350 = CARTESIAN_POINT('',(-16.6,-13.5,52.3));
#351 = DIRECTION('',(1.,0.,-0.));
#352 = DIRECTION('',(0.,-1.,0.));
#353 = DEFINITIONAL_REPRESENTATION('',(#354),#358);
#354 = LINE('',#355,#356);
#355 = CARTESIAN_POINT('',(-6.28318530718,0.1));
#356 = VECTOR('',#357,1.);
#357 = DIRECTION('',(1.,-0.));
#358 = ( GEOMETRIC_REPRESENTATION_CONTEXT(2) 
PARAMETRIC_REPRESENTATION_CONTEXT() REPRESENTATION_CONTEXT('2D SPACE',''
  ) );
#359 = ORIENTED_EDGE('',*,*,#360,.F.);
#360 = EDGE_CURVE('',#361,#332,#363,.T.);
#361 = VERTEX_POINT('',#362);
#362 = CARTESIAN_POINT('',(-16.5,-14.19646533501,55.730005253221));
#363 = SURFACE_CURVE('',#364,(#369,#380),.PCURVE_S1.);
#364 = CIRCLE('',#365,2.);
#365 = AXIS2_PLACEMENT_3D('',#366,#367,#368);
#366 = CARTESIAN_POINT('',(-16.5,-15.2,54.));
#367 = DIRECTION('',(-1.,0.,0.));
#368 = DIRECTION('',(0.,0.501767332493,0.86500262661));
#369 = PCURVE('',#90,#370);
#370 = DEFINITIONAL_REPRESENTATION('',(#371),#379);
#371 = ( BOUNDED_CURVE() B_SPLINE_CURVE(2,(#372,#373,#374,#375,#376,#377
,#378),.UNSPECIFIED.,.T.,.F.) B_SPLINE_CURVE_WITH_KNOTS((1,2,2,2,2,1),(
    -2.094395102393,0.,2.094395102393,4.188790204786,6.28318530718,
8.377580409573),.UNSPECIFIED.) CURVE() GEOMETRIC_REPRESENTATION_ITEM() 
RATIONAL_B_SPLINE_CURVE((1.,0.5,1.,0.5,1.,0.5,1.)) REPRESENTATION_ITEM(
  '') );
#372 = CARTESIAN_POINT('',(40.430005253221,-4.303534664986));
#373 = CARTESIAN_POINT('',(38.691832226309,-7.299991660925));
#374 = CARTESIAN_POINT('',(36.965910859934,-4.296461165477));
#375 = CARTESIAN_POINT('',(35.239989493558,-1.292930670029));
#376 = CARTESIAN_POINT('',(38.704083886845,-1.300004169537));
#377 = CARTESIAN_POINT('',(42.168178280133,-1.307077669046));
#378 = CARTESIAN_POINT('',(40.430005253221,-4.303534664986));
#379 = ( GEOMETRIC_REPRESENTATION_CONTEXT(2) 
PARAMETRIC_REPRESENTATION_CONTEXT() REPRESENTATION_CONTEXT('2D SPACE',''
  ) );
#380 = PCURVE('',#381,#386);
#381 = CYLINDRICAL_SURFACE('',#382,2.);
#382 = AXIS2_PLACEMENT_3D('',#383,#384,#385);
#383 = CARTESIAN_POINT('',(-16.5,-15.2,54.));
#384 = DIRECTION('',(1.,0.,2.22044604925E-16));
#385 = DIRECTION('',(2.22044604925E-16,0.,-1.));
#386 = DEFINITIONAL_REPRESENTATION('',(#387),#391);
#387 = LINE('',#388,#389);
#388 = CARTESIAN_POINT('',(8.899137240329,0.));
#389 = VECTOR('',#390,1.);
#390 = DIRECTION('',(-1.,-0.));
#391 = ( GEOMETRIC_REPRESENTATION_CONTEXT(2) 
PARAMETRIC_REPRESENTATION_CONTEXT() REPRESENTATION_CONTEXT('2D SPACE',''
  ) );
#392 = ORIENTED_EDGE('',*,*,#393,.F.);
#393 = EDGE_CURVE('',#394,#361,#396,.T.);
#394 = VERTEX_POINT('',#395);
#395 = CARTESIAN_POINT('',(-16.5,-13.5,55.8));
#396 = SURFACE_CURVE('',#397,(#402,#409),.PCURVE_S1.);
#397 = CIRCLE('',#398,3.5);
#398 = AXIS2_PLACEMENT_3D('',#399,#400,#401);
#399 = CARTESIAN_POINT('',(-16.5,-13.5,52.3));
#400 = DIRECTION('',(1.,0.,0.));
#401 = DIRECTION('',(0.,-1.,0.));
#402 = PCURVE('',#90,#403);
#403 = DEFINITIONAL_REPRESENTATION('',(#404),#408);
#404 = CIRCLE('',#405,3.5);
#405 = AXIS2_PLACEMENT_2D('',#406,#407);
#406 = CARTESIAN_POINT('',(37.,-5.));
#407 = DIRECTION('',(0.,1.));
#408 = ( GEOMETRIC_REPRESENTATION_CONTEXT(2) 
PARAMETRIC_REPRESENTATION_CONTEXT() REPRESENTATION_CONTEXT('2D SPACE',''
  ) );
#409 = PCURVE('',#348,#410);
#410 = DEFINITIONAL_REPRESENTATION('',(#411),#415);
#411 = LINE('',#412,#413);
#412 = CARTESIAN_POINT('',(-6.28318530718,0.1));
#413 = VECTOR('',#414,1.);
#414 = DIRECTION('',(1.,-0.));
#415 = ( GEOMETRIC_REPRESENTATION_CONTEXT(2) 
PARAMETRIC_REPRESENTATION_CONTEXT() REPRESENTATION_CONTEXT('2D SPACE',''
  ) );
#416 = ORIENTED_EDGE('',*,*,#417,.F.);
#417 = EDGE_CURVE('',#418,#394,#420,.T.);
#418 = VERTEX_POINT('',#419);
#419 = CARTESIAN_POINT('',(-16.5,13.5,55.8));
#420 = SURFACE_CURVE('',#421,(#425,#432),.PCURVE_S1.);
#421 = LINE('',#422,#423);
#422 = CARTESIAN_POINT('',(-16.5,-17.75,55.8));
#423 = VECTOR('',#424,1.);
#424 = DIRECTION('',(0.,-1.,0.));
#425 = PCURVE('',#90,#426);
#426 = DEFINITIONAL_REPRESENTATION('',(#427),#431);
#427 = LINE('',#428,#429);
#428 = CARTESIAN_POINT('',(40.5,-0.75));
#429 = VECTOR('',#430,1.);
#430 = DIRECTION('',(0.,1.));
#431 = ( GEOMETRIC_REPRESENTATION_CONTEXT(2) 
PARAMETRIC_REPRESENTATION_CONTEXT() REPRESENTATION_CONTEXT('2D SPACE',''
  ) );
#432 = PCURVE('',#433,#438);
#433 = PLANE('',#434);
#434 = AXIS2_PLACEMENT_3D('',#435,#436,#437);
#435 = CARTESIAN_POINT('',(-16.6,-17.,55.8));
#436 = DIRECTION('',(0.,0.,1.));
#437 = DIRECTION('',(1.,0.,-0.));
#438 = DEFINITIONAL_REPRESENTATION('',(#439),#442);
#439 = B_SPLINE_CURVE_WITH_KNOTS('',1,(#440,#441),.UNSPECIFIED.,.F.,.F.,
  (2,2),(-31.25,-4.25),.PIECEWISE_BEZIER_KNOTS.);
#440 = CARTESIAN_POINT('',(0.1,30.5));
#441 = CARTESIAN_POINT('',(0.1,3.5));
#442 = ( GEOMETRIC_REPRESENTATION_CONTEXT(2) 
PARAMETRIC_REPRESENTATION_CONTEXT() REPRESENTATION_CONTEXT('2D SPACE',''
  ) );
#443 = ORIENTED_EDGE('',*,*,#444,.F.);
#444 = EDGE_CURVE('',#445,#418,#447,.T.);
#445 = VERTEX_POINT('',#446);
#446 = CARTESIAN_POINT('',(-16.5,14.196465335014,55.730005253221));
#447 = SURFACE_CURVE('',#448,(#453,#460),.PCURVE_S1.);
#448 = CIRCLE('',#449,3.5);
#449 = AXIS2_PLACEMENT_3D('',#450,#451,#452);
#450 = CARTESIAN_POINT('',(-16.5,13.5,52.3));
#451 = DIRECTION('',(1.,0.,-0.));
#452 = DIRECTION('',(0.,1.,0.));
#453 = PCURVE('',#90,#454);
#454 = DEFINITIONAL_REPRESENTATION('',(#455),#459);
#455 = CIRCLE('',#456,3.5);
#456 = AXIS2_PLACEMENT_2D('',#457,#458);
#457 = CARTESIAN_POINT('',(37.,-32.));
#458 = DIRECTION('',(0.,-1.));
#459 = ( GEOMETRIC_REPRESENTATION_CONTEXT(2) 
PARAMETRIC_REPRESENTATION_CONTEXT() REPRESENTATION_CONTEXT('2D SPACE',''
  ) );
#460 = PCURVE('',#461,#466);
#461 = CYLINDRICAL_SURFACE('',#462,3.5);
#462 = AXIS2_PLACEMENT_3D('',#463,#464,#465);
#463 = CARTESIAN_POINT('',(-16.6,13.5,52.3));
#464 = DIRECTION('',(1.,0.,-0.));
#465 = DIRECTION('',(0.,1.,0.));
#466 = DEFINITIONAL_REPRESENTATION('',(#467),#471);
#467 = LINE('',#468,#469);
#468 = CARTESIAN_POINT('',(0.,0.1));
#469 = VECTOR('',#470,1.);
#470 = DIRECTION('',(1.,0.));
#471 = ( GEOMETRIC_REPRESENTATION_CONTEXT(2) 
PARAMETRIC_REPRESENTATION_CONTEXT() REPRESENTATION_CONTEXT('2D SPACE',''
  ) );
#472 = ORIENTED_EDGE('',*,*,#473,.F.);
#473 = EDGE_CURVE('',#474,#445,#476,.T.);
#474 = VERTEX_POINT('',#475);
#475 = CARTESIAN_POINT('',(-16.5,16.930005253221,52.996465335014));
#476 = SURFACE_CURVE('',#477,(#482,#493),.PCURVE_S1.);
#477 = CIRCLE('',#478,2.);
#478 = AXIS2_PLACEMENT_3D('',#479,#480,#481);
#479 = CARTESIAN_POINT('',(-16.5,15.2,54.));
#480 = DIRECTION('',(-1.,0.,0.));
#481 = DIRECTION('',(0.,0.86500262661,-0.501767332493));
#482 = PCURVE('',#90,#483);
#483 = DEFINITIONAL_REPRESENTATION('',(#484),#492);
#484 = ( BOUNDED_CURVE() B_SPLINE_CURVE(2,(#485,#486,#487,#488,#489,#490
,#491),.UNSPECIFIED.,.T.,.F.) B_SPLINE_CURVE_WITH_KNOTS((1,2,2,2,2,1),(
    -2.094395102393,0.,2.094395102393,4.188790204786,6.28318530718,
8.377580409573),.UNSPECIFIED.) CURVE() GEOMETRIC_REPRESENTATION_ITEM() 
RATIONAL_B_SPLINE_CURVE((1.,0.5,1.,0.5,1.,0.5,1.)) REPRESENTATION_ITEM(
  '') );
#485 = CARTESIAN_POINT('',(37.696465335014,-35.43000525322));
#486 = CARTESIAN_POINT('',(34.700008339075,-33.6918322263));
#487 = CARTESIAN_POINT('',(37.703538834523,-31.96591085993));
#488 = CARTESIAN_POINT('',(40.707069329972,-30.23998949355));
#489 = CARTESIAN_POINT('',(40.699995830463,-33.70408388684));
#490 = CARTESIAN_POINT('',(40.692922330954,-37.16817828013));
#491 = CARTESIAN_POINT('',(37.696465335014,-35.43000525322));
#492 = ( GEOMETRIC_REPRESENTATION_CONTEXT(2) 
PARAMETRIC_REPRESENTATION_CONTEXT() REPRESENTATION_CONTEXT('2D SPACE',''
  ) );
#493 = PCURVE('',#494,#499);
#494 = CYLINDRICAL_SURFACE('',#495,2.);
#495 = AXIS2_PLACEMENT_3D('',#496,#497,#498);
#496 = CARTESIAN_POINT('',(-16.5,15.2,54.));
#497 = DIRECTION('',(1.,0.,2.22044604925E-16));
#498 = DIRECTION('',(2.22044604925E-16,0.,-1.));
#499 = DEFINITIONAL_REPRESENTATION('',(#500),#504);
#500 = LINE('',#501,#502);
#501 = CARTESIAN_POINT('',(7.328340913534,0.));
#502 = VECTOR('',#503,1.);
#503 = DIRECTION('',(-1.,-0.));
#504 = ( GEOMETRIC_REPRESENTATION_CONTEXT(2) 
PARAMETRIC_REPRESENTATION_CONTEXT() REPRESENTATION_CONTEXT('2D SPACE',''
  ) );
#505 = ORIENTED_EDGE('',*,*,#506,.F.);
#506 = EDGE_CURVE('',#507,#474,#509,.T.);
#507 = VERTEX_POINT('',#508);
#508 = CARTESIAN_POINT('',(-16.5,17.,52.3));
#509 = SURFACE_CURVE('',#510,(#515,#522),.PCURVE_S1.);
#510 = CIRCLE('',#511,3.5);
#511 = AXIS2_PLACEMENT_3D('',#512,#513,#514);
#512 = CARTESIAN_POINT('',(-16.5,13.5,52.3));
#513 = DIRECTION('',(1.,0.,-0.));
#514 = DIRECTION('',(0.,1.,0.));
#515 = PCURVE('',#90,#516);
#516 = DEFINITIONAL_REPRESENTATION('',(#517),#521);
#517 = CIRCLE('',#518,3.5);
#518 = AXIS2_PLACEMENT_2D('',#519,#520);
#519 = CARTESIAN_POINT('',(37.,-32.));
#520 = DIRECTION('',(0.,-1.));
#521 = ( GEOMETRIC_REPRESENTATION_CONTEXT(2) 
PARAMETRIC_REPRESENTATION_CONTEXT() REPRESENTATION_CONTEXT('2D SPACE',''
  ) );
#522 = PCURVE('',#461,#523);
#523 = DEFINITIONAL_REPRESENTATION('',(#524),#528);
#524 = LINE('',#525,#526);
#525 = CARTESIAN_POINT('',(0.,0.1));
#526 = VECTOR('',#527,1.);
#527 = DIRECTION('',(1.,0.));
#528 = ( GEOMETRIC_REPRESENTATION_CONTEXT(2) 
PARAMETRIC_REPRESENTATION_CONTEXT() REPRESENTATION_CONTEXT('2D SPACE',''
  ) );
#529 = ORIENTED_EDGE('',*,*,#530,.F.);
#530 = EDGE_CURVE('',#531,#507,#533,.T.);
#531 = VERTEX_POINT('',#532);
#532 = CARTESIAN_POINT('',(-16.5,17.,20.3));
#533 = SURFACE_CURVE('',#534,(#538,#545),.PCURVE_S1.);
#534 = LINE('',#535,#536);
#535 = CARTESIAN_POINT('',(-16.5,17.,16.05));
#536 = VECTOR('',#537,1.);
#537 = DIRECTION('',(0.,0.,1.));
#538 = PCURVE('',#90,#539);
#539 = DEFINITIONAL_REPRESENTATION('',(#540),#544);
#540 = LINE('',#541,#542);
#541 = CARTESIAN_POINT('',(0.75,-35.5));
#542 = VECTOR('',#543,1.);
#543 = DIRECTION('',(1.,0.));
#544 = ( GEOMETRIC_REPRESENTATION_CONTEXT(2) 
PARAMETRIC_REPRESENTATION_CONTEXT() REPRESENTATION_CONTEXT('2D SPACE',''
  ) );
#545 = PCURVE('',#546,#551);
#546 = PLANE('',#547);
#547 = AXIS2_PLACEMENT_3D('',#548,#549,#550);
#548 = CARTESIAN_POINT('',(-16.6,17.,16.8));
#549 = DIRECTION('',(-0.,1.,0.));
#550 = DIRECTION('',(0.,0.,1.));
#551 = DEFINITIONAL_REPRESENTATION('',(#552),#555);
#552 = B_SPLINE_CURVE_WITH_KNOTS('',1,(#553,#554),.UNSPECIFIED.,.F.,.F.,
  (2,2),(4.25,36.25),.PIECEWISE_BEZIER_KNOTS.);
#553 = CARTESIAN_POINT('',(3.5,0.1));
#554 = CARTESIAN_POINT('',(35.5,0.1));
#555 = ( GEOMETRIC_REPRESENTATION_CONTEXT(2) 
PARAMETRIC_REPRESENTATION_CONTEXT() REPRESENTATION_CONTEXT('2D SPACE',''
  ) );
#556 = ORIENTED_EDGE('',*,*,#557,.F.);
#557 = EDGE_CURVE('',#558,#531,#560,.T.);
#558 = VERTEX_POINT('',#559);
#559 = CARTESIAN_POINT('',(-16.5,16.930005253221,19.603534664986));
#560 = SURFACE_CURVE('',#561,(#566,#573),.PCURVE_S1.);
#561 = CIRCLE('',#562,3.5);
#562 = AXIS2_PLACEMENT_3D('',#563,#564,#565);
#563 = CARTESIAN_POINT('',(-16.5,13.5,20.3));
#564 = DIRECTION('',(1.,0.,-0.));
#565 = DIRECTION('',(0.,1.,0.));
#566 = PCURVE('',#90,#567);
#567 = DEFINITIONAL_REPRESENTATION('',(#568),#572);
#568 = CIRCLE('',#569,3.5);
#569 = AXIS2_PLACEMENT_2D('',#570,#571);
#570 = CARTESIAN_POINT('',(5.,-32.));
#571 = DIRECTION('',(0.,-1.));
#572 = ( GEOMETRIC_REPRESENTATION_CONTEXT(2) 
PARAMETRIC_REPRESENTATION_CONTEXT() REPRESENTATION_CONTEXT('2D SPACE',''
  ) );
#573 = PCURVE('',#574,#579);
#574 = CYLINDRICAL_SURFACE('',#575,3.5);
#575 = AXIS2_PLACEMENT_3D('',#576,#577,#578);
#576 = CARTESIAN_POINT('',(-16.6,13.5,20.3));
#577 = DIRECTION('',(1.,0.,-0.));
#578 = DIRECTION('',(0.,1.,0.));
#579 = DEFINITIONAL_REPRESENTATION('',(#580),#584);
#580 = LINE('',#581,#582);
#581 = CARTESIAN_POINT('',(-6.28318530718,0.1));
#582 = VECTOR('',#583,1.);
#583 = DIRECTION('',(1.,-0.));
#584 = ( GEOMETRIC_REPRESENTATION_CONTEXT(2) 
PARAMETRIC_REPRESENTATION_CONTEXT() REPRESENTATION_CONTEXT('2D SPACE',''
  ) );
#585 = ORIENTED_EDGE('',*,*,#586,.T.);
#586 = EDGE_CURVE('',#558,#587,#589,.T.);
#587 = VERTEX_POINT('',#588);
#588 = CARTESIAN_POINT('',(-16.5,14.196465335014,16.869994746779));
#589 = SURFACE_CURVE('',#590,(#595,#602),.PCURVE_S1.);
#590 = CIRCLE('',#591,2.);
#591 = AXIS2_PLACEMENT_3D('',#592,#593,#594);
#592 = CARTESIAN_POINT('',(-16.5,15.2,18.6));
#593 = DIRECTION('',(1.,-0.,2.22044604925E-16));
#594 = DIRECTION('',(2.22044604925E-16,0.,-1.));
#595 = PCURVE('',#90,#596);
#596 = DEFINITIONAL_REPRESENTATION('',(#597),#601);
#597 = CIRCLE('',#598,2.);
#598 = AXIS2_PLACEMENT_2D('',#599,#600);
#599 = CARTESIAN_POINT('',(3.3,-33.7));
#600 = DIRECTION('',(-1.,0.));
#601 = ( GEOMETRIC_REPRESENTATION_CONTEXT(2) 
PARAMETRIC_REPRESENTATION_CONTEXT() REPRESENTATION_CONTEXT('2D SPACE',''
  ) );
#602 = PCURVE('',#603,#608);
#603 = CYLINDRICAL_SURFACE('',#604,2.);
#604 = AXIS2_PLACEMENT_3D('',#605,#606,#607);
#605 = CARTESIAN_POINT('',(-16.5,15.2,18.6));
#606 = DIRECTION('',(1.,0.,2.22044604925E-16));
#607 = DIRECTION('',(2.22044604925E-16,0.,-1.));
#608 = DEFINITIONAL_REPRESENTATION('',(#609),#613);
#609 = LINE('',#610,#611);
#610 = CARTESIAN_POINT('',(0.,0.));
#611 = VECTOR('',#612,1.);
#612 = DIRECTION('',(1.,0.));
#613 = ( GEOMETRIC_REPRESENTATION_CONTEXT(2) 
PARAMETRIC_REPRESENTATION_CONTEXT() REPRESENTATION_CONTEXT('2D SPACE',''
  ) );
#614 = ORIENTED_EDGE('',*,*,#615,.F.);
#615 = EDGE_CURVE('',#616,#587,#618,.T.);
#616 = VERTEX_POINT('',#617);
#617 = CARTESIAN_POINT('',(-16.5,13.5,16.8));
#618 = SURFACE_CURVE('',#619,(#624,#631),.PCURVE_S1.);
#619 = CIRCLE('',#620,3.5);
#620 = AXIS2_PLACEMENT_3D('',#621,#622,#623);
#621 = CARTESIAN_POINT('',(-16.5,13.5,20.3));
#622 = DIRECTION('',(1.,0.,-0.));
#623 = DIRECTION('',(0.,1.,0.));
#624 = PCURVE('',#90,#625);
#625 = DEFINITIONAL_REPRESENTATION('',(#626),#630);
#626 = CIRCLE('',#627,3.5);
#627 = AXIS2_PLACEMENT_2D('',#628,#629);
#628 = CARTESIAN_POINT('',(5.,-32.));
#629 = DIRECTION('',(0.,-1.));
#630 = ( GEOMETRIC_REPRESENTATION_CONTEXT(2) 
PARAMETRIC_REPRESENTATION_CONTEXT() REPRESENTATION_CONTEXT('2D SPACE',''
  ) );
#631 = PCURVE('',#574,#632);
#632 = DEFINITIONAL_REPRESENTATION('',(#633),#637);
#633 = LINE('',#634,#635);
#634 = CARTESIAN_POINT('',(-6.28318530718,0.1));
#635 = VECTOR('',#636,1.);
#636 = DIRECTION('',(1.,-0.));
#637 = ( GEOMETRIC_REPRESENTATION_CONTEXT(2) 
PARAMETRIC_REPRESENTATION_CONTEXT() REPRESENTATION_CONTEXT('2D SPACE',''
  ) );
#638 = ORIENTED_EDGE('',*,*,#639,.T.);
#639 = EDGE_CURVE('',#616,#640,#642,.T.);
#640 = VERTEX_POINT('',#641);
#641 = CARTESIAN_POINT('',(-16.5,4.7,16.8));
#642 = SURFACE_CURVE('',#643,(#647,#654),.PCURVE_S1.);
#643 = LINE('',#644,#645);
#644 = CARTESIAN_POINT('',(-16.5,-17.75,16.8));
#645 = VECTOR('',#646,1.);
#646 = DIRECTION('',(0.,-1.,0.));
#647 = PCURVE('',#90,#648);
#648 = DEFINITIONAL_REPRESENTATION('',(#649),#653);
#649 = LINE('',#650,#651);
#650 = CARTESIAN_POINT('',(1.5,-0.75));
#651 = VECTOR('',#652,1.);
#652 = DIRECTION('',(0.,1.));
#653 = ( GEOMETRIC_REPRESENTATION_CONTEXT(2) 
PARAMETRIC_REPRESENTATION_CONTEXT() REPRESENTATION_CONTEXT('2D SPACE',''
  ) );
#654 = PCURVE('',#211,#655);
#655 = DEFINITIONAL_REPRESENTATION('',(#656),#659);
#656 = B_SPLINE_CURVE_WITH_KNOTS('',1,(#657,#658),.UNSPECIFIED.,.F.,.F.,
  (2,2),(-31.25,-4.25),.PIECEWISE_BEZIER_KNOTS.);
#657 = CARTESIAN_POINT('',(0.1,30.5));
#658 = CARTESIAN_POINT('',(0.1,3.5));
#659 = ( GEOMETRIC_REPRESENTATION_CONTEXT(2) 
PARAMETRIC_REPRESENTATION_CONTEXT() REPRESENTATION_CONTEXT('2D SPACE',''
  ) );
#660 = ORIENTED_EDGE('',*,*,#661,.F.);
#661 = EDGE_CURVE('',#662,#640,#664,.T.);
#662 = VERTEX_POINT('',#663);
#663 = CARTESIAN_POINT('',(-16.5,4.7,15.8));
#664 = SURFACE_CURVE('',#665,(#669,#675),.PCURVE_S1.);
#665 = LINE('',#666,#667);
#666 = CARTESIAN_POINT('',(-16.5,4.7,15.25));
#667 = VECTOR('',#668,1.);
#668 = DIRECTION('',(0.,0.,1.));
#669 = PCURVE('',#90,#670);
#670 = DEFINITIONAL_REPRESENTATION('',(#671),#674);
#671 = B_SPLINE_CURVE_WITH_KNOTS('',1,(#672,#673),.UNSPECIFIED.,.F.,.F.,
  (2,2),(0.55,1.65),.PIECEWISE_BEZIER_KNOTS.);
#672 = CARTESIAN_POINT('',(0.5,-23.2));
#673 = CARTESIAN_POINT('',(1.6,-23.2));
#674 = ( GEOMETRIC_REPRESENTATION_CONTEXT(2) 
PARAMETRIC_REPRESENTATION_CONTEXT() REPRESENTATION_CONTEXT('2D SPACE',''
  ) );
#675 = PCURVE('',#676,#681);
#676 = PLANE('',#677);
#677 = AXIS2_PLACEMENT_3D('',#678,#679,#680);
#678 = CARTESIAN_POINT('',(-16.6,4.7,15.2));
#679 = DIRECTION('',(-0.,1.,0.));
#680 = DIRECTION('',(0.,0.,1.));
#681 = DEFINITIONAL_REPRESENTATION('',(#682),#685);
#682 = B_SPLINE_CURVE_WITH_KNOTS('',1,(#683,#684),.UNSPECIFIED.,.F.,.F.,
  (2,2),(0.55,1.65),.PIECEWISE_BEZIER_KNOTS.);
#683 = CARTESIAN_POINT('',(0.6,0.1));
#684 = CARTESIAN_POINT('',(1.7,0.1));
#685 = ( GEOMETRIC_REPRESENTATION_CONTEXT(2) 
PARAMETRIC_REPRESENTATION_CONTEXT() REPRESENTATION_CONTEXT('2D SPACE',''
  ) );
#686 = ORIENTED_EDGE('',*,*,#687,.F.);
#687 = EDGE_CURVE('',#688,#662,#690,.T.);
#688 = VERTEX_POINT('',#689);
#689 = CARTESIAN_POINT('',(-16.5,13.5,15.8));
#690 = SURFACE_CURVE('',#691,(#695,#702),.PCURVE_S1.);
#691 = LINE('',#692,#693);
#692 = CARTESIAN_POINT('',(-16.5,-18.25,15.8));
#693 = VECTOR('',#694,1.);
#694 = DIRECTION('',(0.,-1.,0.));
#695 = PCURVE('',#90,#696);
#696 = DEFINITIONAL_REPRESENTATION('',(#697),#701);
#697 = LINE('',#698,#699);
#698 = CARTESIAN_POINT('',(0.5,-0.25));
#699 = VECTOR('',#700,1.);
#700 = DIRECTION('',(0.,1.));
#701 = ( GEOMETRIC_REPRESENTATION_CONTEXT(2) 
PARAMETRIC_REPRESENTATION_CONTEXT() REPRESENTATION_CONTEXT('2D SPACE',''
  ) );
#702 = PCURVE('',#703,#708);
#703 = PLANE('',#704);
#704 = AXIS2_PLACEMENT_3D('',#705,#706,#707);
#705 = CARTESIAN_POINT('',(-16.7,-18.,15.8));
#706 = DIRECTION('',(0.,0.,1.));
#707 = DIRECTION('',(1.,0.,-0.));
#708 = DEFINITIONAL_REPRESENTATION('',(#709),#712);
#709 = B_SPLINE_CURVE_WITH_KNOTS('',1,(#710,#711),.UNSPECIFIED.,.F.,.F.,
  (2,2),(-31.75,-4.75),.PIECEWISE_BEZIER_KNOTS.);
#710 = CARTESIAN_POINT('',(0.2,31.5));
#711 = CARTESIAN_POINT('',(0.2,4.5));
#712 = ( GEOMETRIC_REPRESENTATION_CONTEXT(2) 
PARAMETRIC_REPRESENTATION_CONTEXT() REPRESENTATION_CONTEXT('2D SPACE',''
  ) );
#713 = ORIENTED_EDGE('',*,*,#714,.T.);
#714 = EDGE_CURVE('',#688,#715,#717,.T.);
#715 = VERTEX_POINT('',#716);
#716 = CARTESIAN_POINT('',(-16.5,18.,20.3));
#717 = SURFACE_CURVE('',#718,(#723,#730),.PCURVE_S1.);
#718 = CIRCLE('',#719,4.5);
#719 = AXIS2_PLACEMENT_3D('',#720,#721,#722);
#720 = CARTESIAN_POINT('',(-16.5,13.5,20.3));
#721 = DIRECTION('',(1.,0.,-0.));
#722 = DIRECTION('',(0.,1.,0.));
#723 = PCURVE('',#90,#724);
#724 = DEFINITIONAL_REPRESENTATION('',(#725),#729);
#725 = CIRCLE('',#726,4.5);
#726 = AXIS2_PLACEMENT_2D('',#727,#728);
#727 = CARTESIAN_POINT('',(5.,-32.));
#728 = DIRECTION('',(0.,-1.));
#729 = ( GEOMETRIC_REPRESENTATION_CONTEXT(2) 
PARAMETRIC_REPRESENTATION_CONTEXT() REPRESENTATION_CONTEXT('2D SPACE',''
  ) );
#730 = PCURVE('',#731,#736);
#731 = CYLINDRICAL_SURFACE('',#732,4.5);
#732 = AXIS2_PLACEMENT_3D('',#733,#734,#735);
#733 = CARTESIAN_POINT('',(-16.7,13.5,20.3));
#734 = DIRECTION('',(1.,0.,-0.));
#735 = DIRECTION('',(0.,1.,0.));
#736 = DEFINITIONAL_REPRESENTATION('',(#737),#741);
#737 = LINE('',#738,#739);
#738 = CARTESIAN_POINT('',(-6.28318530718,0.2));
#739 = VECTOR('',#740,1.);
#740 = DIRECTION('',(1.,-0.));
#741 = ( GEOMETRIC_REPRESENTATION_CONTEXT(2) 
PARAMETRIC_REPRESENTATION_CONTEXT() REPRESENTATION_CONTEXT('2D SPACE',''
  ) );
#742 = ORIENTED_EDGE('',*,*,#743,.T.);
#743 = EDGE_CURVE('',#715,#744,#746,.T.);
#744 = VERTEX_POINT('',#745);
#745 = CARTESIAN_POINT('',(-16.5,18.,52.3));
#746 = SURFACE_CURVE('',#747,(#751,#758),.PCURVE_S1.);
#747 = LINE('',#748,#749);
#748 = CARTESIAN_POINT('',(-16.5,18.,15.55));
#749 = VECTOR('',#750,1.);
#750 = DIRECTION('',(0.,0.,1.));
#751 = PCURVE('',#90,#752);
#752 = DEFINITIONAL_REPRESENTATION('',(#753),#757);
#753 = LINE('',#754,#755);
#754 = CARTESIAN_POINT('',(0.25,-36.5));
#755 = VECTOR('',#756,1.);
#756 = DIRECTION('',(1.,0.));
#757 = ( GEOMETRIC_REPRESENTATION_CONTEXT(2) 
PARAMETRIC_REPRESENTATION_CONTEXT() REPRESENTATION_CONTEXT('2D SPACE',''
  ) );
#758 = PCURVE('',#759,#764);
#759 = PLANE('',#760);
#760 = AXIS2_PLACEMENT_3D('',#761,#762,#763);
#761 = CARTESIAN_POINT('',(-16.7,18.,15.8));
#762 = DIRECTION('',(-0.,1.,0.));
#763 = DIRECTION('',(0.,0.,1.));
#764 = DEFINITIONAL_REPRESENTATION('',(#765),#768);
#765 = B_SPLINE_CURVE_WITH_KNOTS('',1,(#766,#767),.UNSPECIFIED.,.F.,.F.,
  (2,2),(4.75,36.75),.PIECEWISE_BEZIER_KNOTS.);
#766 = CARTESIAN_POINT('',(4.5,0.2));
#767 = CARTESIAN_POINT('',(36.5,0.2));
#768 = ( GEOMETRIC_REPRESENTATION_CONTEXT(2) 
PARAMETRIC_REPRESENTATION_CONTEXT() REPRESENTATION_CONTEXT('2D SPACE',''
  ) );
#769 = ORIENTED_EDGE('',*,*,#770,.T.);
#770 = EDGE_CURVE('',#744,#771,#773,.T.);
#771 = VERTEX_POINT('',#772);
#772 = CARTESIAN_POINT('',(-16.5,13.5,56.8));
#773 = SURFACE_CURVE('',#774,(#779,#786),.PCURVE_S1.);
#774 = CIRCLE('',#775,4.5);
#775 = AXIS2_PLACEMENT_3D('',#776,#777,#778);
#776 = CARTESIAN_POINT('',(-16.5,13.5,52.3));
#777 = DIRECTION('',(1.,0.,-0.));
#778 = DIRECTION('',(0.,1.,0.));
#779 = PCURVE('',#90,#780);
#780 = DEFINITIONAL_REPRESENTATION('',(#781),#785);
#781 = CIRCLE('',#782,4.5);
#782 = AXIS2_PLACEMENT_2D('',#783,#784);
#783 = CARTESIAN_POINT('',(37.,-32.));
#784 = DIRECTION('',(0.,-1.));
#785 = ( GEOMETRIC_REPRESENTATION_CONTEXT(2) 
PARAMETRIC_REPRESENTATION_CONTEXT() REPRESENTATION_CONTEXT('2D SPACE',''
  ) );
#786 = PCURVE('',#787,#792);
#787 = CYLINDRICAL_SURFACE('',#788,4.5);
#788 = AXIS2_PLACEMENT_3D('',#789,#790,#791);
#789 = CARTESIAN_POINT('',(-16.7,13.5,52.3));
#790 = DIRECTION('',(1.,0.,-0.));
#791 = DIRECTION('',(0.,1.,0.));
#792 = DEFINITIONAL_REPRESENTATION('',(#793),#797);
#793 = LINE('',#794,#795);
#794 = CARTESIAN_POINT('',(0.,0.2));
#795 = VECTOR('',#796,1.);
#796 = DIRECTION('',(1.,0.));
#797 = ( GEOMETRIC_REPRESENTATION_CONTEXT(2) 
PARAMETRIC_REPRESENTATION_CONTEXT() REPRESENTATION_CONTEXT('2D SPACE',''
  ) );
#798 = ORIENTED_EDGE('',*,*,#799,.T.);
#799 = EDGE_CURVE('',#771,#800,#802,.T.);
#800 = VERTEX_POINT('',#801);
#801 = CARTESIAN_POINT('',(-16.5,-13.5,56.8));
#802 = SURFACE_CURVE('',#803,(#807,#814),.PCURVE_S1.);
#803 = LINE('',#804,#805);
#804 = CARTESIAN_POINT('',(-16.5,-18.25,56.8));
#805 = VECTOR('',#806,1.);
#806 = DIRECTION('',(0.,-1.,0.));
#807 = PCURVE('',#90,#808);
#808 = DEFINITIONAL_REPRESENTATION('',(#809),#813);
#809 = LINE('',#810,#811);
#810 = CARTESIAN_POINT('',(41.5,-0.25));
#811 = VECTOR('',#812,1.);
#812 = DIRECTION('',(0.,1.));
#813 = ( GEOMETRIC_REPRESENTATION_CONTEXT(2) 
PARAMETRIC_REPRESENTATION_CONTEXT() REPRESENTATION_CONTEXT('2D SPACE',''
  ) );
#814 = PCURVE('',#815,#820);
#815 = PLANE('',#816);
#816 = AXIS2_PLACEMENT_3D('',#817,#818,#819);
#817 = CARTESIAN_POINT('',(-16.7,-18.,56.8));
#818 = DIRECTION('',(0.,0.,1.));
#819 = DIRECTION('',(1.,0.,-0.));
#820 = DEFINITIONAL_REPRESENTATION('',(#821),#824);
#821 = B_SPLINE_CURVE_WITH_KNOTS('',1,(#822,#823),.UNSPECIFIED.,.F.,.F.,
  (2,2),(-31.75,-4.75),.PIECEWISE_BEZIER_KNOTS.);
#822 = CARTESIAN_POINT('',(0.2,31.5));
#823 = CARTESIAN_POINT('',(0.2,4.5));
#824 = ( GEOMETRIC_REPRESENTATION_CONTEXT(2) 
PARAMETRIC_REPRESENTATION_CONTEXT() REPRESENTATION_CONTEXT('2D SPACE',''
  ) );
#825 = ORIENTED_EDGE('',*,*,#826,.T.);
#826 = EDGE_CURVE('',#800,#82,#827,.T.);
#827 = SURFACE_CURVE('',#828,(#833,#840),.PCURVE_S1.);
#828 = CIRCLE('',#829,4.5);
#829 = AXIS2_PLACEMENT_3D('',#830,#831,#832);
#830 = CARTESIAN_POINT('',(-16.5,-13.5,52.3));
#831 = DIRECTION('',(1.,0.,0.));
#832 = DIRECTION('',(0.,-1.,0.));
#833 = PCURVE('',#90,#834);
#834 = DEFINITIONAL_REPRESENTATION('',(#835),#839);
#835 = CIRCLE('',#836,4.5);
#836 = AXIS2_PLACEMENT_2D('',#837,#838);
#837 = CARTESIAN_POINT('',(37.,-5.));
#838 = DIRECTION('',(0.,1.));
#839 = ( GEOMETRIC_REPRESENTATION_CONTEXT(2) 
PARAMETRIC_REPRESENTATION_CONTEXT() REPRESENTATION_CONTEXT('2D SPACE',''
  ) );
#840 = PCURVE('',#841,#846);
#841 = CYLINDRICAL_SURFACE('',#842,4.5);
#842 = AXIS2_PLACEMENT_3D('',#843,#844,#845);
#843 = CARTESIAN_POINT('',(-16.7,-13.5,52.3));
#844 = DIRECTION('',(1.,0.,-0.));
#845 = DIRECTION('',(0.,-1.,0.));
#846 = DEFINITIONAL_REPRESENTATION('',(#847),#851);
#847 = LINE('',#848,#849);
#848 = CARTESIAN_POINT('',(-6.28318530718,0.2));
#849 = VECTOR('',#850,1.);
#850 = DIRECTION('',(1.,-0.));
#851 = ( GEOMETRIC_REPRESENTATION_CONTEXT(2) 
PARAMETRIC_REPRESENTATION_CONTEXT() REPRESENTATION_CONTEXT('2D SPACE',''
  ) );
#852 = FACE_BOUND('',#853,.F.);
#853 = EDGE_LOOP('',(#854));
#854 = ORIENTED_EDGE('',*,*,#855,.F.);
#855 = EDGE_CURVE('',#856,#856,#858,.T.);
#856 = VERTEX_POINT('',#857);
#857 = CARTESIAN_POINT('',(-16.5,15.2,17.8));
#858 = SURFACE_CURVE('',#859,(#864,#871),.PCURVE_S1.);
#859 = CIRCLE('',#860,0.8);
#860 = AXIS2_PLACEMENT_3D('',#861,#862,#863);
#861 = CARTESIAN_POINT('',(-16.5,15.2,18.6));
#862 = DIRECTION('',(1.,0.,2.22044604925E-16));
#863 = DIRECTION('',(2.22044604925E-16,0.,-1.));
#864 = PCURVE('',#90,#865);
#865 = DEFINITIONAL_REPRESENTATION('',(#866),#870);
#866 = CIRCLE('',#867,0.8);
#867 = AXIS2_PLACEMENT_2D('',#868,#869);
#868 = CARTESIAN_POINT('',(3.3,-33.7));
#869 = DIRECTION('',(-1.,0.));
#870 = ( GEOMETRIC_REPRESENTATION_CONTEXT(2) 
PARAMETRIC_REPRESENTATION_CONTEXT() REPRESENTATION_CONTEXT('2D SPACE',''
  ) );
#871 = PCURVE('',#872,#877);
#872 = CYLINDRICAL_SURFACE('',#873,0.8);
#873 = AXIS2_PLACEMENT_3D('',#874,#875,#876);
#874 = CARTESIAN_POINT('',(-16.6,15.2,18.6));
#875 = DIRECTION('',(1.,0.,2.22044604925E-16));
#876 = DIRECTION('',(2.22044604925E-16,0.,-1.));
#877 = DEFINITIONAL_REPRESENTATION('',(#878),#882);
#878 = LINE('',#879,#880);
#879 = CARTESIAN_POINT('',(0.,0.1));
#880 = VECTOR('',#881,1.);
#881 = DIRECTION('',(1.,0.));
#882 = ( GEOMETRIC_REPRESENTATION_CONTEXT(2) 
PARAMETRIC_REPRESENTATION_CONTEXT() REPRESENTATION_CONTEXT('2D SPACE',''
  ) );
#883 = FACE_BOUND('',#884,.F.);
#884 = EDGE_LOOP('',(#885));
#885 = ORIENTED_EDGE('',*,*,#886,.F.);
#886 = EDGE_CURVE('',#887,#887,#889,.T.);
#887 = VERTEX_POINT('',#888);
#888 = CARTESIAN_POINT('',(-16.5,15.2,53.2));
#889 = SURFACE_CURVE('',#890,(#895,#902),.PCURVE_S1.);
#890 = CIRCLE('',#891,0.8);
#891 = AXIS2_PLACEMENT_3D('',#892,#893,#894);
#892 = CARTESIAN_POINT('',(-16.5,15.2,54.));
#893 = DIRECTION('',(1.,0.,2.22044604925E-16));
#894 = DIRECTION('',(2.22044604925E-16,0.,-1.));
#895 = PCURVE('',#90,#896);
#896 = DEFINITIONAL_REPRESENTATION('',(#897),#901);
#897 = CIRCLE('',#898,0.8);
#898 = AXIS2_PLACEMENT_2D('',#899,#900);
#899 = CARTESIAN_POINT('',(38.7,-33.7));
#900 = DIRECTION('',(-1.,0.));
#901 = ( GEOMETRIC_REPRESENTATION_CONTEXT(2) 
PARAMETRIC_REPRESENTATION_CONTEXT() REPRESENTATION_CONTEXT('2D SPACE',''
  ) );
#902 = PCURVE('',#903,#908);
#903 = CYLINDRICAL_SURFACE('',#904,0.8);
#904 = AXIS2_PLACEMENT_3D('',#905,#906,#907);
#905 = CARTESIAN_POINT('',(-16.6,15.2,54.));
#906 = DIRECTION('',(1.,0.,2.22044604925E-16));
#907 = DIRECTION('',(2.22044604925E-16,0.,-1.));
#908 = DEFINITIONAL_REPRESENTATION('',(#909),#913);
#909 = LINE('',#910,#911);
#910 = CARTESIAN_POINT('',(0.,0.1));
#911 = VECTOR('',#912,1.);
#912 = DIRECTION('',(1.,0.));
#913 = ( GEOMETRIC_REPRESENTATION_CONTEXT(2) 
PARAMETRIC_REPRESENTATION_CONTEXT() REPRESENTATION_CONTEXT('2D SPACE',''
  ) );
#914 = FACE_BOUND('',#915,.F.);
#915 = EDGE_LOOP('',(#916));
#916 = ORIENTED_EDGE('',*,*,#917,.F.);
#917 = EDGE_CURVE('',#918,#918,#920,.T.);
#918 = VERTEX_POINT('',#919);
#919 = CARTESIAN_POINT('',(-16.5,-15.2,17.8));
#920 = SURFACE_CURVE('',#921,(#926,#933),.PCURVE_S1.);
#921 = CIRCLE('',#922,0.8);
#922 = AXIS2_PLACEMENT_3D('',#923,#924,#925);
#923 = CARTESIAN_POINT('',(-16.5,-15.2,18.6));
#924 = DIRECTION('',(1.,0.,2.22044604925E-16));
#925 = DIRECTION('',(2.22044604925E-16,0.,-1.));
#926 = PCURVE('',#90,#927);
#927 = DEFINITIONAL_REPRESENTATION('',(#928),#932);
#928 = CIRCLE('',#929,0.8);
#929 = AXIS2_PLACEMENT_2D('',#930,#931);
#930 = CARTESIAN_POINT('',(3.3,-3.3));
#931 = DIRECTION('',(-1.,0.));
#932 = ( GEOMETRIC_REPRESENTATION_CONTEXT(2) 
PARAMETRIC_REPRESENTATION_CONTEXT() REPRESENTATION_CONTEXT('2D SPACE',''
  ) );
#933 = PCURVE('',#934,#939);
#934 = CYLINDRICAL_SURFACE('',#935,0.8);
#935 = AXIS2_PLACEMENT_3D('',#936,#937,#938);
#936 = CARTESIAN_POINT('',(-16.6,-15.2,18.6));
#937 = DIRECTION('',(1.,0.,2.22044604925E-16));
#938 = DIRECTION('',(2.22044604925E-16,0.,-1.));
#939 = DEFINITIONAL_REPRESENTATION('',(#940),#944);
#940 = LINE('',#941,#942);
#941 = CARTESIAN_POINT('',(0.,0.1));
#942 = VECTOR('',#943,1.);
#943 = DIRECTION('',(1.,0.));
#944 = ( GEOMETRIC_REPRESENTATION_CONTEXT(2) 
PARAMETRIC_REPRESENTATION_CONTEXT() REPRESENTATION_CONTEXT('2D SPACE',''
  ) );
#945 = FACE_BOUND('',#946,.F.);
#946 = EDGE_LOOP('',(#947));
#947 = ORIENTED_EDGE('',*,*,#948,.F.);
#948 = EDGE_CURVE('',#949,#949,#951,.T.);
#949 = VERTEX_POINT('',#950);
#950 = CARTESIAN_POINT('',(-16.5,-15.2,53.2));
#951 = SURFACE_CURVE('',#952,(#957,#964),.PCURVE_S1.);
#952 = CIRCLE('',#953,0.8);
#953 = AXIS2_PLACEMENT_3D('',#954,#955,#956);
#954 = CARTESIAN_POINT('',(-16.5,-15.2,54.));
#955 = DIRECTION('',(1.,0.,2.22044604925E-16));
#956 = DIRECTION('',(2.22044604925E-16,0.,-1.));
#957 = PCURVE('',#90,#958);
#958 = DEFINITIONAL_REPRESENTATION('',(#959),#963);
#959 = CIRCLE('',#960,0.8);
#960 = AXIS2_PLACEMENT_2D('',#961,#962);
#961 = CARTESIAN_POINT('',(38.7,-3.3));
#962 = DIRECTION('',(-1.,0.));
#963 = ( GEOMETRIC_REPRESENTATION_CONTEXT(2) 
PARAMETRIC_REPRESENTATION_CONTEXT() REPRESENTATION_CONTEXT('2D SPACE',''
  ) );
#964 = PCURVE('',#965,#970);
#965 = CYLINDRICAL_SURFACE('',#966,0.8);
#966 = AXIS2_PLACEMENT_3D('',#967,#968,#969);
#967 = CARTESIAN_POINT('',(-16.6,-15.2,54.));
#968 = DIRECTION('',(1.,0.,2.22044604925E-16));
#969 = DIRECTION('',(2.22044604925E-16,0.,-1.));
#970 = DEFINITIONAL_REPRESENTATION('',(#971),#975);
#971 = LINE('',#972,#973);
#972 = CARTESIAN_POINT('',(0.,0.1));
#973 = VECTOR('',#974,1.);
#974 = DIRECTION('',(1.,0.));
#975 = ( GEOMETRIC_REPRESENTATION_CONTEXT(2) 
PARAMETRIC_REPRESENTATION_CONTEXT() REPRESENTATION_CONTEXT('2D SPACE',''
  ) );
#976 = ADVANCED_FACE('',(#977),#102,.F.);
#977 = FACE_BOUND('',#978,.F.);
#978 = EDGE_LOOP('',(#979,#1007,#1028,#1029));
#979 = ORIENTED_EDGE('',*,*,#980,.F.);
#980 = EDGE_CURVE('',#981,#983,#985,.T.);
#981 = VERTEX_POINT('',#982);
#982 = CARTESIAN_POINT('',(-16.,-18.,20.3));
#983 = VERTEX_POINT('',#984);
#984 = CARTESIAN_POINT('',(-16.,-18.,52.3));
#985 = SURFACE_CURVE('',#986,(#990,#996),.PCURVE_S1.);
#986 = LINE('',#987,#988);
#987 = CARTESIAN_POINT('',(-16.,-18.,15.05));
#988 = VECTOR('',#989,1.);
#989 = DIRECTION('',(0.,0.,1.));
#990 = PCURVE('',#102,#991);
#991 = DEFINITIONAL_REPRESENTATION('',(#992),#995);
#992 = B_SPLINE_CURVE_WITH_KNOTS('',1,(#993,#994),.UNSPECIFIED.,.F.,.F.,
  (2,2),(5.25,37.25),.PIECEWISE_BEZIER_KNOTS.);
#993 = CARTESIAN_POINT('',(4.5,0.7));
#994 = CARTESIAN_POINT('',(36.5,0.7));
#995 = ( GEOMETRIC_REPRESENTATION_CONTEXT(2) 
PARAMETRIC_REPRESENTATION_CONTEXT() REPRESENTATION_CONTEXT('2D SPACE',''
  ) );
#996 = PCURVE('',#997,#1002);
#997 = PLANE('',#998);
#998 = AXIS2_PLACEMENT_3D('',#999,#1000,#1001);
#999 = CARTESIAN_POINT('',(-16.,-19.5,14.3));
#1000 = DIRECTION('',(1.,0.,-0.));
#1001 = DIRECTION('',(0.,0.,1.));
#1002 = DEFINITIONAL_REPRESENTATION('',(#1003),#1006);
#1003 = B_SPLINE_CURVE_WITH_KNOTS('',1,(#1004,#1005),.UNSPECIFIED.,.F.,
  .F.,(2,2),(5.25,37.25),.PIECEWISE_BEZIER_KNOTS.);
#1004 = CARTESIAN_POINT('',(6.,-1.5));
#1005 = CARTESIAN_POINT('',(38.,-1.5));
#1006 = ( GEOMETRIC_REPRESENTATION_CONTEXT(2) 
PARAMETRIC_REPRESENTATION_CONTEXT() REPRESENTATION_CONTEXT('2D SPACE',''
  ) );
#1007 = ORIENTED_EDGE('',*,*,#1008,.F.);
#1008 = EDGE_CURVE('',#80,#981,#1009,.T.);
#1009 = SURFACE_CURVE('',#1010,(#1014,#1021),.PCURVE_S1.);
#1010 = LINE('',#1011,#1012);
#1011 = CARTESIAN_POINT('',(-16.7,-18.,20.3));
#1012 = VECTOR('',#1013,1.);
#1013 = DIRECTION('',(1.,0.,-0.));
#1014 = PCURVE('',#102,#1015);
#1015 = DEFINITIONAL_REPRESENTATION('',(#1016),#1020);
#1016 = LINE('',#1017,#1018);
#1017 = CARTESIAN_POINT('',(4.5,0.));
#1018 = VECTOR('',#1019,1.);
#1019 = DIRECTION('',(0.,1.));
#1020 = ( GEOMETRIC_REPRESENTATION_CONTEXT(2) 
PARAMETRIC_REPRESENTATION_CONTEXT() REPRESENTATION_CONTEXT('2D SPACE',''
  ) );
#1021 = PCURVE('',#130,#1022);
#1022 = DEFINITIONAL_REPRESENTATION('',(#1023),#1027);
#1023 = LINE('',#1024,#1025);
#1024 = CARTESIAN_POINT('',(0.,0.));
#1025 = VECTOR('',#1026,1.);
#1026 = DIRECTION('',(0.,1.));
#1027 = ( GEOMETRIC_REPRESENTATION_CONTEXT(2) 
PARAMETRIC_REPRESENTATION_CONTEXT() REPRESENTATION_CONTEXT('2D SPACE',''
  ) );
#1028 = ORIENTED_EDGE('',*,*,#79,.T.);
#1029 = ORIENTED_EDGE('',*,*,#1030,.T.);
#1030 = EDGE_CURVE('',#82,#983,#1031,.T.);
#1031 = SURFACE_CURVE('',#1032,(#1036,#1043),.PCURVE_S1.);
#1032 = LINE('',#1033,#1034);
#1033 = CARTESIAN_POINT('',(-16.7,-18.,52.3));
#1034 = VECTOR('',#1035,1.);
#1035 = DIRECTION('',(1.,0.,-0.));
#1036 = PCURVE('',#102,#1037);
#1037 = DEFINITIONAL_REPRESENTATION('',(#1038),#1042);
#1038 = LINE('',#1039,#1040);
#1039 = CARTESIAN_POINT('',(36.5,0.));
#1040 = VECTOR('',#1041,1.);
#1041 = DIRECTION('',(0.,1.));
#1042 = ( GEOMETRIC_REPRESENTATION_CONTEXT(2) 
PARAMETRIC_REPRESENTATION_CONTEXT() REPRESENTATION_CONTEXT('2D SPACE',''
  ) );
#1043 = PCURVE('',#841,#1044);
#1044 = DEFINITIONAL_REPRESENTATION('',(#1045),#1049);
#1045 = LINE('',#1046,#1047);
#1046 = CARTESIAN_POINT('',(-0.,0.));
#1047 = VECTOR('',#1048,1.);
#1048 = DIRECTION('',(-0.,1.));
#1049 = ( GEOMETRIC_REPRESENTATION_CONTEXT(2) 
PARAMETRIC_REPRESENTATION_CONTEXT() REPRESENTATION_CONTEXT('2D SPACE',''
  ) );
#1050 = ADVANCED_FACE('',(#1051),#841,.T.);
#1051 = FACE_BOUND('',#1052,.F.);
#1052 = EDGE_LOOP('',(#1053,#1054,#1055,#1078));
#1053 = ORIENTED_EDGE('',*,*,#1030,.F.);
#1054 = ORIENTED_EDGE('',*,*,#826,.F.);
#1055 = ORIENTED_EDGE('',*,*,#1056,.T.);
#1056 = EDGE_CURVE('',#800,#1057,#1059,.T.);
#1057 = VERTEX_POINT('',#1058);
#1058 = CARTESIAN_POINT('',(-16.,-13.5,56.8));
#1059 = SURFACE_CURVE('',#1060,(#1064,#1071),.PCURVE_S1.);
#1060 = LINE('',#1061,#1062);
#1061 = CARTESIAN_POINT('',(-16.7,-13.5,56.8));
#1062 = VECTOR('',#1063,1.);
#1063 = DIRECTION('',(1.,0.,-0.));
#1064 = PCURVE('',#841,#1065);
#1065 = DEFINITIONAL_REPRESENTATION('',(#1066),#1070);
#1066 = LINE('',#1067,#1068);
#1067 = CARTESIAN_POINT('',(-1.570796326795,0.));
#1068 = VECTOR('',#1069,1.);
#1069 = DIRECTION('',(-0.,1.));
#1070 = ( GEOMETRIC_REPRESENTATION_CONTEXT(2) 
PARAMETRIC_REPRESENTATION_CONTEXT() REPRESENTATION_CONTEXT('2D SPACE',''
  ) );
#1071 = PCURVE('',#815,#1072);
#1072 = DEFINITIONAL_REPRESENTATION('',(#1073),#1077);
#1073 = LINE('',#1074,#1075);
#1074 = CARTESIAN_POINT('',(0.,4.5));
#1075 = VECTOR('',#1076,1.);
#1076 = DIRECTION('',(1.,0.));
#1077 = ( GEOMETRIC_REPRESENTATION_CONTEXT(2) 
PARAMETRIC_REPRESENTATION_CONTEXT() REPRESENTATION_CONTEXT('2D SPACE',''
  ) );
#1078 = ORIENTED_EDGE('',*,*,#1079,.T.);
#1079 = EDGE_CURVE('',#1057,#983,#1080,.T.);
#1080 = SURFACE_CURVE('',#1081,(#1086,#1093),.PCURVE_S1.);
#1081 = CIRCLE('',#1082,4.5);
#1082 = AXIS2_PLACEMENT_3D('',#1083,#1084,#1085);
#1083 = CARTESIAN_POINT('',(-16.,-13.5,52.3));
#1084 = DIRECTION('',(1.,0.,0.));
#1085 = DIRECTION('',(0.,-1.,0.));
#1086 = PCURVE('',#841,#1087);
#1087 = DEFINITIONAL_REPRESENTATION('',(#1088),#1092);
#1088 = LINE('',#1089,#1090);
#1089 = CARTESIAN_POINT('',(-6.28318530718,0.7));
#1090 = VECTOR('',#1091,1.);
#1091 = DIRECTION('',(1.,-0.));
#1092 = ( GEOMETRIC_REPRESENTATION_CONTEXT(2) 
PARAMETRIC_REPRESENTATION_CONTEXT() REPRESENTATION_CONTEXT('2D SPACE',''
  ) );
#1093 = PCURVE('',#997,#1094);
#1094 = DEFINITIONAL_REPRESENTATION('',(#1095),#1099);
#1095 = CIRCLE('',#1096,4.5);
#1096 = AXIS2_PLACEMENT_2D('',#1097,#1098);
#1097 = CARTESIAN_POINT('',(38.,-6.));
#1098 = DIRECTION('',(0.,1.));
#1099 = ( GEOMETRIC_REPRESENTATION_CONTEXT(2) 
PARAMETRIC_REPRESENTATION_CONTEXT() REPRESENTATION_CONTEXT('2D SPACE',''
  ) );
#1100 = ADVANCED_FACE('',(#1101),#815,.T.);
#1101 = FACE_BOUND('',#1102,.T.);
#1102 = EDGE_LOOP('',(#1103,#1126,#1127,#1128));
#1103 = ORIENTED_EDGE('',*,*,#1104,.F.);
#1104 = EDGE_CURVE('',#771,#1105,#1107,.T.);
#1105 = VERTEX_POINT('',#1106);
#1106 = CARTESIAN_POINT('',(-16.,13.5,56.8));
#1107 = SURFACE_CURVE('',#1108,(#1112,#1119),.PCURVE_S1.);
#1108 = LINE('',#1109,#1110);
#1109 = CARTESIAN_POINT('',(-16.7,13.5,56.8));
#1110 = VECTOR('',#1111,1.);
#1111 = DIRECTION('',(1.,0.,-0.));
#1112 = PCURVE('',#815,#1113);
#1113 = DEFINITIONAL_REPRESENTATION('',(#1114),#1118);
#1114 = LINE('',#1115,#1116);
#1115 = CARTESIAN_POINT('',(0.,31.5));
#1116 = VECTOR('',#1117,1.);
#1117 = DIRECTION('',(1.,0.));
#1118 = ( GEOMETRIC_REPRESENTATION_CONTEXT(2) 
PARAMETRIC_REPRESENTATION_CONTEXT() REPRESENTATION_CONTEXT('2D SPACE',''
  ) );
#1119 = PCURVE('',#787,#1120);
#1120 = DEFINITIONAL_REPRESENTATION('',(#1121),#1125);
#1121 = LINE('',#1122,#1123);
#1122 = CARTESIAN_POINT('',(1.570796326795,0.));
#1123 = VECTOR('',#1124,1.);
#1124 = DIRECTION('',(0.,1.));
#1125 = ( GEOMETRIC_REPRESENTATION_CONTEXT(2) 
PARAMETRIC_REPRESENTATION_CONTEXT() REPRESENTATION_CONTEXT('2D SPACE',''
  ) );
#1126 = ORIENTED_EDGE('',*,*,#799,.T.);
#1127 = ORIENTED_EDGE('',*,*,#1056,.T.);
#1128 = ORIENTED_EDGE('',*,*,#1129,.F.);
#1129 = EDGE_CURVE('',#1105,#1057,#1130,.T.);
#1130 = SURFACE_CURVE('',#1131,(#1135,#1141),.PCURVE_S1.);
#1131 = LINE('',#1132,#1133);
#1132 = CARTESIAN_POINT('',(-16.,-18.75,56.8));
#1133 = VECTOR('',#1134,1.);
#1134 = DIRECTION('',(0.,-1.,0.));
#1135 = PCURVE('',#815,#1136);
#1136 = DEFINITIONAL_REPRESENTATION('',(#1137),#1140);
#1137 = B_SPLINE_CURVE_WITH_KNOTS('',1,(#1138,#1139),.UNSPECIFIED.,.F.,
  .F.,(2,2),(-32.25,-5.25),.PIECEWISE_BEZIER_KNOTS.);
#1138 = CARTESIAN_POINT('',(0.7,31.5));
#1139 = CARTESIAN_POINT('',(0.7,4.5));
#1140 = ( GEOMETRIC_REPRESENTATION_CONTEXT(2) 
PARAMETRIC_REPRESENTATION_CONTEXT() REPRESENTATION_CONTEXT('2D SPACE',''
  ) );
#1141 = PCURVE('',#997,#1142);
#1142 = DEFINITIONAL_REPRESENTATION('',(#1143),#1146);
#1143 = B_SPLINE_CURVE_WITH_KNOTS('',1,(#1144,#1145),.UNSPECIFIED.,.F.,
  .F.,(2,2),(-32.25,-5.25),.PIECEWISE_BEZIER_KNOTS.);
#1144 = CARTESIAN_POINT('',(42.5,-33.));
#1145 = CARTESIAN_POINT('',(42.5,-6.));
#1146 = ( GEOMETRIC_REPRESENTATION_CONTEXT(2) 
PARAMETRIC_REPRESENTATION_CONTEXT() REPRESENTATION_CONTEXT('2D SPACE',''
  ) );
#1147 = ADVANCED_FACE('',(#1148),#787,.T.);
#1148 = FACE_BOUND('',#1149,.T.);
#1149 = EDGE_LOOP('',(#1150,#1173,#1174,#1175));
#1150 = ORIENTED_EDGE('',*,*,#1151,.F.);
#1151 = EDGE_CURVE('',#744,#1152,#1154,.T.);
#1152 = VERTEX_POINT('',#1153);
#1153 = CARTESIAN_POINT('',(-16.,18.,52.3));
#1154 = SURFACE_CURVE('',#1155,(#1159,#1166),.PCURVE_S1.);
#1155 = LINE('',#1156,#1157);
#1156 = CARTESIAN_POINT('',(-16.7,18.,52.3));
#1157 = VECTOR('',#1158,1.);
#1158 = DIRECTION('',(1.,0.,-0.));
#1159 = PCURVE('',#787,#1160);
#1160 = DEFINITIONAL_REPRESENTATION('',(#1161),#1165);
#1161 = LINE('',#1162,#1163);
#1162 = CARTESIAN_POINT('',(0.,0.));
#1163 = VECTOR('',#1164,1.);
#1164 = DIRECTION('',(0.,1.));
#1165 = ( GEOMETRIC_REPRESENTATION_CONTEXT(2) 
PARAMETRIC_REPRESENTATION_CONTEXT() REPRESENTATION_CONTEXT('2D SPACE',''
  ) );
#1166 = PCURVE('',#759,#1167);
#1167 = DEFINITIONAL_REPRESENTATION('',(#1168),#1172);
#1168 = LINE('',#1169,#1170);
#1169 = CARTESIAN_POINT('',(36.5,0.));
#1170 = VECTOR('',#1171,1.);
#1171 = DIRECTION('',(0.,1.));
#1172 = ( GEOMETRIC_REPRESENTATION_CONTEXT(2) 
PARAMETRIC_REPRESENTATION_CONTEXT() REPRESENTATION_CONTEXT('2D SPACE',''
  ) );
#1173 = ORIENTED_EDGE('',*,*,#770,.T.);
#1174 = ORIENTED_EDGE('',*,*,#1104,.T.);
#1175 = ORIENTED_EDGE('',*,*,#1176,.F.);
#1176 = EDGE_CURVE('',#1152,#1105,#1177,.T.);
#1177 = SURFACE_CURVE('',#1178,(#1183,#1190),.PCURVE_S1.);
#1178 = CIRCLE('',#1179,4.5);
#1179 = AXIS2_PLACEMENT_3D('',#1180,#1181,#1182);
#1180 = CARTESIAN_POINT('',(-16.,13.5,52.3));
#1181 = DIRECTION('',(1.,0.,-0.));
#1182 = DIRECTION('',(0.,1.,0.));
#1183 = PCURVE('',#787,#1184);
#1184 = DEFINITIONAL_REPRESENTATION('',(#1185),#1189);
#1185 = LINE('',#1186,#1187);
#1186 = CARTESIAN_POINT('',(0.,0.7));
#1187 = VECTOR('',#1188,1.);
#1188 = DIRECTION('',(1.,0.));
#1189 = ( GEOMETRIC_REPRESENTATION_CONTEXT(2) 
PARAMETRIC_REPRESENTATION_CONTEXT() REPRESENTATION_CONTEXT('2D SPACE',''
  ) );
#1190 = PCURVE('',#997,#1191);
#1191 = DEFINITIONAL_REPRESENTATION('',(#1192),#1196);
#1192 = CIRCLE('',#1193,4.5);
#1193 = AXIS2_PLACEMENT_2D('',#1194,#1195);
#1194 = CARTESIAN_POINT('',(38.,-33.));
#1195 = DIRECTION('',(0.,-1.));
#1196 = ( GEOMETRIC_REPRESENTATION_CONTEXT(2) 
PARAMETRIC_REPRESENTATION_CONTEXT() REPRESENTATION_CONTEXT('2D SPACE',''
  ) );
#1197 = ADVANCED_FACE('',(#1198),#759,.T.);
#1198 = FACE_BOUND('',#1199,.T.);
#1199 = EDGE_LOOP('',(#1200,#1221,#1242,#1243));
#1200 = ORIENTED_EDGE('',*,*,#1201,.F.);
#1201 = EDGE_CURVE('',#1202,#1152,#1204,.T.);
#1202 = VERTEX_POINT('',#1203);
#1203 = CARTESIAN_POINT('',(-16.,18.,20.3));
#1204 = SURFACE_CURVE('',#1205,(#1209,#1215),.PCURVE_S1.);
#1205 = LINE('',#1206,#1207);
#1206 = CARTESIAN_POINT('',(-16.,18.,15.05));
#1207 = VECTOR('',#1208,1.);
#1208 = DIRECTION('',(0.,0.,1.));
#1209 = PCURVE('',#759,#1210);
#1210 = DEFINITIONAL_REPRESENTATION('',(#1211),#1214);
#1211 = B_SPLINE_CURVE_WITH_KNOTS('',1,(#1212,#1213),.UNSPECIFIED.,.F.,
  .F.,(2,2),(5.25,37.25),.PIECEWISE_BEZIER_KNOTS.);
#1212 = CARTESIAN_POINT('',(4.5,0.7));
#1213 = CARTESIAN_POINT('',(36.5,0.7));
#1214 = ( GEOMETRIC_REPRESENTATION_CONTEXT(2) 
PARAMETRIC_REPRESENTATION_CONTEXT() REPRESENTATION_CONTEXT('2D SPACE',''
  ) );
#1215 = PCURVE('',#997,#1216);
#1216 = DEFINITIONAL_REPRESENTATION('',(#1217),#1220);
#1217 = B_SPLINE_CURVE_WITH_KNOTS('',1,(#1218,#1219),.UNSPECIFIED.,.F.,
  .F.,(2,2),(5.25,37.25),.PIECEWISE_BEZIER_KNOTS.);
#1218 = CARTESIAN_POINT('',(6.,-37.5));
#1219 = CARTESIAN_POINT('',(38.,-37.5));
#1220 = ( GEOMETRIC_REPRESENTATION_CONTEXT(2) 
PARAMETRIC_REPRESENTATION_CONTEXT() REPRESENTATION_CONTEXT('2D SPACE',''
  ) );
#1221 = ORIENTED_EDGE('',*,*,#1222,.F.);
#1222 = EDGE_CURVE('',#715,#1202,#1223,.T.);
#1223 = SURFACE_CURVE('',#1224,(#1228,#1235),.PCURVE_S1.);
#1224 = LINE('',#1225,#1226);
#1225 = CARTESIAN_POINT('',(-16.7,18.,20.3));
#1226 = VECTOR('',#1227,1.);
#1227 = DIRECTION('',(1.,0.,-0.));
#1228 = PCURVE('',#759,#1229);
#1229 = DEFINITIONAL_REPRESENTATION('',(#1230),#1234);
#1230 = LINE('',#1231,#1232);
#1231 = CARTESIAN_POINT('',(4.5,0.));
#1232 = VECTOR('',#1233,1.);
#1233 = DIRECTION('',(0.,1.));
#1234 = ( GEOMETRIC_REPRESENTATION_CONTEXT(2) 
PARAMETRIC_REPRESENTATION_CONTEXT() REPRESENTATION_CONTEXT('2D SPACE',''
  ) );
#1235 = PCURVE('',#731,#1236);
#1236 = DEFINITIONAL_REPRESENTATION('',(#1237),#1241);
#1237 = LINE('',#1238,#1239);
#1238 = CARTESIAN_POINT('',(-0.,0.));
#1239 = VECTOR('',#1240,1.);
#1240 = DIRECTION('',(-0.,1.));
#1241 = ( GEOMETRIC_REPRESENTATION_CONTEXT(2) 
PARAMETRIC_REPRESENTATION_CONTEXT() REPRESENTATION_CONTEXT('2D SPACE',''
  ) );
#1242 = ORIENTED_EDGE('',*,*,#743,.T.);
#1243 = ORIENTED_EDGE('',*,*,#1151,.T.);
#1244 = ADVANCED_FACE('',(#1245),#731,.T.);
#1245 = FACE_BOUND('',#1246,.F.);
#1246 = EDGE_LOOP('',(#1247,#1248,#1249,#1272));
#1247 = ORIENTED_EDGE('',*,*,#1222,.F.);
#1248 = ORIENTED_EDGE('',*,*,#714,.F.);
#1249 = ORIENTED_EDGE('',*,*,#1250,.T.);
#1250 = EDGE_CURVE('',#688,#1251,#1253,.T.);
#1251 = VERTEX_POINT('',#1252);
#1252 = CARTESIAN_POINT('',(-16.,13.5,15.8));
#1253 = SURFACE_CURVE('',#1254,(#1258,#1265),.PCURVE_S1.);
#1254 = LINE('',#1255,#1256);
#1255 = CARTESIAN_POINT('',(-16.7,13.5,15.8));
#1256 = VECTOR('',#1257,1.);
#1257 = DIRECTION('',(1.,0.,-0.));
#1258 = PCURVE('',#731,#1259);
#1259 = DEFINITIONAL_REPRESENTATION('',(#1260),#1264);
#1260 = LINE('',#1261,#1262);
#1261 = CARTESIAN_POINT('',(-1.570796326795,0.));
#1262 = VECTOR('',#1263,1.);
#1263 = DIRECTION('',(-0.,1.));
#1264 = ( GEOMETRIC_REPRESENTATION_CONTEXT(2) 
PARAMETRIC_REPRESENTATION_CONTEXT() REPRESENTATION_CONTEXT('2D SPACE',''
  ) );
#1265 = PCURVE('',#703,#1266);
#1266 = DEFINITIONAL_REPRESENTATION('',(#1267),#1271);
#1267 = LINE('',#1268,#1269);
#1268 = CARTESIAN_POINT('',(0.,31.5));
#1269 = VECTOR('',#1270,1.);
#1270 = DIRECTION('',(1.,0.));
#1271 = ( GEOMETRIC_REPRESENTATION_CONTEXT(2) 
PARAMETRIC_REPRESENTATION_CONTEXT() REPRESENTATION_CONTEXT('2D SPACE',''
  ) );
#1272 = ORIENTED_EDGE('',*,*,#1273,.T.);
#1273 = EDGE_CURVE('',#1251,#1202,#1274,.T.);
#1274 = SURFACE_CURVE('',#1275,(#1280,#1287),.PCURVE_S1.);
#1275 = CIRCLE('',#1276,4.5);
#1276 = AXIS2_PLACEMENT_3D('',#1277,#1278,#1279);
#1277 = CARTESIAN_POINT('',(-16.,13.5,20.3));
#1278 = DIRECTION('',(1.,0.,-0.));
#1279 = DIRECTION('',(0.,1.,0.));
#1280 = PCURVE('',#731,#1281);
#1281 = DEFINITIONAL_REPRESENTATION('',(#1282),#1286);
#1282 = LINE('',#1283,#1284);
#1283 = CARTESIAN_POINT('',(-6.28318530718,0.7));
#1284 = VECTOR('',#1285,1.);
#1285 = DIRECTION('',(1.,-0.));
#1286 = ( GEOMETRIC_REPRESENTATION_CONTEXT(2) 
PARAMETRIC_REPRESENTATION_CONTEXT() REPRESENTATION_CONTEXT('2D SPACE',''
  ) );
#1287 = PCURVE('',#997,#1288);
#1288 = DEFINITIONAL_REPRESENTATION('',(#1289),#1293);
#1289 = CIRCLE('',#1290,4.5);
#1290 = AXIS2_PLACEMENT_2D('',#1291,#1292);
#1291 = CARTESIAN_POINT('',(6.,-33.));
#1292 = DIRECTION('',(0.,-1.));
#1293 = ( GEOMETRIC_REPRESENTATION_CONTEXT(2) 
PARAMETRIC_REPRESENTATION_CONTEXT() REPRESENTATION_CONTEXT('2D SPACE',''
  ) );
#1294 = ADVANCED_FACE('',(#1295),#703,.F.);
#1295 = FACE_BOUND('',#1296,.F.);
#1296 = EDGE_LOOP('',(#1297,#1298,#1299,#1320));
#1297 = ORIENTED_EDGE('',*,*,#1250,.F.);
#1298 = ORIENTED_EDGE('',*,*,#687,.T.);
#1299 = ORIENTED_EDGE('',*,*,#1300,.F.);
#1300 = EDGE_CURVE('',#1301,#662,#1303,.T.);
#1301 = VERTEX_POINT('',#1302);
#1302 = CARTESIAN_POINT('',(-16.,4.7,15.8));
#1303 = SURFACE_CURVE('',#1304,(#1308,#1314),.PCURVE_S1.);
#1304 = LINE('',#1305,#1306);
#1305 = CARTESIAN_POINT('',(-16.65,4.7,15.8));
#1306 = VECTOR('',#1307,1.);
#1307 = DIRECTION('',(-1.,-0.,0.));
#1308 = PCURVE('',#703,#1309);
#1309 = DEFINITIONAL_REPRESENTATION('',(#1310),#1313);
#1310 = B_SPLINE_CURVE_WITH_KNOTS('',1,(#1311,#1312),.UNSPECIFIED.,.F.,
  .F.,(2,2),(-0.65,-0.15),.PIECEWISE_BEZIER_KNOTS.);
#1311 = CARTESIAN_POINT('',(0.7,22.7));
#1312 = CARTESIAN_POINT('',(0.2,22.7));
#1313 = ( GEOMETRIC_REPRESENTATION_CONTEXT(2) 
PARAMETRIC_REPRESENTATION_CONTEXT() REPRESENTATION_CONTEXT('2D SPACE',''
  ) );
#1314 = PCURVE('',#676,#1315);
#1315 = DEFINITIONAL_REPRESENTATION('',(#1316),#1319);
#1316 = B_SPLINE_CURVE_WITH_KNOTS('',1,(#1317,#1318),.UNSPECIFIED.,.F.,
  .F.,(2,2),(-0.65,-0.15),.PIECEWISE_BEZIER_KNOTS.);
#1317 = CARTESIAN_POINT('',(0.6,0.6));
#1318 = CARTESIAN_POINT('',(0.6,0.1));
#1319 = ( GEOMETRIC_REPRESENTATION_CONTEXT(2) 
PARAMETRIC_REPRESENTATION_CONTEXT() REPRESENTATION_CONTEXT('2D SPACE',''
  ) );
#1320 = ORIENTED_EDGE('',*,*,#1321,.F.);
#1321 = EDGE_CURVE('',#1251,#1301,#1322,.T.);
#1322 = SURFACE_CURVE('',#1323,(#1327,#1333),.PCURVE_S1.);
#1323 = LINE('',#1324,#1325);
#1324 = CARTESIAN_POINT('',(-16.,-18.75,15.8));
#1325 = VECTOR('',#1326,1.);
#1326 = DIRECTION('',(0.,-1.,0.));
#1327 = PCURVE('',#703,#1328);
#1328 = DEFINITIONAL_REPRESENTATION('',(#1329),#1332);
#1329 = B_SPLINE_CURVE_WITH_KNOTS('',1,(#1330,#1331),.UNSPECIFIED.,.F.,
  .F.,(2,2),(-32.25,-5.25),.PIECEWISE_BEZIER_KNOTS.);
#1330 = CARTESIAN_POINT('',(0.7,31.5));
#1331 = CARTESIAN_POINT('',(0.7,4.5));
#1332 = ( GEOMETRIC_REPRESENTATION_CONTEXT(2) 
PARAMETRIC_REPRESENTATION_CONTEXT() REPRESENTATION_CONTEXT('2D SPACE',''
  ) );
#1333 = PCURVE('',#997,#1334);
#1334 = DEFINITIONAL_REPRESENTATION('',(#1335),#1338);
#1335 = B_SPLINE_CURVE_WITH_KNOTS('',1,(#1336,#1337),.UNSPECIFIED.,.F.,
  .F.,(2,2),(-32.25,-5.25),.PIECEWISE_BEZIER_KNOTS.);
#1336 = CARTESIAN_POINT('',(1.5,-33.));
#1337 = CARTESIAN_POINT('',(1.5,-6.));
#1338 = ( GEOMETRIC_REPRESENTATION_CONTEXT(2) 
PARAMETRIC_REPRESENTATION_CONTEXT() REPRESENTATION_CONTEXT('2D SPACE',''
  ) );
#1339 = ADVANCED_FACE('',(#1340),#676,.F.);
#1340 = FACE_BOUND('',#1341,.F.);
#1341 = EDGE_LOOP('',(#1342,#1372,#1398,#1417,#1418,#1419));
#1342 = ORIENTED_EDGE('',*,*,#1343,.F.);
#1343 = EDGE_CURVE('',#1344,#1346,#1348,.T.);
#1344 = VERTEX_POINT('',#1345);
#1345 = CARTESIAN_POINT('',(-12.,4.7,15.3));
#1346 = VERTEX_POINT('',#1347);
#1347 = CARTESIAN_POINT('',(-12.,4.7,16.8));
#1348 = SURFACE_CURVE('',#1349,(#1353,#1360),.PCURVE_S1.);
#1349 = LINE('',#1350,#1351);
#1350 = CARTESIAN_POINT('',(-12.,4.7,15.2));
#1351 = VECTOR('',#1352,1.);
#1352 = DIRECTION('',(0.,0.,1.));
#1353 = PCURVE('',#676,#1354);
#1354 = DEFINITIONAL_REPRESENTATION('',(#1355),#1359);
#1355 = LINE('',#1356,#1357);
#1356 = CARTESIAN_POINT('',(0.,4.6));
#1357 = VECTOR('',#1358,1.);
#1358 = DIRECTION('',(1.,0.));
#1359 = ( GEOMETRIC_REPRESENTATION_CONTEXT(2) 
PARAMETRIC_REPRESENTATION_CONTEXT() REPRESENTATION_CONTEXT('2D SPACE',''
  ) );
#1360 = PCURVE('',#1361,#1366);
#1361 = PLANE('',#1362);
#1362 = AXIS2_PLACEMENT_3D('',#1363,#1364,#1365);
#1363 = CARTESIAN_POINT('',(-12.,-4.7,15.2));
#1364 = DIRECTION('',(1.,0.,-0.));
#1365 = DIRECTION('',(0.,0.,1.));
#1366 = DEFINITIONAL_REPRESENTATION('',(#1367),#1371);
#1367 = LINE('',#1368,#1369);
#1368 = CARTESIAN_POINT('',(0.,-9.4));
#1369 = VECTOR('',#1370,1.);
#1370 = DIRECTION('',(1.,0.));
#1371 = ( GEOMETRIC_REPRESENTATION_CONTEXT(2) 
PARAMETRIC_REPRESENTATION_CONTEXT() REPRESENTATION_CONTEXT('2D SPACE',''
  ) );
#1372 = ORIENTED_EDGE('',*,*,#1373,.T.);
#1373 = EDGE_CURVE('',#1344,#1374,#1376,.T.);
#1374 = VERTEX_POINT('',#1375);
#1375 = CARTESIAN_POINT('',(-16.,4.7,15.3));
#1376 = SURFACE_CURVE('',#1377,(#1381,#1387),.PCURVE_S1.);
#1377 = LINE('',#1378,#1379);
#1378 = CARTESIAN_POINT('',(-16.55,4.7,15.3));
#1379 = VECTOR('',#1380,1.);
#1380 = DIRECTION('',(-1.,-0.,0.));
#1381 = PCURVE('',#676,#1382);
#1382 = DEFINITIONAL_REPRESENTATION('',(#1383),#1386);
#1383 = B_SPLINE_CURVE_WITH_KNOTS('',1,(#1384,#1385),.UNSPECIFIED.,.F.,
  .F.,(2,2),(-4.55,-0.55),.PIECEWISE_BEZIER_KNOTS.);
#1384 = CARTESIAN_POINT('',(0.1,4.6));
#1385 = CARTESIAN_POINT('',(0.1,0.6));
#1386 = ( GEOMETRIC_REPRESENTATION_CONTEXT(2) 
PARAMETRIC_REPRESENTATION_CONTEXT() REPRESENTATION_CONTEXT('2D SPACE',''
  ) );
#1387 = PCURVE('',#1388,#1393);
#1388 = PLANE('',#1389);
#1389 = AXIS2_PLACEMENT_3D('',#1390,#1391,#1392);
#1390 = CARTESIAN_POINT('',(-16.5,-18.5,15.3));
#1391 = DIRECTION('',(0.,0.,1.));
#1392 = DIRECTION('',(1.,0.,-0.));
#1393 = DEFINITIONAL_REPRESENTATION('',(#1394),#1397);
#1394 = B_SPLINE_CURVE_WITH_KNOTS('',1,(#1395,#1396),.UNSPECIFIED.,.F.,
  .F.,(2,2),(-4.55,-0.55),.PIECEWISE_BEZIER_KNOTS.);
#1395 = CARTESIAN_POINT('',(4.5,23.2));
#1396 = CARTESIAN_POINT('',(0.5,23.2));
#1397 = ( GEOMETRIC_REPRESENTATION_CONTEXT(2) 
PARAMETRIC_REPRESENTATION_CONTEXT() REPRESENTATION_CONTEXT('2D SPACE',''
  ) );
#1398 = ORIENTED_EDGE('',*,*,#1399,.T.);
#1399 = EDGE_CURVE('',#1374,#1301,#1400,.T.);
#1400 = SURFACE_CURVE('',#1401,(#1405,#1411),.PCURVE_S1.);
#1401 = LINE('',#1402,#1403);
#1402 = CARTESIAN_POINT('',(-16.,4.7,14.75));
#1403 = VECTOR('',#1404,1.);
#1404 = DIRECTION('',(0.,0.,1.));
#1405 = PCURVE('',#676,#1406);
#1406 = DEFINITIONAL_REPRESENTATION('',(#1407),#1410);
#1407 = B_SPLINE_CURVE_WITH_KNOTS('',1,(#1408,#1409),.UNSPECIFIED.,.F.,
  .F.,(2,2),(0.55,2.15),.PIECEWISE_BEZIER_KNOTS.);
#1408 = CARTESIAN_POINT('',(0.1,0.6));
#1409 = CARTESIAN_POINT('',(1.7,0.6));
#1410 = ( GEOMETRIC_REPRESENTATION_CONTEXT(2) 
PARAMETRIC_REPRESENTATION_CONTEXT() REPRESENTATION_CONTEXT('2D SPACE',''
  ) );
#1411 = PCURVE('',#997,#1412);
#1412 = DEFINITIONAL_REPRESENTATION('',(#1413),#1416);
#1413 = B_SPLINE_CURVE_WITH_KNOTS('',1,(#1414,#1415),.UNSPECIFIED.,.F.,
  .F.,(2,2),(0.55,2.15),.PIECEWISE_BEZIER_KNOTS.);
#1414 = CARTESIAN_POINT('',(1.,-24.2));
#1415 = CARTESIAN_POINT('',(2.6,-24.2));
#1416 = ( GEOMETRIC_REPRESENTATION_CONTEXT(2) 
PARAMETRIC_REPRESENTATION_CONTEXT() REPRESENTATION_CONTEXT('2D SPACE',''
  ) );
#1417 = ORIENTED_EDGE('',*,*,#1300,.T.);
#1418 = ORIENTED_EDGE('',*,*,#661,.T.);
#1419 = ORIENTED_EDGE('',*,*,#1420,.F.);
#1420 = EDGE_CURVE('',#1346,#640,#1421,.T.);
#1421 = SURFACE_CURVE('',#1422,(#1426,#1432),.PCURVE_S1.);
#1422 = LINE('',#1423,#1424);
#1423 = CARTESIAN_POINT('',(-16.6,4.7,16.8));
#1424 = VECTOR('',#1425,1.);
#1425 = DIRECTION('',(-1.,-0.,0.));
#1426 = PCURVE('',#676,#1427);
#1427 = DEFINITIONAL_REPRESENTATION('',(#1428),#1431);
#1428 = B_SPLINE_CURVE_WITH_KNOTS('',1,(#1429,#1430),.UNSPECIFIED.,.F.,
  .F.,(2,2),(-4.6,-0.1),.PIECEWISE_BEZIER_KNOTS.);
#1429 = CARTESIAN_POINT('',(1.6,4.6));
#1430 = CARTESIAN_POINT('',(1.6,0.1));
#1431 = ( GEOMETRIC_REPRESENTATION_CONTEXT(2) 
PARAMETRIC_REPRESENTATION_CONTEXT() REPRESENTATION_CONTEXT('2D SPACE',''
  ) );
#1432 = PCURVE('',#211,#1433);
#1433 = DEFINITIONAL_REPRESENTATION('',(#1434),#1437);
#1434 = B_SPLINE_CURVE_WITH_KNOTS('',1,(#1435,#1436),.UNSPECIFIED.,.F.,
  .F.,(2,2),(-4.6,-0.1),.PIECEWISE_BEZIER_KNOTS.);
#1435 = CARTESIAN_POINT('',(4.6,21.7));
#1436 = CARTESIAN_POINT('',(0.1,21.7));
#1437 = ( GEOMETRIC_REPRESENTATION_CONTEXT(2) 
PARAMETRIC_REPRESENTATION_CONTEXT() REPRESENTATION_CONTEXT('2D SPACE',''
  ) );
#1438 = ADVANCED_FACE('',(#1439),#211,.T.);
#1439 = FACE_BOUND('',#1440,.T.);
#1440 = EDGE_LOOP('',(#1441,#1464,#1465,#1466,#1487,#1506,#1507,#1530));
#1441 = ORIENTED_EDGE('',*,*,#1442,.F.);
#1442 = EDGE_CURVE('',#616,#1443,#1445,.T.);
#1443 = VERTEX_POINT('',#1444);
#1444 = CARTESIAN_POINT('',(-5.,13.5,16.8));
#1445 = SURFACE_CURVE('',#1446,(#1450,#1457),.PCURVE_S1.);
#1446 = LINE('',#1447,#1448);
#1447 = CARTESIAN_POINT('',(-16.6,13.5,16.8));
#1448 = VECTOR('',#1449,1.);
#1449 = DIRECTION('',(1.,0.,-0.));
#1450 = PCURVE('',#211,#1451);
#1451 = DEFINITIONAL_REPRESENTATION('',(#1452),#1456);
#1452 = LINE('',#1453,#1454);
#1453 = CARTESIAN_POINT('',(0.,30.5));
#1454 = VECTOR('',#1455,1.);
#1455 = DIRECTION('',(1.,0.));
#1456 = ( GEOMETRIC_REPRESENTATION_CONTEXT(2) 
PARAMETRIC_REPRESENTATION_CONTEXT() REPRESENTATION_CONTEXT('2D SPACE',''
  ) );
#1457 = PCURVE('',#574,#1458);
#1458 = DEFINITIONAL_REPRESENTATION('',(#1459),#1463);
#1459 = LINE('',#1460,#1461);
#1460 = CARTESIAN_POINT('',(-1.570796326795,0.));
#1461 = VECTOR('',#1462,1.);
#1462 = DIRECTION('',(-0.,1.));
#1463 = ( GEOMETRIC_REPRESENTATION_CONTEXT(2) 
PARAMETRIC_REPRESENTATION_CONTEXT() REPRESENTATION_CONTEXT('2D SPACE',''
  ) );
#1464 = ORIENTED_EDGE('',*,*,#639,.T.);
#1465 = ORIENTED_EDGE('',*,*,#1420,.F.);
#1466 = ORIENTED_EDGE('',*,*,#1467,.F.);
#1467 = EDGE_CURVE('',#1468,#1346,#1470,.T.);
#1468 = VERTEX_POINT('',#1469);
#1469 = CARTESIAN_POINT('',(-12.,-4.7,16.8));
#1470 = SURFACE_CURVE('',#1471,(#1475,#1481),.PCURVE_S1.);
#1471 = LINE('',#1472,#1473);
#1472 = CARTESIAN_POINT('',(-12.,-10.85,16.8));
#1473 = VECTOR('',#1474,1.);
#1474 = DIRECTION('',(-0.,1.,0.));
#1475 = PCURVE('',#211,#1476);
#1476 = DEFINITIONAL_REPRESENTATION('',(#1477),#1480);
#1477 = B_SPLINE_CURVE_WITH_KNOTS('',1,(#1478,#1479),.UNSPECIFIED.,.F.,
  .F.,(2,2),(6.15,15.55),.PIECEWISE_BEZIER_KNOTS.);
#1478 = CARTESIAN_POINT('',(4.6,12.3));
#1479 = CARTESIAN_POINT('',(4.6,21.7));
#1480 = ( GEOMETRIC_REPRESENTATION_CONTEXT(2) 
PARAMETRIC_REPRESENTATION_CONTEXT() REPRESENTATION_CONTEXT('2D SPACE',''
  ) );
#1481 = PCURVE('',#1361,#1482);
#1482 = DEFINITIONAL_REPRESENTATION('',(#1483),#1486);
#1483 = B_SPLINE_CURVE_WITH_KNOTS('',1,(#1484,#1485),.UNSPECIFIED.,.F.,
  .F.,(2,2),(6.15,15.55),.PIECEWISE_BEZIER_KNOTS.);
#1484 = CARTESIAN_POINT('',(1.6,0.));
#1485 = CARTESIAN_POINT('',(1.6,-9.4));
#1486 = ( GEOMETRIC_REPRESENTATION_CONTEXT(2) 
PARAMETRIC_REPRESENTATION_CONTEXT() REPRESENTATION_CONTEXT('2D SPACE',''
  ) );
#1487 = ORIENTED_EDGE('',*,*,#1488,.T.);
#1488 = EDGE_CURVE('',#1468,#170,#1489,.T.);
#1489 = SURFACE_CURVE('',#1490,(#1494,#1500),.PCURVE_S1.);
#1490 = LINE('',#1491,#1492);
#1491 = CARTESIAN_POINT('',(-16.6,-4.7,16.8));
#1492 = VECTOR('',#1493,1.);
#1493 = DIRECTION('',(-1.,-0.,0.));
#1494 = PCURVE('',#211,#1495);
#1495 = DEFINITIONAL_REPRESENTATION('',(#1496),#1499);
#1496 = B_SPLINE_CURVE_WITH_KNOTS('',1,(#1497,#1498),.UNSPECIFIED.,.F.,
  .F.,(2,2),(-4.6,-0.1),.PIECEWISE_BEZIER_KNOTS.);
#1497 = CARTESIAN_POINT('',(4.6,12.3));
#1498 = CARTESIAN_POINT('',(0.1,12.3));
#1499 = ( GEOMETRIC_REPRESENTATION_CONTEXT(2) 
PARAMETRIC_REPRESENTATION_CONTEXT() REPRESENTATION_CONTEXT('2D SPACE',''
  ) );
#1500 = PCURVE('',#184,#1501);
#1501 = DEFINITIONAL_REPRESENTATION('',(#1502),#1505);
#1502 = B_SPLINE_CURVE_WITH_KNOTS('',1,(#1503,#1504),.UNSPECIFIED.,.F.,
  .F.,(2,2),(-4.6,-0.1),.PIECEWISE_BEZIER_KNOTS.);
#1503 = CARTESIAN_POINT('',(1.6,4.6));
#1504 = CARTESIAN_POINT('',(1.6,0.1));
#1505 = ( GEOMETRIC_REPRESENTATION_CONTEXT(2) 
PARAMETRIC_REPRESENTATION_CONTEXT() REPRESENTATION_CONTEXT('2D SPACE',''
  ) );
#1506 = ORIENTED_EDGE('',*,*,#195,.T.);
#1507 = ORIENTED_EDGE('',*,*,#1508,.T.);
#1508 = EDGE_CURVE('',#196,#1509,#1511,.T.);
#1509 = VERTEX_POINT('',#1510);
#1510 = CARTESIAN_POINT('',(-5.,-13.5,16.8));
#1511 = SURFACE_CURVE('',#1512,(#1516,#1523),.PCURVE_S1.);
#1512 = LINE('',#1513,#1514);
#1513 = CARTESIAN_POINT('',(-16.6,-13.5,16.8));
#1514 = VECTOR('',#1515,1.);
#1515 = DIRECTION('',(1.,0.,-0.));
#1516 = PCURVE('',#211,#1517);
#1517 = DEFINITIONAL_REPRESENTATION('',(#1518),#1522);
#1518 = LINE('',#1519,#1520);
#1519 = CARTESIAN_POINT('',(0.,3.5));
#1520 = VECTOR('',#1521,1.);
#1521 = DIRECTION('',(1.,0.));
#1522 = ( GEOMETRIC_REPRESENTATION_CONTEXT(2) 
PARAMETRIC_REPRESENTATION_CONTEXT() REPRESENTATION_CONTEXT('2D SPACE',''
  ) );
#1523 = PCURVE('',#239,#1524);
#1524 = DEFINITIONAL_REPRESENTATION('',(#1525),#1529);
#1525 = LINE('',#1526,#1527);
#1526 = CARTESIAN_POINT('',(1.570796326795,0.));
#1527 = VECTOR('',#1528,1.);
#1528 = DIRECTION('',(0.,1.));
#1529 = ( GEOMETRIC_REPRESENTATION_CONTEXT(2) 
PARAMETRIC_REPRESENTATION_CONTEXT() REPRESENTATION_CONTEXT('2D SPACE',''
  ) );
#1530 = ORIENTED_EDGE('',*,*,#1531,.T.);
#1531 = EDGE_CURVE('',#1509,#1443,#1532,.T.);
#1532 = SURFACE_CURVE('',#1533,(#1537,#1544),.PCURVE_S1.);
#1533 = LINE('',#1534,#1535);
#1534 = CARTESIAN_POINT('',(-5.,-17.,16.8));
#1535 = VECTOR('',#1536,1.);
#1536 = DIRECTION('',(-0.,1.,0.));
#1537 = PCURVE('',#211,#1538);
#1538 = DEFINITIONAL_REPRESENTATION('',(#1539),#1543);
#1539 = LINE('',#1540,#1541);
#1540 = CARTESIAN_POINT('',(11.6,0.));
#1541 = VECTOR('',#1542,1.);
#1542 = DIRECTION('',(0.,1.));
#1543 = ( GEOMETRIC_REPRESENTATION_CONTEXT(2) 
PARAMETRIC_REPRESENTATION_CONTEXT() REPRESENTATION_CONTEXT('2D SPACE',''
  ) );
#1544 = PCURVE('',#1545,#1550);
#1545 = PLANE('',#1546);
#1546 = AXIS2_PLACEMENT_3D('',#1547,#1548,#1549);
#1547 = CARTESIAN_POINT('',(-5.,-17.,16.8));
#1548 = DIRECTION('',(1.,0.,-0.));
#1549 = DIRECTION('',(0.,0.,1.));
#1550 = DEFINITIONAL_REPRESENTATION('',(#1551),#1555);
#1551 = LINE('',#1552,#1553);
#1552 = CARTESIAN_POINT('',(0.,0.));
#1553 = VECTOR('',#1554,1.);
#1554 = DIRECTION('',(0.,-1.));
#1555 = ( GEOMETRIC_REPRESENTATION_CONTEXT(2) 
PARAMETRIC_REPRESENTATION_CONTEXT() REPRESENTATION_CONTEXT('2D SPACE',''
  ) );
#1556 = ADVANCED_FACE('',(#1557),#574,.F.);
#1557 = FACE_BOUND('',#1558,.T.);
#1558 = EDGE_LOOP('',(#1559,#1582,#1583,#1604,#1633,#1652,#1653,#1654));
#1559 = ORIENTED_EDGE('',*,*,#1560,.F.);
#1560 = EDGE_CURVE('',#531,#1561,#1563,.T.);
#1561 = VERTEX_POINT('',#1562);
#1562 = CARTESIAN_POINT('',(-5.,17.,20.3));
#1563 = SURFACE_CURVE('',#1564,(#1568,#1575),.PCURVE_S1.);
#1564 = LINE('',#1565,#1566);
#1565 = CARTESIAN_POINT('',(-16.6,17.,20.3));
#1566 = VECTOR('',#1567,1.);
#1567 = DIRECTION('',(1.,0.,-0.));
#1568 = PCURVE('',#574,#1569);
#1569 = DEFINITIONAL_REPRESENTATION('',(#1570),#1574);
#1570 = LINE('',#1571,#1572);
#1571 = CARTESIAN_POINT('',(-0.,0.));
#1572 = VECTOR('',#1573,1.);
#1573 = DIRECTION('',(-0.,1.));
#1574 = ( GEOMETRIC_REPRESENTATION_CONTEXT(2) 
PARAMETRIC_REPRESENTATION_CONTEXT() REPRESENTATION_CONTEXT('2D SPACE',''
  ) );
#1575 = PCURVE('',#546,#1576);
#1576 = DEFINITIONAL_REPRESENTATION('',(#1577),#1581);
#1577 = LINE('',#1578,#1579);
#1578 = CARTESIAN_POINT('',(3.5,0.));
#1579 = VECTOR('',#1580,1.);
#1580 = DIRECTION('',(0.,1.));
#1581 = ( GEOMETRIC_REPRESENTATION_CONTEXT(2) 
PARAMETRIC_REPRESENTATION_CONTEXT() REPRESENTATION_CONTEXT('2D SPACE',''
  ) );
#1582 = ORIENTED_EDGE('',*,*,#557,.F.);
#1583 = ORIENTED_EDGE('',*,*,#1584,.T.);
#1584 = EDGE_CURVE('',#558,#1585,#1587,.T.);
#1585 = VERTEX_POINT('',#1586);
#1586 = CARTESIAN_POINT('',(-11.5,16.930005253221,19.603534664986));
#1587 = SURFACE_CURVE('',#1588,(#1592,#1598),.PCURVE_S1.);
#1588 = LINE('',#1589,#1590);
#1589 = CARTESIAN_POINT('',(-16.6,16.930005253221,19.603534664986));
#1590 = VECTOR('',#1591,1.);
#1591 = DIRECTION('',(1.,0.,-0.));
#1592 = PCURVE('',#574,#1593);
#1593 = DEFINITIONAL_REPRESENTATION('',(#1594),#1597);
#1594 = B_SPLINE_CURVE_WITH_KNOTS('',1,(#1595,#1596),.UNSPECIFIED.,.F.,
  .F.,(2,2),(9.99976E-02,5.1000024),.PIECEWISE_BEZIER_KNOTS.);
#1595 = CARTESIAN_POINT('',(-0.200327299775,9.99976E-02));
#1596 = CARTESIAN_POINT('',(-0.200327299775,5.1000024));
#1597 = ( GEOMETRIC_REPRESENTATION_CONTEXT(2) 
PARAMETRIC_REPRESENTATION_CONTEXT() REPRESENTATION_CONTEXT('2D SPACE',''
  ) );
#1598 = PCURVE('',#603,#1599);
#1599 = DEFINITIONAL_REPRESENTATION('',(#1600),#1603);
#1600 = B_SPLINE_CURVE_WITH_KNOTS('',1,(#1601,#1602),.UNSPECIFIED.,.F.,
  .F.,(2,2),(9.99976E-02,5.1000024),.PIECEWISE_BEZIER_KNOTS.);
#1601 = CARTESIAN_POINT('',(2.096437047235,-2.399999999403E-06));
#1602 = CARTESIAN_POINT('',(2.096437047235,5.0000024));
#1603 = ( GEOMETRIC_REPRESENTATION_CONTEXT(2) 
PARAMETRIC_REPRESENTATION_CONTEXT() REPRESENTATION_CONTEXT('2D SPACE',''
  ) );
#1604 = ORIENTED_EDGE('',*,*,#1605,.F.);
#1605 = EDGE_CURVE('',#1606,#1585,#1608,.T.);
#1606 = VERTEX_POINT('',#1607);
#1607 = CARTESIAN_POINT('',(-11.5,14.196465335014,16.869994746779));
#1608 = SURFACE_CURVE('',#1609,(#1614,#1621),.PCURVE_S1.);
#1609 = CIRCLE('',#1610,3.5);
#1610 = AXIS2_PLACEMENT_3D('',#1611,#1612,#1613);
#1611 = CARTESIAN_POINT('',(-11.5,13.5,20.3));
#1612 = DIRECTION('',(1.,0.,-0.));
#1613 = DIRECTION('',(0.,1.,0.));
#1614 = PCURVE('',#574,#1615);
#1615 = DEFINITIONAL_REPRESENTATION('',(#1616),#1620);
#1616 = LINE('',#1617,#1618);
#1617 = CARTESIAN_POINT('',(-6.28318530718,5.1));
#1618 = VECTOR('',#1619,1.);
#1619 = DIRECTION('',(1.,-0.));
#1620 = ( GEOMETRIC_REPRESENTATION_CONTEXT(2) 
PARAMETRIC_REPRESENTATION_CONTEXT() REPRESENTATION_CONTEXT('2D SPACE',''
  ) );
#1621 = PCURVE('',#1622,#1627);
#1622 = PLANE('',#1623);
#1623 = AXIS2_PLACEMENT_3D('',#1624,#1625,#1626);
#1624 = CARTESIAN_POINT('',(-11.5,15.2,18.6));
#1625 = DIRECTION('',(1.,0.,2.22044604925E-16));
#1626 = DIRECTION('',(2.22044604925E-16,0.,-1.));
#1627 = DEFINITIONAL_REPRESENTATION('',(#1628),#1632);
#1628 = CIRCLE('',#1629,3.5);
#1629 = AXIS2_PLACEMENT_2D('',#1630,#1631);
#1630 = CARTESIAN_POINT('',(-1.7,-1.7));
#1631 = DIRECTION('',(0.,1.));
#1632 = ( GEOMETRIC_REPRESENTATION_CONTEXT(2) 
PARAMETRIC_REPRESENTATION_CONTEXT() REPRESENTATION_CONTEXT('2D SPACE',''
  ) );
#1633 = ORIENTED_EDGE('',*,*,#1634,.F.);
#1634 = EDGE_CURVE('',#587,#1606,#1635,.T.);
#1635 = SURFACE_CURVE('',#1636,(#1640,#1646),.PCURVE_S1.);
#1636 = LINE('',#1637,#1638);
#1637 = CARTESIAN_POINT('',(-16.6,14.196465335014,16.869994746779));
#1638 = VECTOR('',#1639,1.);
#1639 = DIRECTION('',(1.,0.,-0.));
#1640 = PCURVE('',#574,#1641);
#1641 = DEFINITIONAL_REPRESENTATION('',(#1642),#1645);
#1642 = B_SPLINE_CURVE_WITH_KNOTS('',1,(#1643,#1644),.UNSPECIFIED.,.F.,
  .F.,(2,2),(9.99976E-02,5.1000024),.PIECEWISE_BEZIER_KNOTS.);
#1643 = CARTESIAN_POINT('',(-1.37046902702,9.99976E-02));
#1644 = CARTESIAN_POINT('',(-1.37046902702,5.1000024));
#1645 = ( GEOMETRIC_REPRESENTATION_CONTEXT(2) 
PARAMETRIC_REPRESENTATION_CONTEXT() REPRESENTATION_CONTEXT('2D SPACE',''
  ) );
#1646 = PCURVE('',#603,#1647);
#1647 = DEFINITIONAL_REPRESENTATION('',(#1648),#1651);
#1648 = B_SPLINE_CURVE_WITH_KNOTS('',1,(#1649,#1650),.UNSPECIFIED.,.F.,
  .F.,(2,2),(9.99976E-02,5.1000024),.PIECEWISE_BEZIER_KNOTS.);
#1649 = CARTESIAN_POINT('',(5.75754458674,-2.400000000014E-06));
#1650 = CARTESIAN_POINT('',(5.75754458674,5.0000024));
#1651 = ( GEOMETRIC_REPRESENTATION_CONTEXT(2) 
PARAMETRIC_REPRESENTATION_CONTEXT() REPRESENTATION_CONTEXT('2D SPACE',''
  ) );
#1652 = ORIENTED_EDGE('',*,*,#615,.F.);
#1653 = ORIENTED_EDGE('',*,*,#1442,.T.);
#1654 = ORIENTED_EDGE('',*,*,#1655,.F.);
#1655 = EDGE_CURVE('',#1561,#1443,#1656,.T.);
#1656 = SURFACE_CURVE('',#1657,(#1662,#1669),.PCURVE_S1.);
#1657 = CIRCLE('',#1658,3.5);
#1658 = AXIS2_PLACEMENT_3D('',#1659,#1660,#1661);
#1659 = CARTESIAN_POINT('',(-5.,13.5,20.3));
#1660 = DIRECTION('',(-1.,-0.,0.));
#1661 = DIRECTION('',(0.,0.,1.));
#1662 = PCURVE('',#574,#1663);
#1663 = DEFINITIONAL_REPRESENTATION('',(#1664),#1668);
#1664 = LINE('',#1665,#1666);
#1665 = CARTESIAN_POINT('',(1.570796326795,11.6));
#1666 = VECTOR('',#1667,1.);
#1667 = DIRECTION('',(-1.,0.));
#1668 = ( GEOMETRIC_REPRESENTATION_CONTEXT(2) 
PARAMETRIC_REPRESENTATION_CONTEXT() REPRESENTATION_CONTEXT('2D SPACE',''
  ) );
#1669 = PCURVE('',#1545,#1670);
#1670 = DEFINITIONAL_REPRESENTATION('',(#1671),#1679);
#1671 = ( BOUNDED_CURVE() B_SPLINE_CURVE(2,(#1672,#1673,#1674,#1675,
#1676,#1677,#1678),.UNSPECIFIED.,.T.,.F.) B_SPLINE_CURVE_WITH_KNOTS((1,2
    ,2,2,2,1),(-2.094395102393,0.,2.094395102393,4.188790204786,
6.28318530718,8.377580409573),.UNSPECIFIED.) CURVE() 
GEOMETRIC_REPRESENTATION_ITEM() RATIONAL_B_SPLINE_CURVE((1.,0.5,1.,0.5,
1.,0.5,1.)) REPRESENTATION_ITEM('') );
#1672 = CARTESIAN_POINT('',(7.,-30.5));
#1673 = CARTESIAN_POINT('',(7.,-36.56217782649));
#1674 = CARTESIAN_POINT('',(1.75,-33.53108891324));
#1675 = CARTESIAN_POINT('',(-3.5,-30.5));
#1676 = CARTESIAN_POINT('',(1.75,-27.46891108675));
#1677 = CARTESIAN_POINT('',(7.,-24.4378221735));
#1678 = CARTESIAN_POINT('',(7.,-30.5));
#1679 = ( GEOMETRIC_REPRESENTATION_CONTEXT(2) 
PARAMETRIC_REPRESENTATION_CONTEXT() REPRESENTATION_CONTEXT('2D SPACE',''
  ) );
#1680 = ADVANCED_FACE('',(#1681),#603,.T.);
#1681 = FACE_BOUND('',#1682,.T.);
#1682 = EDGE_LOOP('',(#1683,#1705,#1706,#1707));
#1683 = ORIENTED_EDGE('',*,*,#1684,.F.);
#1684 = EDGE_CURVE('',#1585,#1606,#1685,.T.);
#1685 = SURFACE_CURVE('',#1686,(#1691,#1698),.PCURVE_S1.);
#1686 = CIRCLE('',#1687,2.);
#1687 = AXIS2_PLACEMENT_3D('',#1688,#1689,#1690);
#1688 = CARTESIAN_POINT('',(-11.5,15.2,18.6));
#1689 = DIRECTION('',(1.,-0.,2.22044604925E-16));
#1690 = DIRECTION('',(2.22044604925E-16,0.,-1.));
#1691 = PCURVE('',#603,#1692);
#1692 = DEFINITIONAL_REPRESENTATION('',(#1693),#1697);
#1693 = LINE('',#1694,#1695);
#1694 = CARTESIAN_POINT('',(0.,5.));
#1695 = VECTOR('',#1696,1.);
#1696 = DIRECTION('',(1.,0.));
#1697 = ( GEOMETRIC_REPRESENTATION_CONTEXT(2) 
PARAMETRIC_REPRESENTATION_CONTEXT() REPRESENTATION_CONTEXT('2D SPACE',''
  ) );
#1698 = PCURVE('',#1622,#1699);
#1699 = DEFINITIONAL_REPRESENTATION('',(#1700),#1704);
#1700 = CIRCLE('',#1701,2.);
#1701 = AXIS2_PLACEMENT_2D('',#1702,#1703);
#1702 = CARTESIAN_POINT('',(0.,0.));
#1703 = DIRECTION('',(1.,0.));
#1704 = ( GEOMETRIC_REPRESENTATION_CONTEXT(2) 
PARAMETRIC_REPRESENTATION_CONTEXT() REPRESENTATION_CONTEXT('2D SPACE',''
  ) );
#1705 = ORIENTED_EDGE('',*,*,#1584,.F.);
#1706 = ORIENTED_EDGE('',*,*,#586,.T.);
#1707 = ORIENTED_EDGE('',*,*,#1634,.T.);
#1708 = ADVANCED_FACE('',(#1709),#546,.F.);
#1709 = FACE_BOUND('',#1710,.F.);
#1710 = EDGE_LOOP('',(#1711,#1734,#1735,#1736));
#1711 = ORIENTED_EDGE('',*,*,#1712,.F.);
#1712 = EDGE_CURVE('',#1561,#1713,#1715,.T.);
#1713 = VERTEX_POINT('',#1714);
#1714 = CARTESIAN_POINT('',(-5.,17.,52.3));
#1715 = SURFACE_CURVE('',#1716,(#1720,#1727),.PCURVE_S1.);
#1716 = LINE('',#1717,#1718);
#1717 = CARTESIAN_POINT('',(-5.,17.,16.8));
#1718 = VECTOR('',#1719,1.);
#1719 = DIRECTION('',(0.,0.,1.));
#1720 = PCURVE('',#546,#1721);
#1721 = DEFINITIONAL_REPRESENTATION('',(#1722),#1726);
#1722 = LINE('',#1723,#1724);
#1723 = CARTESIAN_POINT('',(0.,11.6));
#1724 = VECTOR('',#1725,1.);
#1725 = DIRECTION('',(1.,0.));
#1726 = ( GEOMETRIC_REPRESENTATION_CONTEXT(2) 
PARAMETRIC_REPRESENTATION_CONTEXT() REPRESENTATION_CONTEXT('2D SPACE',''
  ) );
#1727 = PCURVE('',#1545,#1728);
#1728 = DEFINITIONAL_REPRESENTATION('',(#1729),#1733);
#1729 = LINE('',#1730,#1731);
#1730 = CARTESIAN_POINT('',(0.,-34.));
#1731 = VECTOR('',#1732,1.);
#1732 = DIRECTION('',(1.,0.));
#1733 = ( GEOMETRIC_REPRESENTATION_CONTEXT(2) 
PARAMETRIC_REPRESENTATION_CONTEXT() REPRESENTATION_CONTEXT('2D SPACE',''
  ) );
#1734 = ORIENTED_EDGE('',*,*,#1560,.F.);
#1735 = ORIENTED_EDGE('',*,*,#530,.T.);
#1736 = ORIENTED_EDGE('',*,*,#1737,.T.);
#1737 = EDGE_CURVE('',#507,#1713,#1738,.T.);
#1738 = SURFACE_CURVE('',#1739,(#1743,#1750),.PCURVE_S1.);
#1739 = LINE('',#1740,#1741);
#1740 = CARTESIAN_POINT('',(-16.6,17.,52.3));
#1741 = VECTOR('',#1742,1.);
#1742 = DIRECTION('',(1.,0.,-0.));
#1743 = PCURVE('',#546,#1744);
#1744 = DEFINITIONAL_REPRESENTATION('',(#1745),#1749);
#1745 = LINE('',#1746,#1747);
#1746 = CARTESIAN_POINT('',(35.5,0.));
#1747 = VECTOR('',#1748,1.);
#1748 = DIRECTION('',(0.,1.));
#1749 = ( GEOMETRIC_REPRESENTATION_CONTEXT(2) 
PARAMETRIC_REPRESENTATION_CONTEXT() REPRESENTATION_CONTEXT('2D SPACE',''
  ) );
#1750 = PCURVE('',#461,#1751);
#1751 = DEFINITIONAL_REPRESENTATION('',(#1752),#1756);
#1752 = LINE('',#1753,#1754);
#1753 = CARTESIAN_POINT('',(0.,0.));
#1754 = VECTOR('',#1755,1.);
#1755 = DIRECTION('',(0.,1.));
#1756 = ( GEOMETRIC_REPRESENTATION_CONTEXT(2) 
PARAMETRIC_REPRESENTATION_CONTEXT() REPRESENTATION_CONTEXT('2D SPACE',''
  ) );
#1757 = ADVANCED_FACE('',(#1758),#461,.F.);
#1758 = FACE_BOUND('',#1759,.F.);
#1759 = EDGE_LOOP('',(#1760,#1761,#1762,#1783,#1812,#1831,#1832,#1855));
#1760 = ORIENTED_EDGE('',*,*,#1737,.F.);
#1761 = ORIENTED_EDGE('',*,*,#506,.T.);
#1762 = ORIENTED_EDGE('',*,*,#1763,.T.);
#1763 = EDGE_CURVE('',#474,#1764,#1766,.T.);
#1764 = VERTEX_POINT('',#1765);
#1765 = CARTESIAN_POINT('',(-11.5,16.930005253221,52.996465335014));
#1766 = SURFACE_CURVE('',#1767,(#1771,#1777),.PCURVE_S1.);
#1767 = LINE('',#1768,#1769);
#1768 = CARTESIAN_POINT('',(-16.6,16.930005253221,52.996465335014));
#1769 = VECTOR('',#1770,1.);
#1770 = DIRECTION('',(1.,0.,-0.));
#1771 = PCURVE('',#461,#1772);
#1772 = DEFINITIONAL_REPRESENTATION('',(#1773),#1776);
#1773 = B_SPLINE_CURVE_WITH_KNOTS('',1,(#1774,#1775),.UNSPECIFIED.,.F.,
  .F.,(2,2),(9.99976E-02,5.1000024),.PIECEWISE_BEZIER_KNOTS.);
#1774 = CARTESIAN_POINT('',(0.200327299775,9.99976E-02));
#1775 = CARTESIAN_POINT('',(0.200327299775,5.1000024));
#1776 = ( GEOMETRIC_REPRESENTATION_CONTEXT(2) 
PARAMETRIC_REPRESENTATION_CONTEXT() REPRESENTATION_CONTEXT('2D SPACE',''
  ) );
#1777 = PCURVE('',#494,#1778);
#1778 = DEFINITIONAL_REPRESENTATION('',(#1779),#1782);
#1779 = B_SPLINE_CURVE_WITH_KNOTS('',1,(#1780,#1781),.UNSPECIFIED.,.F.,
  .F.,(2,2),(0.1,5.1),.PIECEWISE_BEZIER_KNOTS.);
#1780 = CARTESIAN_POINT('',(7.328340913534,-2.22044604925E-16));
#1781 = CARTESIAN_POINT('',(7.328340913534,5.));
#1782 = ( GEOMETRIC_REPRESENTATION_CONTEXT(2) 
PARAMETRIC_REPRESENTATION_CONTEXT() REPRESENTATION_CONTEXT('2D SPACE',''
  ) );
#1783 = ORIENTED_EDGE('',*,*,#1784,.T.);
#1784 = EDGE_CURVE('',#1764,#1785,#1787,.T.);
#1785 = VERTEX_POINT('',#1786);
#1786 = CARTESIAN_POINT('',(-11.5,14.196465335014,55.730005253221));
#1787 = SURFACE_CURVE('',#1788,(#1793,#1800),.PCURVE_S1.);
#1788 = CIRCLE('',#1789,3.5);
#1789 = AXIS2_PLACEMENT_3D('',#1790,#1791,#1792);
#1790 = CARTESIAN_POINT('',(-11.5,13.5,52.3));
#1791 = DIRECTION('',(1.,0.,-0.));
#1792 = DIRECTION('',(0.,1.,0.));
#1793 = PCURVE('',#461,#1794);
#1794 = DEFINITIONAL_REPRESENTATION('',(#1795),#1799);
#1795 = LINE('',#1796,#1797);
#1796 = CARTESIAN_POINT('',(0.,5.1));
#1797 = VECTOR('',#1798,1.);
#1798 = DIRECTION('',(1.,0.));
#1799 = ( GEOMETRIC_REPRESENTATION_CONTEXT(2) 
PARAMETRIC_REPRESENTATION_CONTEXT() REPRESENTATION_CONTEXT('2D SPACE',''
  ) );
#1800 = PCURVE('',#1801,#1806);
#1801 = PLANE('',#1802);
#1802 = AXIS2_PLACEMENT_3D('',#1803,#1804,#1805);
#1803 = CARTESIAN_POINT('',(-11.5,15.2,54.));
#1804 = DIRECTION('',(1.,0.,2.22044604925E-16));
#1805 = DIRECTION('',(2.22044604925E-16,0.,-1.));
#1806 = DEFINITIONAL_REPRESENTATION('',(#1807),#1811);
#1807 = CIRCLE('',#1808,3.5);
#1808 = AXIS2_PLACEMENT_2D('',#1809,#1810);
#1809 = CARTESIAN_POINT('',(1.7,-1.7));
#1810 = DIRECTION('',(0.,1.));
#1811 = ( GEOMETRIC_REPRESENTATION_CONTEXT(2) 
PARAMETRIC_REPRESENTATION_CONTEXT() REPRESENTATION_CONTEXT('2D SPACE',''
  ) );
#1812 = ORIENTED_EDGE('',*,*,#1813,.F.);
#1813 = EDGE_CURVE('',#445,#1785,#1814,.T.);
#1814 = SURFACE_CURVE('',#1815,(#1819,#1825),.PCURVE_S1.);
#1815 = LINE('',#1816,#1817);
#1816 = CARTESIAN_POINT('',(-16.6,14.196465335014,55.730005253221));
#1817 = VECTOR('',#1818,1.);
#1818 = DIRECTION('',(1.,0.,-0.));
#1819 = PCURVE('',#461,#1820);
#1820 = DEFINITIONAL_REPRESENTATION('',(#1821),#1824);
#1821 = B_SPLINE_CURVE_WITH_KNOTS('',1,(#1822,#1823),.UNSPECIFIED.,.F.,
  .F.,(2,2),(9.99976E-02,5.1000024),.PIECEWISE_BEZIER_KNOTS.);
#1822 = CARTESIAN_POINT('',(1.37046902702,9.99976E-02));
#1823 = CARTESIAN_POINT('',(1.37046902702,5.1000024));
#1824 = ( GEOMETRIC_REPRESENTATION_CONTEXT(2) 
PARAMETRIC_REPRESENTATION_CONTEXT() REPRESENTATION_CONTEXT('2D SPACE',''
  ) );
#1825 = PCURVE('',#494,#1826);
#1826 = DEFINITIONAL_REPRESENTATION('',(#1827),#1830);
#1827 = B_SPLINE_CURVE_WITH_KNOTS('',1,(#1828,#1829),.UNSPECIFIED.,.F.,
  .F.,(2,2),(0.1,5.1),.PIECEWISE_BEZIER_KNOTS.);
#1828 = CARTESIAN_POINT('',(3.66723337403,3.885780586188E-16));
#1829 = CARTESIAN_POINT('',(3.66723337403,5.));
#1830 = ( GEOMETRIC_REPRESENTATION_CONTEXT(2) 
PARAMETRIC_REPRESENTATION_CONTEXT() REPRESENTATION_CONTEXT('2D SPACE',''
  ) );
#1831 = ORIENTED_EDGE('',*,*,#444,.T.);
#1832 = ORIENTED_EDGE('',*,*,#1833,.T.);
#1833 = EDGE_CURVE('',#418,#1834,#1836,.T.);
#1834 = VERTEX_POINT('',#1835);
#1835 = CARTESIAN_POINT('',(-5.,13.5,55.8));
#1836 = SURFACE_CURVE('',#1837,(#1841,#1848),.PCURVE_S1.);
#1837 = LINE('',#1838,#1839);
#1838 = CARTESIAN_POINT('',(-16.6,13.5,55.8));
#1839 = VECTOR('',#1840,1.);
#1840 = DIRECTION('',(1.,0.,-0.));
#1841 = PCURVE('',#461,#1842);
#1842 = DEFINITIONAL_REPRESENTATION('',(#1843),#1847);
#1843 = LINE('',#1844,#1845);
#1844 = CARTESIAN_POINT('',(1.570796326795,0.));
#1845 = VECTOR('',#1846,1.);
#1846 = DIRECTION('',(0.,1.));
#1847 = ( GEOMETRIC_REPRESENTATION_CONTEXT(2) 
PARAMETRIC_REPRESENTATION_CONTEXT() REPRESENTATION_CONTEXT('2D SPACE',''
  ) );
#1848 = PCURVE('',#433,#1849);
#1849 = DEFINITIONAL_REPRESENTATION('',(#1850),#1854);
#1850 = LINE('',#1851,#1852);
#1851 = CARTESIAN_POINT('',(0.,30.5));
#1852 = VECTOR('',#1853,1.);
#1853 = DIRECTION('',(1.,0.));
#1854 = ( GEOMETRIC_REPRESENTATION_CONTEXT(2) 
PARAMETRIC_REPRESENTATION_CONTEXT() REPRESENTATION_CONTEXT('2D SPACE',''
  ) );
#1855 = ORIENTED_EDGE('',*,*,#1856,.F.);
#1856 = EDGE_CURVE('',#1713,#1834,#1857,.T.);
#1857 = SURFACE_CURVE('',#1858,(#1863,#1870),.PCURVE_S1.);
#1858 = CIRCLE('',#1859,3.5);
#1859 = AXIS2_PLACEMENT_3D('',#1860,#1861,#1862);
#1860 = CARTESIAN_POINT('',(-5.,13.5,52.3));
#1861 = DIRECTION('',(1.,0.,-0.));
#1862 = DIRECTION('',(0.,0.,1.));
#1863 = PCURVE('',#461,#1864);
#1864 = DEFINITIONAL_REPRESENTATION('',(#1865),#1869);
#1865 = LINE('',#1866,#1867);
#1866 = CARTESIAN_POINT('',(-4.712388980385,11.6));
#1867 = VECTOR('',#1868,1.);
#1868 = DIRECTION('',(1.,0.));
#1869 = ( GEOMETRIC_REPRESENTATION_CONTEXT(2) 
PARAMETRIC_REPRESENTATION_CONTEXT() REPRESENTATION_CONTEXT('2D SPACE',''
  ) );
#1870 = PCURVE('',#1545,#1871);
#1871 = DEFINITIONAL_REPRESENTATION('',(#1872),#1876);
#1872 = CIRCLE('',#1873,3.5);
#1873 = AXIS2_PLACEMENT_2D('',#1874,#1875);
#1874 = CARTESIAN_POINT('',(35.5,-30.5));
#1875 = DIRECTION('',(1.,0.));
#1876 = ( GEOMETRIC_REPRESENTATION_CONTEXT(2) 
PARAMETRIC_REPRESENTATION_CONTEXT() REPRESENTATION_CONTEXT('2D SPACE',''
  ) );
#1877 = ADVANCED_FACE('',(#1878),#494,.T.);
#1878 = FACE_BOUND('',#1879,.T.);
#1879 = EDGE_LOOP('',(#1880,#1881,#1882,#1908));
#1880 = ORIENTED_EDGE('',*,*,#473,.F.);
#1881 = ORIENTED_EDGE('',*,*,#1763,.T.);
#1882 = ORIENTED_EDGE('',*,*,#1883,.T.);
#1883 = EDGE_CURVE('',#1764,#1785,#1884,.T.);
#1884 = SURFACE_CURVE('',#1885,(#1890,#1897),.PCURVE_S1.);
#1885 = CIRCLE('',#1886,2.);
#1886 = AXIS2_PLACEMENT_3D('',#1887,#1888,#1889);
#1887 = CARTESIAN_POINT('',(-11.5,15.2,54.));
#1888 = DIRECTION('',(-1.,0.,0.));
#1889 = DIRECTION('',(0.,0.86500262661,-0.501767332493));
#1890 = PCURVE('',#494,#1891);
#1891 = DEFINITIONAL_REPRESENTATION('',(#1892),#1896);
#1892 = LINE('',#1893,#1894);
#1893 = CARTESIAN_POINT('',(7.328340913534,5.));
#1894 = VECTOR('',#1895,1.);
#1895 = DIRECTION('',(-1.,-0.));
#1896 = ( GEOMETRIC_REPRESENTATION_CONTEXT(2) 
PARAMETRIC_REPRESENTATION_CONTEXT() REPRESENTATION_CONTEXT('2D SPACE',''
  ) );
#1897 = PCURVE('',#1801,#1898);
#1898 = DEFINITIONAL_REPRESENTATION('',(#1899),#1907);
#1899 = ( BOUNDED_CURVE() B_SPLINE_CURVE(2,(#1900,#1901,#1902,#1903,
#1904,#1905,#1906),.UNSPECIFIED.,.T.,.F.) B_SPLINE_CURVE_WITH_KNOTS((1,2
    ,2,2,2,1),(-2.094395102393,0.,2.094395102393,4.188790204786,
6.28318530718,8.377580409573),.UNSPECIFIED.) CURVE() 
GEOMETRIC_REPRESENTATION_ITEM() RATIONAL_B_SPLINE_CURVE((1.,0.5,1.,0.5,
1.,0.5,1.)) REPRESENTATION_ITEM('') );
#1900 = CARTESIAN_POINT('',(1.003534664986,1.730005253221));
#1901 = CARTESIAN_POINT('',(3.999991660925,-8.167773691104E-03));
#1902 = CARTESIAN_POINT('',(0.996461165477,-1.734089140066));
#1903 = CARTESIAN_POINT('',(-2.007069329972,-3.460010506442));
#1904 = CARTESIAN_POINT('',(-1.999995830463,4.083886845551E-03));
#1905 = CARTESIAN_POINT('',(-1.992922330954,3.468178280133));
#1906 = CARTESIAN_POINT('',(1.003534664986,1.730005253221));
#1907 = ( GEOMETRIC_REPRESENTATION_CONTEXT(2) 
PARAMETRIC_REPRESENTATION_CONTEXT() REPRESENTATION_CONTEXT('2D SPACE',''
  ) );
#1908 = ORIENTED_EDGE('',*,*,#1813,.F.);
#1909 = ADVANCED_FACE('',(#1910),#433,.F.);
#1910 = FACE_BOUND('',#1911,.F.);
#1911 = EDGE_LOOP('',(#1912,#1913,#1936,#1957));
#1912 = ORIENTED_EDGE('',*,*,#417,.T.);
#1913 = ORIENTED_EDGE('',*,*,#1914,.T.);
#1914 = EDGE_CURVE('',#394,#1915,#1917,.T.);
#1915 = VERTEX_POINT('',#1916);
#1916 = CARTESIAN_POINT('',(-5.,-13.5,55.8));
#1917 = SURFACE_CURVE('',#1918,(#1922,#1929),.PCURVE_S1.);
#1918 = LINE('',#1919,#1920);
#1919 = CARTESIAN_POINT('',(-16.6,-13.5,55.8));
#1920 = VECTOR('',#1921,1.);
#1921 = DIRECTION('',(1.,0.,-0.));
#1922 = PCURVE('',#433,#1923);
#1923 = DEFINITIONAL_REPRESENTATION('',(#1924),#1928);
#1924 = LINE('',#1925,#1926);
#1925 = CARTESIAN_POINT('',(0.,3.5));
#1926 = VECTOR('',#1927,1.);
#1927 = DIRECTION('',(1.,0.));
#1928 = ( GEOMETRIC_REPRESENTATION_CONTEXT(2) 
PARAMETRIC_REPRESENTATION_CONTEXT() REPRESENTATION_CONTEXT('2D SPACE',''
  ) );
#1929 = PCURVE('',#348,#1930);
#1930 = DEFINITIONAL_REPRESENTATION('',(#1931),#1935);
#1931 = LINE('',#1932,#1933);
#1932 = CARTESIAN_POINT('',(-1.570796326795,0.));
#1933 = VECTOR('',#1934,1.);
#1934 = DIRECTION('',(-0.,1.));
#1935 = ( GEOMETRIC_REPRESENTATION_CONTEXT(2) 
PARAMETRIC_REPRESENTATION_CONTEXT() REPRESENTATION_CONTEXT('2D SPACE',''
  ) );
#1936 = ORIENTED_EDGE('',*,*,#1937,.T.);
#1937 = EDGE_CURVE('',#1915,#1834,#1938,.T.);
#1938 = SURFACE_CURVE('',#1939,(#1943,#1950),.PCURVE_S1.);
#1939 = LINE('',#1940,#1941);
#1940 = CARTESIAN_POINT('',(-5.,-17.,55.8));
#1941 = VECTOR('',#1942,1.);
#1942 = DIRECTION('',(-0.,1.,0.));
#1943 = PCURVE('',#433,#1944);
#1944 = DEFINITIONAL_REPRESENTATION('',(#1945),#1949);
#1945 = LINE('',#1946,#1947);
#1946 = CARTESIAN_POINT('',(11.6,0.));
#1947 = VECTOR('',#1948,1.);
#1948 = DIRECTION('',(0.,1.));
#1949 = ( GEOMETRIC_REPRESENTATION_CONTEXT(2) 
PARAMETRIC_REPRESENTATION_CONTEXT() REPRESENTATION_CONTEXT('2D SPACE',''
  ) );
#1950 = PCURVE('',#1545,#1951);
#1951 = DEFINITIONAL_REPRESENTATION('',(#1952),#1956);
#1952 = LINE('',#1953,#1954);
#1953 = CARTESIAN_POINT('',(39.,0.));
#1954 = VECTOR('',#1955,1.);
#1955 = DIRECTION('',(0.,-1.));
#1956 = ( GEOMETRIC_REPRESENTATION_CONTEXT(2) 
PARAMETRIC_REPRESENTATION_CONTEXT() REPRESENTATION_CONTEXT('2D SPACE',''
  ) );
#1957 = ORIENTED_EDGE('',*,*,#1833,.F.);
#1958 = ADVANCED_FACE('',(#1959),#348,.F.);
#1959 = FACE_BOUND('',#1960,.T.);
#1960 = EDGE_LOOP('',(#1961,#1984,#1985,#2006,#2035,#2054,#2055,#2056));
#1961 = ORIENTED_EDGE('',*,*,#1962,.F.);
#1962 = EDGE_CURVE('',#305,#1963,#1965,.T.);
#1963 = VERTEX_POINT('',#1964);
#1964 = CARTESIAN_POINT('',(-5.,-17.,52.3));
#1965 = SURFACE_CURVE('',#1966,(#1970,#1977),.PCURVE_S1.);
#1966 = LINE('',#1967,#1968);
#1967 = CARTESIAN_POINT('',(-16.6,-17.,52.3));
#1968 = VECTOR('',#1969,1.);
#1969 = DIRECTION('',(1.,0.,-0.));
#1970 = PCURVE('',#348,#1971);
#1971 = DEFINITIONAL_REPRESENTATION('',(#1972),#1976);
#1972 = LINE('',#1973,#1974);
#1973 = CARTESIAN_POINT('',(-0.,0.));
#1974 = VECTOR('',#1975,1.);
#1975 = DIRECTION('',(-0.,1.));
#1976 = ( GEOMETRIC_REPRESENTATION_CONTEXT(2) 
PARAMETRIC_REPRESENTATION_CONTEXT() REPRESENTATION_CONTEXT('2D SPACE',''
  ) );
#1977 = PCURVE('',#320,#1978);
#1978 = DEFINITIONAL_REPRESENTATION('',(#1979),#1983);
#1979 = LINE('',#1980,#1981);
#1980 = CARTESIAN_POINT('',(35.5,0.));
#1981 = VECTOR('',#1982,1.);
#1982 = DIRECTION('',(0.,1.));
#1983 = ( GEOMETRIC_REPRESENTATION_CONTEXT(2) 
PARAMETRIC_REPRESENTATION_CONTEXT() REPRESENTATION_CONTEXT('2D SPACE',''
  ) );
#1984 = ORIENTED_EDGE('',*,*,#331,.F.);
#1985 = ORIENTED_EDGE('',*,*,#1986,.T.);
#1986 = EDGE_CURVE('',#332,#1987,#1989,.T.);
#1987 = VERTEX_POINT('',#1988);
#1988 = CARTESIAN_POINT('',(-11.5,-16.93000525322,52.996465335014));
#1989 = SURFACE_CURVE('',#1990,(#1994,#2000),.PCURVE_S1.);
#1990 = LINE('',#1991,#1992);
#1991 = CARTESIAN_POINT('',(-16.6,-16.93000525322,52.996465335014));
#1992 = VECTOR('',#1993,1.);
#1993 = DIRECTION('',(1.,0.,-0.));
#1994 = PCURVE('',#348,#1995);
#1995 = DEFINITIONAL_REPRESENTATION('',(#1996),#1999);
#1996 = B_SPLINE_CURVE_WITH_KNOTS('',1,(#1997,#1998),.UNSPECIFIED.,.F.,
  .F.,(2,2),(9.99976E-02,5.1000024),.PIECEWISE_BEZIER_KNOTS.);
#1997 = CARTESIAN_POINT('',(-0.200327299775,9.99976E-02));
#1998 = CARTESIAN_POINT('',(-0.200327299775,5.1000024));
#1999 = ( GEOMETRIC_REPRESENTATION_CONTEXT(2) 
PARAMETRIC_REPRESENTATION_CONTEXT() REPRESENTATION_CONTEXT('2D SPACE',''
  ) );
#2000 = PCURVE('',#381,#2001);
#2001 = DEFINITIONAL_REPRESENTATION('',(#2002),#2005);
#2002 = B_SPLINE_CURVE_WITH_KNOTS('',1,(#2003,#2004),.UNSPECIFIED.,.F.,
  .F.,(2,2),(0.1,5.1),.PIECEWISE_BEZIER_KNOTS.);
#2003 = CARTESIAN_POINT('',(5.238029700825,-2.22044604925E-16));
#2004 = CARTESIAN_POINT('',(5.238029700825,5.));
#2005 = ( GEOMETRIC_REPRESENTATION_CONTEXT(2) 
PARAMETRIC_REPRESENTATION_CONTEXT() REPRESENTATION_CONTEXT('2D SPACE',''
  ) );
#2006 = ORIENTED_EDGE('',*,*,#2007,.F.);
#2007 = EDGE_CURVE('',#2008,#1987,#2010,.T.);
#2008 = VERTEX_POINT('',#2009);
#2009 = CARTESIAN_POINT('',(-11.5,-14.19646533501,55.730005253221));
#2010 = SURFACE_CURVE('',#2011,(#2016,#2023),.PCURVE_S1.);
#2011 = CIRCLE('',#2012,3.5);
#2012 = AXIS2_PLACEMENT_3D('',#2013,#2014,#2015);
#2013 = CARTESIAN_POINT('',(-11.5,-13.5,52.3));
#2014 = DIRECTION('',(1.,0.,0.));
#2015 = DIRECTION('',(0.,-1.,0.));
#2016 = PCURVE('',#348,#2017);
#2017 = DEFINITIONAL_REPRESENTATION('',(#2018),#2022);
#2018 = LINE('',#2019,#2020);
#2019 = CARTESIAN_POINT('',(-6.28318530718,5.1));
#2020 = VECTOR('',#2021,1.);
#2021 = DIRECTION('',(1.,-0.));
#2022 = ( GEOMETRIC_REPRESENTATION_CONTEXT(2) 
PARAMETRIC_REPRESENTATION_CONTEXT() REPRESENTATION_CONTEXT('2D SPACE',''
  ) );
#2023 = PCURVE('',#2024,#2029);
#2024 = PLANE('',#2025);
#2025 = AXIS2_PLACEMENT_3D('',#2026,#2027,#2028);
#2026 = CARTESIAN_POINT('',(-11.5,-15.2,54.));
#2027 = DIRECTION('',(1.,0.,2.22044604925E-16));
#2028 = DIRECTION('',(2.22044604925E-16,0.,-1.));
#2029 = DEFINITIONAL_REPRESENTATION('',(#2030),#2034);
#2030 = CIRCLE('',#2031,3.5);
#2031 = AXIS2_PLACEMENT_2D('',#2032,#2033);
#2032 = CARTESIAN_POINT('',(1.7,1.7));
#2033 = DIRECTION('',(0.,-1.));
#2034 = ( GEOMETRIC_REPRESENTATION_CONTEXT(2) 
PARAMETRIC_REPRESENTATION_CONTEXT() REPRESENTATION_CONTEXT('2D SPACE',''
  ) );
#2035 = ORIENTED_EDGE('',*,*,#2036,.F.);
#2036 = EDGE_CURVE('',#361,#2008,#2037,.T.);
#2037 = SURFACE_CURVE('',#2038,(#2042,#2048),.PCURVE_S1.);
#2038 = LINE('',#2039,#2040);
#2039 = CARTESIAN_POINT('',(-16.6,-14.19646533501,55.730005253221));
#2040 = VECTOR('',#2041,1.);
#2041 = DIRECTION('',(1.,0.,-0.));
#2042 = PCURVE('',#348,#2043);
#2043 = DEFINITIONAL_REPRESENTATION('',(#2044),#2047);
#2044 = B_SPLINE_CURVE_WITH_KNOTS('',1,(#2045,#2046),.UNSPECIFIED.,.F.,
  .F.,(2,2),(9.99976E-02,5.1000024),.PIECEWISE_BEZIER_KNOTS.);
#2045 = CARTESIAN_POINT('',(-1.37046902702,9.99976E-02));
#2046 = CARTESIAN_POINT('',(-1.37046902702,5.1000024));
#2047 = ( GEOMETRIC_REPRESENTATION_CONTEXT(2) 
PARAMETRIC_REPRESENTATION_CONTEXT() REPRESENTATION_CONTEXT('2D SPACE',''
  ) );
#2048 = PCURVE('',#381,#2049);
#2049 = DEFINITIONAL_REPRESENTATION('',(#2050),#2053);
#2050 = B_SPLINE_CURVE_WITH_KNOTS('',1,(#2051,#2052),.UNSPECIFIED.,.F.,
  .F.,(2,2),(0.1,5.1),.PIECEWISE_BEZIER_KNOTS.);
#2051 = CARTESIAN_POINT('',(8.899137240329,3.885780586188E-16));
#2052 = CARTESIAN_POINT('',(8.899137240329,5.));
#2053 = ( GEOMETRIC_REPRESENTATION_CONTEXT(2) 
PARAMETRIC_REPRESENTATION_CONTEXT() REPRESENTATION_CONTEXT('2D SPACE',''
  ) );
#2054 = ORIENTED_EDGE('',*,*,#393,.F.);
#2055 = ORIENTED_EDGE('',*,*,#1914,.T.);
#2056 = ORIENTED_EDGE('',*,*,#2057,.F.);
#2057 = EDGE_CURVE('',#1963,#1915,#2058,.T.);
#2058 = SURFACE_CURVE('',#2059,(#2064,#2071),.PCURVE_S1.);
#2059 = CIRCLE('',#2060,3.5);
#2060 = AXIS2_PLACEMENT_3D('',#2061,#2062,#2063);
#2061 = CARTESIAN_POINT('',(-5.,-13.5,52.3));
#2062 = DIRECTION('',(-1.,-0.,0.));
#2063 = DIRECTION('',(0.,0.,1.));
#2064 = PCURVE('',#348,#2065);
#2065 = DEFINITIONAL_REPRESENTATION('',(#2066),#2070);
#2066 = LINE('',#2067,#2068);
#2067 = CARTESIAN_POINT('',(4.712388980385,11.6));
#2068 = VECTOR('',#2069,1.);
#2069 = DIRECTION('',(-1.,0.));
#2070 = ( GEOMETRIC_REPRESENTATION_CONTEXT(2) 
PARAMETRIC_REPRESENTATION_CONTEXT() REPRESENTATION_CONTEXT('2D SPACE',''
  ) );
#2071 = PCURVE('',#1545,#2072);
#2072 = DEFINITIONAL_REPRESENTATION('',(#2073),#2081);
#2073 = ( BOUNDED_CURVE() B_SPLINE_CURVE(2,(#2074,#2075,#2076,#2077,
#2078,#2079,#2080),.UNSPECIFIED.,.T.,.F.) B_SPLINE_CURVE_WITH_KNOTS((1,2
    ,2,2,2,1),(-2.094395102393,0.,2.094395102393,4.188790204786,
6.28318530718,8.377580409573),.UNSPECIFIED.) CURVE() 
GEOMETRIC_REPRESENTATION_ITEM() RATIONAL_B_SPLINE_CURVE((1.,0.5,1.,0.5,
1.,0.5,1.)) REPRESENTATION_ITEM('') );
#2074 = CARTESIAN_POINT('',(39.,-3.5));
#2075 = CARTESIAN_POINT('',(39.,-9.562177826491));
#2076 = CARTESIAN_POINT('',(33.75,-6.531088913246));
#2077 = CARTESIAN_POINT('',(28.5,-3.5));
#2078 = CARTESIAN_POINT('',(33.75,-0.468911086754));
#2079 = CARTESIAN_POINT('',(39.,2.562177826491));
#2080 = CARTESIAN_POINT('',(39.,-3.5));
#2081 = ( GEOMETRIC_REPRESENTATION_CONTEXT(2) 
PARAMETRIC_REPRESENTATION_CONTEXT() REPRESENTATION_CONTEXT('2D SPACE',''
  ) );
#2082 = ADVANCED_FACE('',(#2083),#381,.T.);
#2083 = FACE_BOUND('',#2084,.T.);
#2084 = EDGE_LOOP('',(#2085,#2111,#2112,#2113));
#2085 = ORIENTED_EDGE('',*,*,#2086,.T.);
#2086 = EDGE_CURVE('',#2008,#1987,#2087,.T.);
#2087 = SURFACE_CURVE('',#2088,(#2093,#2100),.PCURVE_S1.);
#2088 = CIRCLE('',#2089,2.);
#2089 = AXIS2_PLACEMENT_3D('',#2090,#2091,#2092);
#2090 = CARTESIAN_POINT('',(-11.5,-15.2,54.));
#2091 = DIRECTION('',(-1.,0.,0.));
#2092 = DIRECTION('',(0.,0.501767332493,0.86500262661));
#2093 = PCURVE('',#381,#2094);
#2094 = DEFINITIONAL_REPRESENTATION('',(#2095),#2099);
#2095 = LINE('',#2096,#2097);
#2096 = CARTESIAN_POINT('',(8.899137240329,5.));
#2097 = VECTOR('',#2098,1.);
#2098 = DIRECTION('',(-1.,-0.));
#2099 = ( GEOMETRIC_REPRESENTATION_CONTEXT(2) 
PARAMETRIC_REPRESENTATION_CONTEXT() REPRESENTATION_CONTEXT('2D SPACE',''
  ) );
#2100 = PCURVE('',#2024,#2101);
#2101 = DEFINITIONAL_REPRESENTATION('',(#2102),#2110);
#2102 = ( BOUNDED_CURVE() B_SPLINE_CURVE(2,(#2103,#2104,#2105,#2106,
#2107,#2108,#2109),.UNSPECIFIED.,.T.,.F.) B_SPLINE_CURVE_WITH_KNOTS((1,2
    ,2,2,2,1),(-2.094395102393,0.,2.094395102393,4.188790204786,
6.28318530718,8.377580409573),.UNSPECIFIED.) CURVE() 
GEOMETRIC_REPRESENTATION_ITEM() RATIONAL_B_SPLINE_CURVE((1.,0.5,1.,0.5,
1.,0.5,1.)) REPRESENTATION_ITEM('') );
#2103 = CARTESIAN_POINT('',(-1.730005253221,1.003534664986));
#2104 = CARTESIAN_POINT('',(8.167773691107E-03,3.999991660925));
#2105 = CARTESIAN_POINT('',(1.734089140066,0.996461165477));
#2106 = CARTESIAN_POINT('',(3.460010506442,-2.007069329972));
#2107 = CARTESIAN_POINT('',(-4.083886845553E-03,-1.999995830463));
#2108 = CARTESIAN_POINT('',(-3.468178280133,-1.992922330954));
#2109 = CARTESIAN_POINT('',(-1.730005253221,1.003534664986));
#2110 = ( GEOMETRIC_REPRESENTATION_CONTEXT(2) 
PARAMETRIC_REPRESENTATION_CONTEXT() REPRESENTATION_CONTEXT('2D SPACE',''
  ) );
#2111 = ORIENTED_EDGE('',*,*,#1986,.F.);
#2112 = ORIENTED_EDGE('',*,*,#360,.F.);
#2113 = ORIENTED_EDGE('',*,*,#2036,.T.);
#2114 = ADVANCED_FACE('',(#2115),#320,.T.);
#2115 = FACE_BOUND('',#2116,.T.);
#2116 = EDGE_LOOP('',(#2117,#2140,#2161,#2162));
#2117 = ORIENTED_EDGE('',*,*,#2118,.F.);
#2118 = EDGE_CURVE('',#2119,#1963,#2121,.T.);
#2119 = VERTEX_POINT('',#2120);
#2120 = CARTESIAN_POINT('',(-5.,-17.,20.3));
#2121 = SURFACE_CURVE('',#2122,(#2126,#2133),.PCURVE_S1.);
#2122 = LINE('',#2123,#2124);
#2123 = CARTESIAN_POINT('',(-5.,-17.,16.8));
#2124 = VECTOR('',#2125,1.);
#2125 = DIRECTION('',(0.,0.,1.));
#2126 = PCURVE('',#320,#2127);
#2127 = DEFINITIONAL_REPRESENTATION('',(#2128),#2132);
#2128 = LINE('',#2129,#2130);
#2129 = CARTESIAN_POINT('',(0.,11.6));
#2130 = VECTOR('',#2131,1.);
#2131 = DIRECTION('',(1.,0.));
#2132 = ( GEOMETRIC_REPRESENTATION_CONTEXT(2) 
PARAMETRIC_REPRESENTATION_CONTEXT() REPRESENTATION_CONTEXT('2D SPACE',''
  ) );
#2133 = PCURVE('',#1545,#2134);
#2134 = DEFINITIONAL_REPRESENTATION('',(#2135),#2139);
#2135 = LINE('',#2136,#2137);
#2136 = CARTESIAN_POINT('',(0.,0.));
#2137 = VECTOR('',#2138,1.);
#2138 = DIRECTION('',(1.,0.));
#2139 = ( GEOMETRIC_REPRESENTATION_CONTEXT(2) 
PARAMETRIC_REPRESENTATION_CONTEXT() REPRESENTATION_CONTEXT('2D SPACE',''
  ) );
#2140 = ORIENTED_EDGE('',*,*,#2141,.F.);
#2141 = EDGE_CURVE('',#281,#2119,#2142,.T.);
#2142 = SURFACE_CURVE('',#2143,(#2147,#2154),.PCURVE_S1.);
#2143 = LINE('',#2144,#2145);
#2144 = CARTESIAN_POINT('',(-16.6,-17.,20.3));
#2145 = VECTOR('',#2146,1.);
#2146 = DIRECTION('',(1.,0.,-0.));
#2147 = PCURVE('',#320,#2148);
#2148 = DEFINITIONAL_REPRESENTATION('',(#2149),#2153);
#2149 = LINE('',#2150,#2151);
#2150 = CARTESIAN_POINT('',(3.5,0.));
#2151 = VECTOR('',#2152,1.);
#2152 = DIRECTION('',(0.,1.));
#2153 = ( GEOMETRIC_REPRESENTATION_CONTEXT(2) 
PARAMETRIC_REPRESENTATION_CONTEXT() REPRESENTATION_CONTEXT('2D SPACE',''
  ) );
#2154 = PCURVE('',#239,#2155);
#2155 = DEFINITIONAL_REPRESENTATION('',(#2156),#2160);
#2156 = LINE('',#2157,#2158);
#2157 = CARTESIAN_POINT('',(0.,0.));
#2158 = VECTOR('',#2159,1.);
#2159 = DIRECTION('',(0.,1.));
#2160 = ( GEOMETRIC_REPRESENTATION_CONTEXT(2) 
PARAMETRIC_REPRESENTATION_CONTEXT() REPRESENTATION_CONTEXT('2D SPACE',''
  ) );
#2161 = ORIENTED_EDGE('',*,*,#304,.T.);
#2162 = ORIENTED_EDGE('',*,*,#1962,.T.);
#2163 = ADVANCED_FACE('',(#2164),#239,.F.);
#2164 = FACE_BOUND('',#2165,.F.);
#2165 = EDGE_LOOP('',(#2166,#2167,#2168,#2189,#2218,#2237,#2238,#2239));
#2166 = ORIENTED_EDGE('',*,*,#2141,.F.);
#2167 = ORIENTED_EDGE('',*,*,#280,.T.);
#2168 = ORIENTED_EDGE('',*,*,#2169,.T.);
#2169 = EDGE_CURVE('',#252,#2170,#2172,.T.);
#2170 = VERTEX_POINT('',#2171);
#2171 = CARTESIAN_POINT('',(-11.5,-16.93000525322,19.603534664986));
#2172 = SURFACE_CURVE('',#2173,(#2177,#2183),.PCURVE_S1.);
#2173 = LINE('',#2174,#2175);
#2174 = CARTESIAN_POINT('',(-16.6,-16.93000525322,19.603534664986));
#2175 = VECTOR('',#2176,1.);
#2176 = DIRECTION('',(1.,0.,-0.));
#2177 = PCURVE('',#239,#2178);
#2178 = DEFINITIONAL_REPRESENTATION('',(#2179),#2182);
#2179 = B_SPLINE_CURVE_WITH_KNOTS('',1,(#2180,#2181),.UNSPECIFIED.,.F.,
  .F.,(2,2),(9.99976E-02,5.1000024),.PIECEWISE_BEZIER_KNOTS.);
#2180 = CARTESIAN_POINT('',(0.200327299775,9.99976E-02));
#2181 = CARTESIAN_POINT('',(0.200327299775,5.1000024));
#2182 = ( GEOMETRIC_REPRESENTATION_CONTEXT(2) 
PARAMETRIC_REPRESENTATION_CONTEXT() REPRESENTATION_CONTEXT('2D SPACE',''
  ) );
#2183 = PCURVE('',#268,#2184);
#2184 = DEFINITIONAL_REPRESENTATION('',(#2185),#2188);
#2185 = B_SPLINE_CURVE_WITH_KNOTS('',1,(#2186,#2187),.UNSPECIFIED.,.F.,
  .F.,(2,2),(9.99976E-02,5.1000024),.PIECEWISE_BEZIER_KNOTS.);
#2186 = CARTESIAN_POINT('',(4.186748259945,-2.399999999403E-06));
#2187 = CARTESIAN_POINT('',(4.186748259945,5.0000024));
#2188 = ( GEOMETRIC_REPRESENTATION_CONTEXT(2) 
PARAMETRIC_REPRESENTATION_CONTEXT() REPRESENTATION_CONTEXT('2D SPACE',''
  ) );
#2189 = ORIENTED_EDGE('',*,*,#2190,.T.);
#2190 = EDGE_CURVE('',#2170,#2191,#2193,.T.);
#2191 = VERTEX_POINT('',#2192);
#2192 = CARTESIAN_POINT('',(-11.5,-14.19646533501,16.869994746779));
#2193 = SURFACE_CURVE('',#2194,(#2199,#2206),.PCURVE_S1.);
#2194 = CIRCLE('',#2195,3.5);
#2195 = AXIS2_PLACEMENT_3D('',#2196,#2197,#2198);
#2196 = CARTESIAN_POINT('',(-11.5,-13.5,20.3));
#2197 = DIRECTION('',(1.,0.,0.));
#2198 = DIRECTION('',(0.,-1.,0.));
#2199 = PCURVE('',#239,#2200);
#2200 = DEFINITIONAL_REPRESENTATION('',(#2201),#2205);
#2201 = LINE('',#2202,#2203);
#2202 = CARTESIAN_POINT('',(0.,5.1));
#2203 = VECTOR('',#2204,1.);
#2204 = DIRECTION('',(1.,0.));
#2205 = ( GEOMETRIC_REPRESENTATION_CONTEXT(2) 
PARAMETRIC_REPRESENTATION_CONTEXT() REPRESENTATION_CONTEXT('2D SPACE',''
  ) );
#2206 = PCURVE('',#2207,#2212);
#2207 = PLANE('',#2208);
#2208 = AXIS2_PLACEMENT_3D('',#2209,#2210,#2211);
#2209 = CARTESIAN_POINT('',(-11.5,-15.2,18.6));
#2210 = DIRECTION('',(1.,0.,2.22044604925E-16));
#2211 = DIRECTION('',(2.22044604925E-16,0.,-1.));
#2212 = DEFINITIONAL_REPRESENTATION('',(#2213),#2217);
#2213 = CIRCLE('',#2214,3.5);
#2214 = AXIS2_PLACEMENT_2D('',#2215,#2216);
#2215 = CARTESIAN_POINT('',(-1.7,1.7));
#2216 = DIRECTION('',(0.,-1.));
#2217 = ( GEOMETRIC_REPRESENTATION_CONTEXT(2) 
PARAMETRIC_REPRESENTATION_CONTEXT() REPRESENTATION_CONTEXT('2D SPACE',''
  ) );
#2218 = ORIENTED_EDGE('',*,*,#2219,.F.);
#2219 = EDGE_CURVE('',#223,#2191,#2220,.T.);
#2220 = SURFACE_CURVE('',#2221,(#2225,#2231),.PCURVE_S1.);
#2221 = LINE('',#2222,#2223);
#2222 = CARTESIAN_POINT('',(-16.6,-14.19646533501,16.869994746779));
#2223 = VECTOR('',#2224,1.);
#2224 = DIRECTION('',(1.,0.,-0.));
#2225 = PCURVE('',#239,#2226);
#2226 = DEFINITIONAL_REPRESENTATION('',(#2227),#2230);
#2227 = B_SPLINE_CURVE_WITH_KNOTS('',1,(#2228,#2229),.UNSPECIFIED.,.F.,
  .F.,(2,2),(9.99976E-02,5.1000024),.PIECEWISE_BEZIER_KNOTS.);
#2228 = CARTESIAN_POINT('',(1.37046902702,9.99976E-02));
#2229 = CARTESIAN_POINT('',(1.37046902702,5.1000024));
#2230 = ( GEOMETRIC_REPRESENTATION_CONTEXT(2) 
PARAMETRIC_REPRESENTATION_CONTEXT() REPRESENTATION_CONTEXT('2D SPACE',''
  ) );
#2231 = PCURVE('',#268,#2232);
#2232 = DEFINITIONAL_REPRESENTATION('',(#2233),#2236);
#2233 = B_SPLINE_CURVE_WITH_KNOTS('',1,(#2234,#2235),.UNSPECIFIED.,.F.,
  .F.,(2,2),(9.99976E-02,5.1000024),.PIECEWISE_BEZIER_KNOTS.);
#2234 = CARTESIAN_POINT('',(0.52564072044,-2.400000000014E-06));
#2235 = CARTESIAN_POINT('',(0.52564072044,5.0000024));
#2236 = ( GEOMETRIC_REPRESENTATION_CONTEXT(2) 
PARAMETRIC_REPRESENTATION_CONTEXT() REPRESENTATION_CONTEXT('2D SPACE',''
  ) );
#2237 = ORIENTED_EDGE('',*,*,#222,.T.);
#2238 = ORIENTED_EDGE('',*,*,#1508,.T.);
#2239 = ORIENTED_EDGE('',*,*,#2240,.F.);
#2240 = EDGE_CURVE('',#2119,#1509,#2241,.T.);
#2241 = SURFACE_CURVE('',#2242,(#2247,#2254),.PCURVE_S1.);
#2242 = CIRCLE('',#2243,3.5);
#2243 = AXIS2_PLACEMENT_3D('',#2244,#2245,#2246);
#2244 = CARTESIAN_POINT('',(-5.,-13.5,20.3));
#2245 = DIRECTION('',(1.,0.,-0.));
#2246 = DIRECTION('',(0.,0.,1.));
#2247 = PCURVE('',#239,#2248);
#2248 = DEFINITIONAL_REPRESENTATION('',(#2249),#2253);
#2249 = LINE('',#2250,#2251);
#2250 = CARTESIAN_POINT('',(-1.570796326795,11.6));
#2251 = VECTOR('',#2252,1.);
#2252 = DIRECTION('',(1.,0.));
#2253 = ( GEOMETRIC_REPRESENTATION_CONTEXT(2) 
PARAMETRIC_REPRESENTATION_CONTEXT() REPRESENTATION_CONTEXT('2D SPACE',''
  ) );
#2254 = PCURVE('',#1545,#2255);
#2255 = DEFINITIONAL_REPRESENTATION('',(#2256),#2260);
#2256 = CIRCLE('',#2257,3.5);
#2257 = AXIS2_PLACEMENT_2D('',#2258,#2259);
#2258 = CARTESIAN_POINT('',(3.5,-3.5));
#2259 = DIRECTION('',(1.,0.));
#2260 = ( GEOMETRIC_REPRESENTATION_CONTEXT(2) 
PARAMETRIC_REPRESENTATION_CONTEXT() REPRESENTATION_CONTEXT('2D SPACE',''
  ) );
#2261 = ADVANCED_FACE('',(#2262),#268,.T.);
#2262 = FACE_BOUND('',#2263,.T.);
#2263 = EDGE_LOOP('',(#2264,#2286,#2287,#2288));
#2264 = ORIENTED_EDGE('',*,*,#2265,.F.);
#2265 = EDGE_CURVE('',#2191,#2170,#2266,.T.);
#2266 = SURFACE_CURVE('',#2267,(#2272,#2279),.PCURVE_S1.);
#2267 = CIRCLE('',#2268,2.);
#2268 = AXIS2_PLACEMENT_3D('',#2269,#2270,#2271);
#2269 = CARTESIAN_POINT('',(-11.5,-15.2,18.6));
#2270 = DIRECTION('',(1.,-0.,2.22044604925E-16));
#2271 = DIRECTION('',(2.22044604925E-16,0.,-1.));
#2272 = PCURVE('',#268,#2273);
#2273 = DEFINITIONAL_REPRESENTATION('',(#2274),#2278);
#2274 = LINE('',#2275,#2276);
#2275 = CARTESIAN_POINT('',(0.,5.));
#2276 = VECTOR('',#2277,1.);
#2277 = DIRECTION('',(1.,0.));
#2278 = ( GEOMETRIC_REPRESENTATION_CONTEXT(2) 
PARAMETRIC_REPRESENTATION_CONTEXT() REPRESENTATION_CONTEXT('2D SPACE',''
  ) );
#2279 = PCURVE('',#2207,#2280);
#2280 = DEFINITIONAL_REPRESENTATION('',(#2281),#2285);
#2281 = CIRCLE('',#2282,2.);
#2282 = AXIS2_PLACEMENT_2D('',#2283,#2284);
#2283 = CARTESIAN_POINT('',(0.,0.));
#2284 = DIRECTION('',(1.,0.));
#2285 = ( GEOMETRIC_REPRESENTATION_CONTEXT(2) 
PARAMETRIC_REPRESENTATION_CONTEXT() REPRESENTATION_CONTEXT('2D SPACE',''
  ) );
#2286 = ORIENTED_EDGE('',*,*,#2219,.F.);
#2287 = ORIENTED_EDGE('',*,*,#251,.T.);
#2288 = ORIENTED_EDGE('',*,*,#2169,.T.);
#2289 = ADVANCED_FACE('',(#2290),#184,.T.);
#2290 = FACE_BOUND('',#2291,.T.);
#2291 = EDGE_LOOP('',(#2292,#2315,#2336,#2357,#2376,#2377));
#2292 = ORIENTED_EDGE('',*,*,#2293,.F.);
#2293 = EDGE_CURVE('',#2294,#1468,#2296,.T.);
#2294 = VERTEX_POINT('',#2295);
#2295 = CARTESIAN_POINT('',(-12.,-4.7,15.3));
#2296 = SURFACE_CURVE('',#2297,(#2301,#2308),.PCURVE_S1.);
#2297 = LINE('',#2298,#2299);
#2298 = CARTESIAN_POINT('',(-12.,-4.7,15.2));
#2299 = VECTOR('',#2300,1.);
#2300 = DIRECTION('',(0.,0.,1.));
#2301 = PCURVE('',#184,#2302);
#2302 = DEFINITIONAL_REPRESENTATION('',(#2303),#2307);
#2303 = LINE('',#2304,#2305);
#2304 = CARTESIAN_POINT('',(0.,4.6));
#2305 = VECTOR('',#2306,1.);
#2306 = DIRECTION('',(1.,0.));
#2307 = ( GEOMETRIC_REPRESENTATION_CONTEXT(2) 
PARAMETRIC_REPRESENTATION_CONTEXT() REPRESENTATION_CONTEXT('2D SPACE',''
  ) );
#2308 = PCURVE('',#1361,#2309);
#2309 = DEFINITIONAL_REPRESENTATION('',(#2310),#2314);
#2310 = LINE('',#2311,#2312);
#2311 = CARTESIAN_POINT('',(0.,0.));
#2312 = VECTOR('',#2313,1.);
#2313 = DIRECTION('',(1.,0.));
#2314 = ( GEOMETRIC_REPRESENTATION_CONTEXT(2) 
PARAMETRIC_REPRESENTATION_CONTEXT() REPRESENTATION_CONTEXT('2D SPACE',''
  ) );
#2315 = ORIENTED_EDGE('',*,*,#2316,.T.);
#2316 = EDGE_CURVE('',#2294,#2317,#2319,.T.);
#2317 = VERTEX_POINT('',#2318);
#2318 = CARTESIAN_POINT('',(-16.,-4.7,15.3));
#2319 = SURFACE_CURVE('',#2320,(#2324,#2330),.PCURVE_S1.);
#2320 = LINE('',#2321,#2322);
#2321 = CARTESIAN_POINT('',(-16.55,-4.7,15.3));
#2322 = VECTOR('',#2323,1.);
#2323 = DIRECTION('',(-1.,-0.,0.));
#2324 = PCURVE('',#184,#2325);
#2325 = DEFINITIONAL_REPRESENTATION('',(#2326),#2329);
#2326 = B_SPLINE_CURVE_WITH_KNOTS('',1,(#2327,#2328),.UNSPECIFIED.,.F.,
  .F.,(2,2),(-4.55,-0.55),.PIECEWISE_BEZIER_KNOTS.);
#2327 = CARTESIAN_POINT('',(0.1,4.6));
#2328 = CARTESIAN_POINT('',(0.1,0.6));
#2329 = ( GEOMETRIC_REPRESENTATION_CONTEXT(2) 
PARAMETRIC_REPRESENTATION_CONTEXT() REPRESENTATION_CONTEXT('2D SPACE',''
  ) );
#2330 = PCURVE('',#1388,#2331);
#2331 = DEFINITIONAL_REPRESENTATION('',(#2332),#2335);
#2332 = B_SPLINE_CURVE_WITH_KNOTS('',1,(#2333,#2334),.UNSPECIFIED.,.F.,
  .F.,(2,2),(-4.55,-0.55),.PIECEWISE_BEZIER_KNOTS.);
#2333 = CARTESIAN_POINT('',(4.5,13.8));
#2334 = CARTESIAN_POINT('',(0.5,13.8));
#2335 = ( GEOMETRIC_REPRESENTATION_CONTEXT(2) 
PARAMETRIC_REPRESENTATION_CONTEXT() REPRESENTATION_CONTEXT('2D SPACE',''
  ) );
#2336 = ORIENTED_EDGE('',*,*,#2337,.T.);
#2337 = EDGE_CURVE('',#2317,#2338,#2340,.T.);
#2338 = VERTEX_POINT('',#2339);
#2339 = CARTESIAN_POINT('',(-16.,-4.7,15.8));
#2340 = SURFACE_CURVE('',#2341,(#2345,#2351),.PCURVE_S1.);
#2341 = LINE('',#2342,#2343);
#2342 = CARTESIAN_POINT('',(-16.,-4.7,14.75));
#2343 = VECTOR('',#2344,1.);
#2344 = DIRECTION('',(0.,0.,1.));
#2345 = PCURVE('',#184,#2346);
#2346 = DEFINITIONAL_REPRESENTATION('',(#2347),#2350);
#2347 = B_SPLINE_CURVE_WITH_KNOTS('',1,(#2348,#2349),.UNSPECIFIED.,.F.,
  .F.,(2,2),(0.55,2.15),.PIECEWISE_BEZIER_KNOTS.);
#2348 = CARTESIAN_POINT('',(0.1,0.6));
#2349 = CARTESIAN_POINT('',(1.7,0.6));
#2350 = ( GEOMETRIC_REPRESENTATION_CONTEXT(2) 
PARAMETRIC_REPRESENTATION_CONTEXT() REPRESENTATION_CONTEXT('2D SPACE',''
  ) );
#2351 = PCURVE('',#997,#2352);
#2352 = DEFINITIONAL_REPRESENTATION('',(#2353),#2356);
#2353 = B_SPLINE_CURVE_WITH_KNOTS('',1,(#2354,#2355),.UNSPECIFIED.,.F.,
  .F.,(2,2),(0.55,2.15),.PIECEWISE_BEZIER_KNOTS.);
#2354 = CARTESIAN_POINT('',(1.,-14.8));
#2355 = CARTESIAN_POINT('',(2.6,-14.8));
#2356 = ( GEOMETRIC_REPRESENTATION_CONTEXT(2) 
PARAMETRIC_REPRESENTATION_CONTEXT() REPRESENTATION_CONTEXT('2D SPACE',''
  ) );
#2357 = ORIENTED_EDGE('',*,*,#2358,.T.);
#2358 = EDGE_CURVE('',#2338,#143,#2359,.T.);
#2359 = SURFACE_CURVE('',#2360,(#2364,#2370),.PCURVE_S1.);
#2360 = LINE('',#2361,#2362);
#2361 = CARTESIAN_POINT('',(-16.65,-4.7,15.8));
#2362 = VECTOR('',#2363,1.);
#2363 = DIRECTION('',(-1.,-0.,0.));
#2364 = PCURVE('',#184,#2365);
#2365 = DEFINITIONAL_REPRESENTATION('',(#2366),#2369);
#2366 = B_SPLINE_CURVE_WITH_KNOTS('',1,(#2367,#2368),.UNSPECIFIED.,.F.,
  .F.,(2,2),(-0.65,-0.15),.PIECEWISE_BEZIER_KNOTS.);
#2367 = CARTESIAN_POINT('',(0.6,0.6));
#2368 = CARTESIAN_POINT('',(0.6,0.1));
#2369 = ( GEOMETRIC_REPRESENTATION_CONTEXT(2) 
PARAMETRIC_REPRESENTATION_CONTEXT() REPRESENTATION_CONTEXT('2D SPACE',''
  ) );
#2370 = PCURVE('',#158,#2371);
#2371 = DEFINITIONAL_REPRESENTATION('',(#2372),#2375);
#2372 = B_SPLINE_CURVE_WITH_KNOTS('',1,(#2373,#2374),.UNSPECIFIED.,.F.,
  .F.,(2,2),(-0.65,-0.15),.PIECEWISE_BEZIER_KNOTS.);
#2373 = CARTESIAN_POINT('',(0.7,13.3));
#2374 = CARTESIAN_POINT('',(0.2,13.3));
#2375 = ( GEOMETRIC_REPRESENTATION_CONTEXT(2) 
PARAMETRIC_REPRESENTATION_CONTEXT() REPRESENTATION_CONTEXT('2D SPACE',''
  ) );
#2376 = ORIENTED_EDGE('',*,*,#169,.T.);
#2377 = ORIENTED_EDGE('',*,*,#1488,.F.);
#2378 = ADVANCED_FACE('',(#2379),#158,.F.);
#2379 = FACE_BOUND('',#2380,.F.);
#2380 = EDGE_LOOP('',(#2381,#2382,#2383,#2406));
#2381 = ORIENTED_EDGE('',*,*,#2358,.T.);
#2382 = ORIENTED_EDGE('',*,*,#142,.T.);
#2383 = ORIENTED_EDGE('',*,*,#2384,.T.);
#2384 = EDGE_CURVE('',#114,#2385,#2387,.T.);
#2385 = VERTEX_POINT('',#2386);
#2386 = CARTESIAN_POINT('',(-16.,-13.5,15.8));
#2387 = SURFACE_CURVE('',#2388,(#2392,#2399),.PCURVE_S1.);
#2388 = LINE('',#2389,#2390);
#2389 = CARTESIAN_POINT('',(-16.7,-13.5,15.8));
#2390 = VECTOR('',#2391,1.);
#2391 = DIRECTION('',(1.,0.,-0.));
#2392 = PCURVE('',#158,#2393);
#2393 = DEFINITIONAL_REPRESENTATION('',(#2394),#2398);
#2394 = LINE('',#2395,#2396);
#2395 = CARTESIAN_POINT('',(0.,4.5));
#2396 = VECTOR('',#2397,1.);
#2397 = DIRECTION('',(1.,0.));
#2398 = ( GEOMETRIC_REPRESENTATION_CONTEXT(2) 
PARAMETRIC_REPRESENTATION_CONTEXT() REPRESENTATION_CONTEXT('2D SPACE',''
  ) );
#2399 = PCURVE('',#130,#2400);
#2400 = DEFINITIONAL_REPRESENTATION('',(#2401),#2405);
#2401 = LINE('',#2402,#2403);
#2402 = CARTESIAN_POINT('',(1.570796326795,0.));
#2403 = VECTOR('',#2404,1.);
#2404 = DIRECTION('',(0.,1.));
#2405 = ( GEOMETRIC_REPRESENTATION_CONTEXT(2) 
PARAMETRIC_REPRESENTATION_CONTEXT() REPRESENTATION_CONTEXT('2D SPACE',''
  ) );
#2406 = ORIENTED_EDGE('',*,*,#2407,.F.);
#2407 = EDGE_CURVE('',#2338,#2385,#2408,.T.);
#2408 = SURFACE_CURVE('',#2409,(#2413,#2419),.PCURVE_S1.);
#2409 = LINE('',#2410,#2411);
#2410 = CARTESIAN_POINT('',(-16.,-18.75,15.8));
#2411 = VECTOR('',#2412,1.);
#2412 = DIRECTION('',(0.,-1.,0.));
#2413 = PCURVE('',#158,#2414);
#2414 = DEFINITIONAL_REPRESENTATION('',(#2415),#2418);
#2415 = B_SPLINE_CURVE_WITH_KNOTS('',1,(#2416,#2417),.UNSPECIFIED.,.F.,
  .F.,(2,2),(-32.25,-5.25),.PIECEWISE_BEZIER_KNOTS.);
#2416 = CARTESIAN_POINT('',(0.7,31.5));
#2417 = CARTESIAN_POINT('',(0.7,4.5));
#2418 = ( GEOMETRIC_REPRESENTATION_CONTEXT(2) 
PARAMETRIC_REPRESENTATION_CONTEXT() REPRESENTATION_CONTEXT('2D SPACE',''
  ) );
#2419 = PCURVE('',#997,#2420);
#2420 = DEFINITIONAL_REPRESENTATION('',(#2421),#2424);
#2421 = B_SPLINE_CURVE_WITH_KNOTS('',1,(#2422,#2423),.UNSPECIFIED.,.F.,
  .F.,(2,2),(-32.25,-5.25),.PIECEWISE_BEZIER_KNOTS.);
#2422 = CARTESIAN_POINT('',(1.5,-33.));
#2423 = CARTESIAN_POINT('',(1.5,-6.));
#2424 = ( GEOMETRIC_REPRESENTATION_CONTEXT(2) 
PARAMETRIC_REPRESENTATION_CONTEXT() REPRESENTATION_CONTEXT('2D SPACE',''
  ) );
#2425 = ADVANCED_FACE('',(#2426),#130,.T.);
#2426 = FACE_BOUND('',#2427,.T.);
#2427 = EDGE_LOOP('',(#2428,#2429,#2430,#2431));
#2428 = ORIENTED_EDGE('',*,*,#1008,.F.);
#2429 = ORIENTED_EDGE('',*,*,#113,.T.);
#2430 = ORIENTED_EDGE('',*,*,#2384,.T.);
#2431 = ORIENTED_EDGE('',*,*,#2432,.F.);
#2432 = EDGE_CURVE('',#981,#2385,#2433,.T.);
#2433 = SURFACE_CURVE('',#2434,(#2439,#2446),.PCURVE_S1.);
#2434 = CIRCLE('',#2435,4.5);
#2435 = AXIS2_PLACEMENT_3D('',#2436,#2437,#2438);
#2436 = CARTESIAN_POINT('',(-16.,-13.5,20.3));
#2437 = DIRECTION('',(1.,0.,0.));
#2438 = DIRECTION('',(0.,-1.,0.));
#2439 = PCURVE('',#130,#2440);
#2440 = DEFINITIONAL_REPRESENTATION('',(#2441),#2445);
#2441 = LINE('',#2442,#2443);
#2442 = CARTESIAN_POINT('',(0.,0.7));
#2443 = VECTOR('',#2444,1.);
#2444 = DIRECTION('',(1.,0.));
#2445 = ( GEOMETRIC_REPRESENTATION_CONTEXT(2) 
PARAMETRIC_REPRESENTATION_CONTEXT() REPRESENTATION_CONTEXT('2D SPACE',''
  ) );
#2446 = PCURVE('',#997,#2447);
#2447 = DEFINITIONAL_REPRESENTATION('',(#2448),#2452);
#2448 = CIRCLE('',#2449,4.5);
#2449 = AXIS2_PLACEMENT_2D('',#2450,#2451);
#2450 = CARTESIAN_POINT('',(6.,-6.));
#2451 = DIRECTION('',(0.,1.));
#2452 = ( GEOMETRIC_REPRESENTATION_CONTEXT(2) 
PARAMETRIC_REPRESENTATION_CONTEXT() REPRESENTATION_CONTEXT('2D SPACE',''
  ) );
#2453 = ADVANCED_FACE('',(#2454),#872,.F.);
#2454 = FACE_BOUND('',#2455,.F.);
#2455 = EDGE_LOOP('',(#2456,#2479,#2506,#2507));
#2456 = ORIENTED_EDGE('',*,*,#2457,.T.);
#2457 = EDGE_CURVE('',#856,#2458,#2460,.T.);
#2458 = VERTEX_POINT('',#2459);
#2459 = CARTESIAN_POINT('',(-12.,15.2,17.8));
#2460 = SEAM_CURVE('',#2461,(#2465,#2472),.PCURVE_S1.);
#2461 = LINE('',#2462,#2463);
#2462 = CARTESIAN_POINT('',(-16.6,15.2,17.8));
#2463 = VECTOR('',#2464,1.);
#2464 = DIRECTION('',(1.,0.,2.22044604925E-16));
#2465 = PCURVE('',#872,#2466);
#2466 = DEFINITIONAL_REPRESENTATION('',(#2467),#2471);
#2467 = LINE('',#2468,#2469);
#2468 = CARTESIAN_POINT('',(6.28318530718,-0.));
#2469 = VECTOR('',#2470,1.);
#2470 = DIRECTION('',(0.,1.));
#2471 = ( GEOMETRIC_REPRESENTATION_CONTEXT(2) 
PARAMETRIC_REPRESENTATION_CONTEXT() REPRESENTATION_CONTEXT('2D SPACE',''
  ) );
#2472 = PCURVE('',#872,#2473);
#2473 = DEFINITIONAL_REPRESENTATION('',(#2474),#2478);
#2474 = LINE('',#2475,#2476);
#2475 = CARTESIAN_POINT('',(0.,-0.));
#2476 = VECTOR('',#2477,1.);
#2477 = DIRECTION('',(0.,1.));
#2478 = ( GEOMETRIC_REPRESENTATION_CONTEXT(2) 
PARAMETRIC_REPRESENTATION_CONTEXT() REPRESENTATION_CONTEXT('2D SPACE',''
  ) );
#2479 = ORIENTED_EDGE('',*,*,#2480,.F.);
#2480 = EDGE_CURVE('',#2458,#2458,#2481,.T.);
#2481 = SURFACE_CURVE('',#2482,(#2487,#2494),.PCURVE_S1.);
#2482 = CIRCLE('',#2483,0.8);
#2483 = AXIS2_PLACEMENT_3D('',#2484,#2485,#2486);
#2484 = CARTESIAN_POINT('',(-12.,15.2,18.6));
#2485 = DIRECTION('',(1.,-0.,2.22044604925E-16));
#2486 = DIRECTION('',(2.22044604925E-16,0.,-1.));
#2487 = PCURVE('',#872,#2488);
#2488 = DEFINITIONAL_REPRESENTATION('',(#2489),#2493);
#2489 = LINE('',#2490,#2491);
#2490 = CARTESIAN_POINT('',(0.,4.6));
#2491 = VECTOR('',#2492,1.);
#2492 = DIRECTION('',(1.,0.));
#2493 = ( GEOMETRIC_REPRESENTATION_CONTEXT(2) 
PARAMETRIC_REPRESENTATION_CONTEXT() REPRESENTATION_CONTEXT('2D SPACE',''
  ) );
#2494 = PCURVE('',#2495,#2500);
#2495 = PLANE('',#2496);
#2496 = AXIS2_PLACEMENT_3D('',#2497,#2498,#2499);
#2497 = CARTESIAN_POINT('',(-12.,15.2,18.6));
#2498 = DIRECTION('',(1.,0.,2.22044604925E-16));
#2499 = DIRECTION('',(2.22044604925E-16,0.,-1.));
#2500 = DEFINITIONAL_REPRESENTATION('',(#2501),#2505);
#2501 = CIRCLE('',#2502,0.8);
#2502 = AXIS2_PLACEMENT_2D('',#2503,#2504);
#2503 = CARTESIAN_POINT('',(0.,0.));
#2504 = DIRECTION('',(1.,0.));
#2505 = ( GEOMETRIC_REPRESENTATION_CONTEXT(2) 
PARAMETRIC_REPRESENTATION_CONTEXT() REPRESENTATION_CONTEXT('2D SPACE',''
  ) );
#2506 = ORIENTED_EDGE('',*,*,#2457,.F.);
#2507 = ORIENTED_EDGE('',*,*,#855,.T.);
#2508 = ADVANCED_FACE('',(#2509),#903,.F.);
#2509 = FACE_BOUND('',#2510,.F.);
#2510 = EDGE_LOOP('',(#2511,#2534,#2561,#2562));
#2511 = ORIENTED_EDGE('',*,*,#2512,.T.);
#2512 = EDGE_CURVE('',#887,#2513,#2515,.T.);
#2513 = VERTEX_POINT('',#2514);
#2514 = CARTESIAN_POINT('',(-12.,15.2,53.2));
#2515 = SEAM_CURVE('',#2516,(#2520,#2527),.PCURVE_S1.);
#2516 = LINE('',#2517,#2518);
#2517 = CARTESIAN_POINT('',(-16.6,15.2,53.2));
#2518 = VECTOR('',#2519,1.);
#2519 = DIRECTION('',(1.,0.,2.22044604925E-16));
#2520 = PCURVE('',#903,#2521);
#2521 = DEFINITIONAL_REPRESENTATION('',(#2522),#2526);
#2522 = LINE('',#2523,#2524);
#2523 = CARTESIAN_POINT('',(6.28318530718,-0.));
#2524 = VECTOR('',#2525,1.);
#2525 = DIRECTION('',(0.,1.));
#2526 = ( GEOMETRIC_REPRESENTATION_CONTEXT(2) 
PARAMETRIC_REPRESENTATION_CONTEXT() REPRESENTATION_CONTEXT('2D SPACE',''
  ) );
#2527 = PCURVE('',#903,#2528);
#2528 = DEFINITIONAL_REPRESENTATION('',(#2529),#2533);
#2529 = LINE('',#2530,#2531);
#2530 = CARTESIAN_POINT('',(0.,-0.));
#2531 = VECTOR('',#2532,1.);
#2532 = DIRECTION('',(0.,1.));
#2533 = ( GEOMETRIC_REPRESENTATION_CONTEXT(2) 
PARAMETRIC_REPRESENTATION_CONTEXT() REPRESENTATION_CONTEXT('2D SPACE',''
  ) );
#2534 = ORIENTED_EDGE('',*,*,#2535,.F.);
#2535 = EDGE_CURVE('',#2513,#2513,#2536,.T.);
#2536 = SURFACE_CURVE('',#2537,(#2542,#2549),.PCURVE_S1.);
#2537 = CIRCLE('',#2538,0.8);
#2538 = AXIS2_PLACEMENT_3D('',#2539,#2540,#2541);
#2539 = CARTESIAN_POINT('',(-12.,15.2,54.));
#2540 = DIRECTION('',(1.,-0.,2.22044604925E-16));
#2541 = DIRECTION('',(2.22044604925E-16,0.,-1.));
#2542 = PCURVE('',#903,#2543);
#2543 = DEFINITIONAL_REPRESENTATION('',(#2544),#2548);
#2544 = LINE('',#2545,#2546);
#2545 = CARTESIAN_POINT('',(0.,4.6));
#2546 = VECTOR('',#2547,1.);
#2547 = DIRECTION('',(1.,0.));
#2548 = ( GEOMETRIC_REPRESENTATION_CONTEXT(2) 
PARAMETRIC_REPRESENTATION_CONTEXT() REPRESENTATION_CONTEXT('2D SPACE',''
  ) );
#2549 = PCURVE('',#2550,#2555);
#2550 = PLANE('',#2551);
#2551 = AXIS2_PLACEMENT_3D('',#2552,#2553,#2554);
#2552 = CARTESIAN_POINT('',(-12.,15.2,54.));
#2553 = DIRECTION('',(1.,0.,2.22044604925E-16));
#2554 = DIRECTION('',(2.22044604925E-16,0.,-1.));
#2555 = DEFINITIONAL_REPRESENTATION('',(#2556),#2560);
#2556 = CIRCLE('',#2557,0.8);
#2557 = AXIS2_PLACEMENT_2D('',#2558,#2559);
#2558 = CARTESIAN_POINT('',(0.,0.));
#2559 = DIRECTION('',(1.,0.));
#2560 = ( GEOMETRIC_REPRESENTATION_CONTEXT(2) 
PARAMETRIC_REPRESENTATION_CONTEXT() REPRESENTATION_CONTEXT('2D SPACE',''
  ) );
#2561 = ORIENTED_EDGE('',*,*,#2512,.F.);
#2562 = ORIENTED_EDGE('',*,*,#886,.T.);
#2563 = ADVANCED_FACE('',(#2564),#934,.F.);
#2564 = FACE_BOUND('',#2565,.F.);
#2565 = EDGE_LOOP('',(#2566,#2589,#2616,#2617));
#2566 = ORIENTED_EDGE('',*,*,#2567,.T.);
#2567 = EDGE_CURVE('',#918,#2568,#2570,.T.);
#2568 = VERTEX_POINT('',#2569);
#2569 = CARTESIAN_POINT('',(-12.,-15.2,17.8));
#2570 = SEAM_CURVE('',#2571,(#2575,#2582),.PCURVE_S1.);
#2571 = LINE('',#2572,#2573);
#2572 = CARTESIAN_POINT('',(-16.6,-15.2,17.8));
#2573 = VECTOR('',#2574,1.);
#2574 = DIRECTION('',(1.,0.,2.22044604925E-16));
#2575 = PCURVE('',#934,#2576);
#2576 = DEFINITIONAL_REPRESENTATION('',(#2577),#2581);
#2577 = LINE('',#2578,#2579);
#2578 = CARTESIAN_POINT('',(6.28318530718,-0.));
#2579 = VECTOR('',#2580,1.);
#2580 = DIRECTION('',(0.,1.));
#2581 = ( GEOMETRIC_REPRESENTATION_CONTEXT(2) 
PARAMETRIC_REPRESENTATION_CONTEXT() REPRESENTATION_CONTEXT('2D SPACE',''
  ) );
#2582 = PCURVE('',#934,#2583);
#2583 = DEFINITIONAL_REPRESENTATION('',(#2584),#2588);
#2584 = LINE('',#2585,#2586);
#2585 = CARTESIAN_POINT('',(0.,-0.));
#2586 = VECTOR('',#2587,1.);
#2587 = DIRECTION('',(0.,1.));
#2588 = ( GEOMETRIC_REPRESENTATION_CONTEXT(2) 
PARAMETRIC_REPRESENTATION_CONTEXT() REPRESENTATION_CONTEXT('2D SPACE',''
  ) );
#2589 = ORIENTED_EDGE('',*,*,#2590,.F.);
#2590 = EDGE_CURVE('',#2568,#2568,#2591,.T.);
#2591 = SURFACE_CURVE('',#2592,(#2597,#2604),.PCURVE_S1.);
#2592 = CIRCLE('',#2593,0.8);
#2593 = AXIS2_PLACEMENT_3D('',#2594,#2595,#2596);
#2594 = CARTESIAN_POINT('',(-12.,-15.2,18.6));
#2595 = DIRECTION('',(1.,-0.,2.22044604925E-16));
#2596 = DIRECTION('',(2.22044604925E-16,0.,-1.));
#2597 = PCURVE('',#934,#2598);
#2598 = DEFINITIONAL_REPRESENTATION('',(#2599),#2603);
#2599 = LINE('',#2600,#2601);
#2600 = CARTESIAN_POINT('',(0.,4.6));
#2601 = VECTOR('',#2602,1.);
#2602 = DIRECTION('',(1.,0.));
#2603 = ( GEOMETRIC_REPRESENTATION_CONTEXT(2) 
PARAMETRIC_REPRESENTATION_CONTEXT() REPRESENTATION_CONTEXT('2D SPACE',''
  ) );
#2604 = PCURVE('',#2605,#2610);
#2605 = PLANE('',#2606);
#2606 = AXIS2_PLACEMENT_3D('',#2607,#2608,#2609);
#2607 = CARTESIAN_POINT('',(-12.,-15.2,18.6));
#2608 = DIRECTION('',(1.,0.,2.22044604925E-16));
#2609 = DIRECTION('',(2.22044604925E-16,0.,-1.));
#2610 = DEFINITIONAL_REPRESENTATION('',(#2611),#2615);
#2611 = CIRCLE('',#2612,0.8);
#2612 = AXIS2_PLACEMENT_2D('',#2613,#2614);
#2613 = CARTESIAN_POINT('',(0.,0.));
#2614 = DIRECTION('',(1.,0.));
#2615 = ( GEOMETRIC_REPRESENTATION_CONTEXT(2) 
PARAMETRIC_REPRESENTATION_CONTEXT() REPRESENTATION_CONTEXT('2D SPACE',''
  ) );
#2616 = ORIENTED_EDGE('',*,*,#2567,.F.);
#2617 = ORIENTED_EDGE('',*,*,#917,.T.);
#2618 = ADVANCED_FACE('',(#2619),#965,.F.);
#2619 = FACE_BOUND('',#2620,.F.);
#2620 = EDGE_LOOP('',(#2621,#2644,#2671,#2672));
#2621 = ORIENTED_EDGE('',*,*,#2622,.T.);
#2622 = EDGE_CURVE('',#949,#2623,#2625,.T.);
#2623 = VERTEX_POINT('',#2624);
#2624 = CARTESIAN_POINT('',(-12.,-15.2,53.2));
#2625 = SEAM_CURVE('',#2626,(#2630,#2637),.PCURVE_S1.);
#2626 = LINE('',#2627,#2628);
#2627 = CARTESIAN_POINT('',(-16.6,-15.2,53.2));
#2628 = VECTOR('',#2629,1.);
#2629 = DIRECTION('',(1.,0.,2.22044604925E-16));
#2630 = PCURVE('',#965,#2631);
#2631 = DEFINITIONAL_REPRESENTATION('',(#2632),#2636);
#2632 = LINE('',#2633,#2634);
#2633 = CARTESIAN_POINT('',(6.28318530718,-0.));
#2634 = VECTOR('',#2635,1.);
#2635 = DIRECTION('',(0.,1.));
#2636 = ( GEOMETRIC_REPRESENTATION_CONTEXT(2) 
PARAMETRIC_REPRESENTATION_CONTEXT() REPRESENTATION_CONTEXT('2D SPACE',''
  ) );
#2637 = PCURVE('',#965,#2638);
#2638 = DEFINITIONAL_REPRESENTATION('',(#2639),#2643);
#2639 = LINE('',#2640,#2641);
#2640 = CARTESIAN_POINT('',(0.,-0.));
#2641 = VECTOR('',#2642,1.);
#2642 = DIRECTION('',(0.,1.));
#2643 = ( GEOMETRIC_REPRESENTATION_CONTEXT(2) 
PARAMETRIC_REPRESENTATION_CONTEXT() REPRESENTATION_CONTEXT('2D SPACE',''
  ) );
#2644 = ORIENTED_EDGE('',*,*,#2645,.F.);
#2645 = EDGE_CURVE('',#2623,#2623,#2646,.T.);
#2646 = SURFACE_CURVE('',#2647,(#2652,#2659),.PCURVE_S1.);
#2647 = CIRCLE('',#2648,0.8);
#2648 = AXIS2_PLACEMENT_3D('',#2649,#2650,#2651);
#2649 = CARTESIAN_POINT('',(-12.,-15.2,54.));
#2650 = DIRECTION('',(1.,-0.,2.22044604925E-16));
#2651 = DIRECTION('',(2.22044604925E-16,0.,-1.));
#2652 = PCURVE('',#965,#2653);
#2653 = DEFINITIONAL_REPRESENTATION('',(#2654),#2658);
#2654 = LINE('',#2655,#2656);
#2655 = CARTESIAN_POINT('',(0.,4.6));
#2656 = VECTOR('',#2657,1.);
#2657 = DIRECTION('',(1.,0.));
#2658 = ( GEOMETRIC_REPRESENTATION_CONTEXT(2) 
PARAMETRIC_REPRESENTATION_CONTEXT() REPRESENTATION_CONTEXT('2D SPACE',''
  ) );
#2659 = PCURVE('',#2660,#2665);
#2660 = PLANE('',#2661);
#2661 = AXIS2_PLACEMENT_3D('',#2662,#2663,#2664);
#2662 = CARTESIAN_POINT('',(-12.,-15.2,54.));
#2663 = DIRECTION('',(1.,0.,2.22044604925E-16));
#2664 = DIRECTION('',(2.22044604925E-16,0.,-1.));
#2665 = DEFINITIONAL_REPRESENTATION('',(#2666),#2670);
#2666 = CIRCLE('',#2667,0.8);
#2667 = AXIS2_PLACEMENT_2D('',#2668,#2669);
#2668 = CARTESIAN_POINT('',(0.,0.));
#2669 = DIRECTION('',(1.,0.));
#2670 = ( GEOMETRIC_REPRESENTATION_CONTEXT(2) 
PARAMETRIC_REPRESENTATION_CONTEXT() REPRESENTATION_CONTEXT('2D SPACE',''
  ) );
#2671 = ORIENTED_EDGE('',*,*,#2622,.F.);
#2672 = ORIENTED_EDGE('',*,*,#948,.T.);
#2673 = ADVANCED_FACE('',(#2674),#997,.F.);
#2674 = FACE_BOUND('',#2675,.F.);
#2675 = EDGE_LOOP('',(#2676,#2705,#2734,#2760,#2789,#2808,#2809,#2810,
    #2811,#2812,#2813,#2814,#2815,#2816,#2817,#2818,#2819,#2840,#2869,
    #2895));
#2676 = ORIENTED_EDGE('',*,*,#2677,.F.);
#2677 = EDGE_CURVE('',#2678,#2680,#2682,.T.);
#2678 = VERTEX_POINT('',#2679);
#2679 = CARTESIAN_POINT('',(-16.,-13.5,57.3));
#2680 = VERTEX_POINT('',#2681);
#2681 = CARTESIAN_POINT('',(-16.,13.5,57.3));
#2682 = SURFACE_CURVE('',#2683,(#2687,#2693),.PCURVE_S1.);
#2683 = LINE('',#2684,#2685);
#2684 = CARTESIAN_POINT('',(-16.,-19.,57.3));
#2685 = VECTOR('',#2686,1.);
#2686 = DIRECTION('',(-0.,1.,0.));
#2687 = PCURVE('',#997,#2688);
#2688 = DEFINITIONAL_REPRESENTATION('',(#2689),#2692);
#2689 = B_SPLINE_CURVE_WITH_KNOTS('',1,(#2690,#2691),.UNSPECIFIED.,.F.,
  .F.,(2,2),(5.5,32.5),.PIECEWISE_BEZIER_KNOTS.);
#2690 = CARTESIAN_POINT('',(43.,-6.));
#2691 = CARTESIAN_POINT('',(43.,-33.));
#2692 = ( GEOMETRIC_REPRESENTATION_CONTEXT(2) 
PARAMETRIC_REPRESENTATION_CONTEXT() REPRESENTATION_CONTEXT('2D SPACE',''
  ) );
#2693 = PCURVE('',#2694,#2699);
#2694 = PLANE('',#2695);
#2695 = AXIS2_PLACEMENT_3D('',#2696,#2697,#2698);
#2696 = CARTESIAN_POINT('',(-16.5,-18.5,57.3));
#2697 = DIRECTION('',(0.,0.,1.));
#2698 = DIRECTION('',(1.,0.,-0.));
#2699 = DEFINITIONAL_REPRESENTATION('',(#2700),#2704);
#2700 = LINE('',#2701,#2702);
#2701 = CARTESIAN_POINT('',(0.5,-0.5));
#2702 = VECTOR('',#2703,1.);
#2703 = DIRECTION('',(0.,1.));
#2704 = ( GEOMETRIC_REPRESENTATION_CONTEXT(2) 
PARAMETRIC_REPRESENTATION_CONTEXT() REPRESENTATION_CONTEXT('2D SPACE',''
  ) );
#2705 = ORIENTED_EDGE('',*,*,#2706,.T.);
#2706 = EDGE_CURVE('',#2678,#2707,#2709,.T.);
#2707 = VERTEX_POINT('',#2708);
#2708 = CARTESIAN_POINT('',(-16.,-18.5,52.3));
#2709 = SURFACE_CURVE('',#2710,(#2715,#2722),.PCURVE_S1.);
#2710 = CIRCLE('',#2711,5.);
#2711 = AXIS2_PLACEMENT_3D('',#2712,#2713,#2714);
#2712 = CARTESIAN_POINT('',(-16.,-13.5,52.3));
#2713 = DIRECTION('',(1.,0.,0.));
#2714 = DIRECTION('',(0.,-1.,0.));
#2715 = PCURVE('',#997,#2716);
#2716 = DEFINITIONAL_REPRESENTATION('',(#2717),#2721);
#2717 = CIRCLE('',#2718,5.);
#2718 = AXIS2_PLACEMENT_2D('',#2719,#2720);
#2719 = CARTESIAN_POINT('',(38.,-6.));
#2720 = DIRECTION('',(0.,1.));
#2721 = ( GEOMETRIC_REPRESENTATION_CONTEXT(2) 
PARAMETRIC_REPRESENTATION_CONTEXT() REPRESENTATION_CONTEXT('2D SPACE',''
  ) );
#2722 = PCURVE('',#2723,#2728);
#2723 = CYLINDRICAL_SURFACE('',#2724,5.);
#2724 = AXIS2_PLACEMENT_3D('',#2725,#2726,#2727);
#2725 = CARTESIAN_POINT('',(-16.5,-13.5,52.3));
#2726 = DIRECTION('',(1.,0.,-0.));
#2727 = DIRECTION('',(0.,-1.,0.));
#2728 = DEFINITIONAL_REPRESENTATION('',(#2729),#2733);
#2729 = LINE('',#2730,#2731);
#2730 = CARTESIAN_POINT('',(-6.28318530718,0.5));
#2731 = VECTOR('',#2732,1.);
#2732 = DIRECTION('',(1.,-0.));
#2733 = ( GEOMETRIC_REPRESENTATION_CONTEXT(2) 
PARAMETRIC_REPRESENTATION_CONTEXT() REPRESENTATION_CONTEXT('2D SPACE',''
  ) );
#2734 = ORIENTED_EDGE('',*,*,#2735,.T.);
#2735 = EDGE_CURVE('',#2707,#2736,#2738,.T.);
#2736 = VERTEX_POINT('',#2737);
#2737 = CARTESIAN_POINT('',(-16.,-18.5,20.3));
#2738 = SURFACE_CURVE('',#2739,(#2743,#2749),.PCURVE_S1.);
#2739 = LINE('',#2740,#2741);
#2740 = CARTESIAN_POINT('',(-16.,-18.5,14.8));
#2741 = VECTOR('',#2742,1.);
#2742 = DIRECTION('',(-0.,0.,-1.));
#2743 = PCURVE('',#997,#2744);
#2744 = DEFINITIONAL_REPRESENTATION('',(#2745),#2748);
#2745 = B_SPLINE_CURVE_WITH_KNOTS('',1,(#2746,#2747),.UNSPECIFIED.,.F.,
  .F.,(2,2),(-37.5,-5.5),.PIECEWISE_BEZIER_KNOTS.);
#2746 = CARTESIAN_POINT('',(38.,-1.));
#2747 = CARTESIAN_POINT('',(6.,-1.));
#2748 = ( GEOMETRIC_REPRESENTATION_CONTEXT(2) 
PARAMETRIC_REPRESENTATION_CONTEXT() REPRESENTATION_CONTEXT('2D SPACE',''
  ) );
#2749 = PCURVE('',#2750,#2755);
#2750 = PLANE('',#2751);
#2751 = AXIS2_PLACEMENT_3D('',#2752,#2753,#2754);
#2752 = CARTESIAN_POINT('',(-16.5,-18.5,15.3));
#2753 = DIRECTION('',(-0.,1.,0.));
#2754 = DIRECTION('',(0.,0.,1.));
#2755 = DEFINITIONAL_REPRESENTATION('',(#2756),#2759);
#2756 = B_SPLINE_CURVE_WITH_KNOTS('',1,(#2757,#2758),.UNSPECIFIED.,.F.,
  .F.,(2,2),(-37.5,-5.5),.PIECEWISE_BEZIER_KNOTS.);
#2757 = CARTESIAN_POINT('',(37.,0.5));
#2758 = CARTESIAN_POINT('',(5.,0.5));
#2759 = ( GEOMETRIC_REPRESENTATION_CONTEXT(2) 
PARAMETRIC_REPRESENTATION_CONTEXT() REPRESENTATION_CONTEXT('2D SPACE',''
  ) );
#2760 = ORIENTED_EDGE('',*,*,#2761,.T.);
#2761 = EDGE_CURVE('',#2736,#2762,#2764,.T.);
#2762 = VERTEX_POINT('',#2763);
#2763 = CARTESIAN_POINT('',(-16.,-13.5,15.3));
#2764 = SURFACE_CURVE('',#2765,(#2770,#2777),.PCURVE_S1.);
#2765 = CIRCLE('',#2766,5.);
#2766 = AXIS2_PLACEMENT_3D('',#2767,#2768,#2769);
#2767 = CARTESIAN_POINT('',(-16.,-13.5,20.3));
#2768 = DIRECTION('',(1.,0.,0.));
#2769 = DIRECTION('',(0.,-1.,0.));
#2770 = PCURVE('',#997,#2771);
#2771 = DEFINITIONAL_REPRESENTATION('',(#2772),#2776);
#2772 = CIRCLE('',#2773,5.);
#2773 = AXIS2_PLACEMENT_2D('',#2774,#2775);
#2774 = CARTESIAN_POINT('',(6.,-6.));
#2775 = DIRECTION('',(0.,1.));
#2776 = ( GEOMETRIC_REPRESENTATION_CONTEXT(2) 
PARAMETRIC_REPRESENTATION_CONTEXT() REPRESENTATION_CONTEXT('2D SPACE',''
  ) );
#2777 = PCURVE('',#2778,#2783);
#2778 = CYLINDRICAL_SURFACE('',#2779,5.);
#2779 = AXIS2_PLACEMENT_3D('',#2780,#2781,#2782);
#2780 = CARTESIAN_POINT('',(-16.5,-13.5,20.3));
#2781 = DIRECTION('',(1.,0.,-0.));
#2782 = DIRECTION('',(0.,-1.,0.));
#2783 = DEFINITIONAL_REPRESENTATION('',(#2784),#2788);
#2784 = LINE('',#2785,#2786);
#2785 = CARTESIAN_POINT('',(0.,0.5));
#2786 = VECTOR('',#2787,1.);
#2787 = DIRECTION('',(1.,0.));
#2788 = ( GEOMETRIC_REPRESENTATION_CONTEXT(2) 
PARAMETRIC_REPRESENTATION_CONTEXT() REPRESENTATION_CONTEXT('2D SPACE',''
  ) );
#2789 = ORIENTED_EDGE('',*,*,#2790,.T.);
#2790 = EDGE_CURVE('',#2762,#2317,#2791,.T.);
#2791 = SURFACE_CURVE('',#2792,(#2796,#2802),.PCURVE_S1.);
#2792 = LINE('',#2793,#2794);
#2793 = CARTESIAN_POINT('',(-16.,-19.,15.3));
#2794 = VECTOR('',#2795,1.);
#2795 = DIRECTION('',(-0.,1.,0.));
#2796 = PCURVE('',#997,#2797);
#2797 = DEFINITIONAL_REPRESENTATION('',(#2798),#2801);
#2798 = B_SPLINE_CURVE_WITH_KNOTS('',1,(#2799,#2800),.UNSPECIFIED.,.F.,
  .F.,(2,2),(5.5,32.5),.PIECEWISE_BEZIER_KNOTS.);
#2799 = CARTESIAN_POINT('',(1.,-6.));
#2800 = CARTESIAN_POINT('',(1.,-33.));
#2801 = ( GEOMETRIC_REPRESENTATION_CONTEXT(2) 
PARAMETRIC_REPRESENTATION_CONTEXT() REPRESENTATION_CONTEXT('2D SPACE',''
  ) );
#2802 = PCURVE('',#1388,#2803);
#2803 = DEFINITIONAL_REPRESENTATION('',(#2804),#2807);
#2804 = B_SPLINE_CURVE_WITH_KNOTS('',1,(#2805,#2806),.UNSPECIFIED.,.F.,
  .F.,(2,2),(5.5,32.5),.PIECEWISE_BEZIER_KNOTS.);
#2805 = CARTESIAN_POINT('',(0.5,5.));
#2806 = CARTESIAN_POINT('',(0.5,32.));
#2807 = ( GEOMETRIC_REPRESENTATION_CONTEXT(2) 
PARAMETRIC_REPRESENTATION_CONTEXT() REPRESENTATION_CONTEXT('2D SPACE',''
  ) );
#2808 = ORIENTED_EDGE('',*,*,#2337,.T.);
#2809 = ORIENTED_EDGE('',*,*,#2407,.T.);
#2810 = ORIENTED_EDGE('',*,*,#2432,.F.);
#2811 = ORIENTED_EDGE('',*,*,#980,.T.);
#2812 = ORIENTED_EDGE('',*,*,#1079,.F.);
#2813 = ORIENTED_EDGE('',*,*,#1129,.F.);
#2814 = ORIENTED_EDGE('',*,*,#1176,.F.);
#2815 = ORIENTED_EDGE('',*,*,#1201,.F.);
#2816 = ORIENTED_EDGE('',*,*,#1273,.F.);
#2817 = ORIENTED_EDGE('',*,*,#1321,.T.);
#2818 = ORIENTED_EDGE('',*,*,#1399,.F.);
#2819 = ORIENTED_EDGE('',*,*,#2820,.T.);
#2820 = EDGE_CURVE('',#1374,#2821,#2823,.T.);
#2821 = VERTEX_POINT('',#2822);
#2822 = CARTESIAN_POINT('',(-16.,13.5,15.3));
#2823 = SURFACE_CURVE('',#2824,(#2828,#2834),.PCURVE_S1.);
#2824 = LINE('',#2825,#2826);
#2825 = CARTESIAN_POINT('',(-16.,-19.,15.3));
#2826 = VECTOR('',#2827,1.);
#2827 = DIRECTION('',(-0.,1.,0.));
#2828 = PCURVE('',#997,#2829);
#2829 = DEFINITIONAL_REPRESENTATION('',(#2830),#2833);
#2830 = B_SPLINE_CURVE_WITH_KNOTS('',1,(#2831,#2832),.UNSPECIFIED.,.F.,
  .F.,(2,2),(5.5,32.5),.PIECEWISE_BEZIER_KNOTS.);
#2831 = CARTESIAN_POINT('',(1.,-6.));
#2832 = CARTESIAN_POINT('',(1.,-33.));
#2833 = ( GEOMETRIC_REPRESENTATION_CONTEXT(2) 
PARAMETRIC_REPRESENTATION_CONTEXT() REPRESENTATION_CONTEXT('2D SPACE',''
  ) );
#2834 = PCURVE('',#1388,#2835);
#2835 = DEFINITIONAL_REPRESENTATION('',(#2836),#2839);
#2836 = B_SPLINE_CURVE_WITH_KNOTS('',1,(#2837,#2838),.UNSPECIFIED.,.F.,
  .F.,(2,2),(5.5,32.5),.PIECEWISE_BEZIER_KNOTS.);
#2837 = CARTESIAN_POINT('',(0.5,5.));
#2838 = CARTESIAN_POINT('',(0.5,32.));
#2839 = ( GEOMETRIC_REPRESENTATION_CONTEXT(2) 
PARAMETRIC_REPRESENTATION_CONTEXT() REPRESENTATION_CONTEXT('2D SPACE',''
  ) );
#2840 = ORIENTED_EDGE('',*,*,#2841,.T.);
#2841 = EDGE_CURVE('',#2821,#2842,#2844,.T.);
#2842 = VERTEX_POINT('',#2843);
#2843 = CARTESIAN_POINT('',(-16.,18.5,20.3));
#2844 = SURFACE_CURVE('',#2845,(#2850,#2857),.PCURVE_S1.);
#2845 = CIRCLE('',#2846,5.);
#2846 = AXIS2_PLACEMENT_3D('',#2847,#2848,#2849);
#2847 = CARTESIAN_POINT('',(-16.,13.5,20.3));
#2848 = DIRECTION('',(1.,0.,-0.));
#2849 = DIRECTION('',(0.,1.,0.));
#2850 = PCURVE('',#997,#2851);
#2851 = DEFINITIONAL_REPRESENTATION('',(#2852),#2856);
#2852 = CIRCLE('',#2853,5.);
#2853 = AXIS2_PLACEMENT_2D('',#2854,#2855);
#2854 = CARTESIAN_POINT('',(6.,-33.));
#2855 = DIRECTION('',(0.,-1.));
#2856 = ( GEOMETRIC_REPRESENTATION_CONTEXT(2) 
PARAMETRIC_REPRESENTATION_CONTEXT() REPRESENTATION_CONTEXT('2D SPACE',''
  ) );
#2857 = PCURVE('',#2858,#2863);
#2858 = CYLINDRICAL_SURFACE('',#2859,5.);
#2859 = AXIS2_PLACEMENT_3D('',#2860,#2861,#2862);
#2860 = CARTESIAN_POINT('',(-16.5,13.5,20.3));
#2861 = DIRECTION('',(1.,0.,-0.));
#2862 = DIRECTION('',(0.,1.,0.));
#2863 = DEFINITIONAL_REPRESENTATION('',(#2864),#2868);
#2864 = LINE('',#2865,#2866);
#2865 = CARTESIAN_POINT('',(-6.28318530718,0.5));
#2866 = VECTOR('',#2867,1.);
#2867 = DIRECTION('',(1.,-0.));
#2868 = ( GEOMETRIC_REPRESENTATION_CONTEXT(2) 
PARAMETRIC_REPRESENTATION_CONTEXT() REPRESENTATION_CONTEXT('2D SPACE',''
  ) );
#2869 = ORIENTED_EDGE('',*,*,#2870,.F.);
#2870 = EDGE_CURVE('',#2871,#2842,#2873,.T.);
#2871 = VERTEX_POINT('',#2872);
#2872 = CARTESIAN_POINT('',(-16.,18.5,52.3));
#2873 = SURFACE_CURVE('',#2874,(#2878,#2884),.PCURVE_S1.);
#2874 = LINE('',#2875,#2876);
#2875 = CARTESIAN_POINT('',(-16.,18.5,14.8));
#2876 = VECTOR('',#2877,1.);
#2877 = DIRECTION('',(-0.,0.,-1.));
#2878 = PCURVE('',#997,#2879);
#2879 = DEFINITIONAL_REPRESENTATION('',(#2880),#2883);
#2880 = B_SPLINE_CURVE_WITH_KNOTS('',1,(#2881,#2882),.UNSPECIFIED.,.F.,
  .F.,(2,2),(-37.5,-5.5),.PIECEWISE_BEZIER_KNOTS.);
#2881 = CARTESIAN_POINT('',(38.,-38.));
#2882 = CARTESIAN_POINT('',(6.,-38.));
#2883 = ( GEOMETRIC_REPRESENTATION_CONTEXT(2) 
PARAMETRIC_REPRESENTATION_CONTEXT() REPRESENTATION_CONTEXT('2D SPACE',''
  ) );
#2884 = PCURVE('',#2885,#2890);
#2885 = PLANE('',#2886);
#2886 = AXIS2_PLACEMENT_3D('',#2887,#2888,#2889);
#2887 = CARTESIAN_POINT('',(-16.5,18.5,15.3));
#2888 = DIRECTION('',(-0.,1.,0.));
#2889 = DIRECTION('',(0.,0.,1.));
#2890 = DEFINITIONAL_REPRESENTATION('',(#2891),#2894);
#2891 = B_SPLINE_CURVE_WITH_KNOTS('',1,(#2892,#2893),.UNSPECIFIED.,.F.,
  .F.,(2,2),(-37.5,-5.5),.PIECEWISE_BEZIER_KNOTS.);
#2892 = CARTESIAN_POINT('',(37.,0.5));
#2893 = CARTESIAN_POINT('',(5.,0.5));
#2894 = ( GEOMETRIC_REPRESENTATION_CONTEXT(2) 
PARAMETRIC_REPRESENTATION_CONTEXT() REPRESENTATION_CONTEXT('2D SPACE',''
  ) );
#2895 = ORIENTED_EDGE('',*,*,#2896,.T.);
#2896 = EDGE_CURVE('',#2871,#2680,#2897,.T.);
#2897 = SURFACE_CURVE('',#2898,(#2903,#2910),.PCURVE_S1.);
#2898 = CIRCLE('',#2899,5.);
#2899 = AXIS2_PLACEMENT_3D('',#2900,#2901,#2902);
#2900 = CARTESIAN_POINT('',(-16.,13.5,52.3));
#2901 = DIRECTION('',(1.,0.,-0.));
#2902 = DIRECTION('',(0.,1.,0.));
#2903 = PCURVE('',#997,#2904);
#2904 = DEFINITIONAL_REPRESENTATION('',(#2905),#2909);
#2905 = CIRCLE('',#2906,5.);
#2906 = AXIS2_PLACEMENT_2D('',#2907,#2908);
#2907 = CARTESIAN_POINT('',(38.,-33.));
#2908 = DIRECTION('',(0.,-1.));
#2909 = ( GEOMETRIC_REPRESENTATION_CONTEXT(2) 
PARAMETRIC_REPRESENTATION_CONTEXT() REPRESENTATION_CONTEXT('2D SPACE',''
  ) );
#2910 = PCURVE('',#2911,#2916);
#2911 = CYLINDRICAL_SURFACE('',#2912,5.);
#2912 = AXIS2_PLACEMENT_3D('',#2913,#2914,#2915);
#2913 = CARTESIAN_POINT('',(-16.5,13.5,52.3));
#2914 = DIRECTION('',(1.,0.,-0.));
#2915 = DIRECTION('',(0.,1.,0.));
#2916 = DEFINITIONAL_REPRESENTATION('',(#2917),#2921);
#2917 = LINE('',#2918,#2919);
#2918 = CARTESIAN_POINT('',(0.,0.5));
#2919 = VECTOR('',#2920,1.);
#2920 = DIRECTION('',(1.,0.));
#2921 = ( GEOMETRIC_REPRESENTATION_CONTEXT(2) 
PARAMETRIC_REPRESENTATION_CONTEXT() REPRESENTATION_CONTEXT('2D SPACE',''
  ) );
#2922 = ADVANCED_FACE('',(#2923),#1361,.F.);
#2923 = FACE_BOUND('',#2924,.F.);
#2924 = EDGE_LOOP('',(#2925,#2926,#2945,#2946));
#2925 = ORIENTED_EDGE('',*,*,#2293,.F.);
#2926 = ORIENTED_EDGE('',*,*,#2927,.T.);
#2927 = EDGE_CURVE('',#2294,#1344,#2928,.T.);
#2928 = SURFACE_CURVE('',#2929,(#2933,#2939),.PCURVE_S1.);
#2929 = LINE('',#2930,#2931);
#2930 = CARTESIAN_POINT('',(-12.,-11.6,15.3));
#2931 = VECTOR('',#2932,1.);
#2932 = DIRECTION('',(-0.,1.,0.));
#2933 = PCURVE('',#1361,#2934);
#2934 = DEFINITIONAL_REPRESENTATION('',(#2935),#2938);
#2935 = B_SPLINE_CURVE_WITH_KNOTS('',1,(#2936,#2937),.UNSPECIFIED.,.F.,
  .F.,(2,2),(6.9,16.3),.PIECEWISE_BEZIER_KNOTS.);
#2936 = CARTESIAN_POINT('',(0.1,0.));
#2937 = CARTESIAN_POINT('',(0.1,-9.4));
#2938 = ( GEOMETRIC_REPRESENTATION_CONTEXT(2) 
PARAMETRIC_REPRESENTATION_CONTEXT() REPRESENTATION_CONTEXT('2D SPACE',''
  ) );
#2939 = PCURVE('',#1388,#2940);
#2940 = DEFINITIONAL_REPRESENTATION('',(#2941),#2944);
#2941 = B_SPLINE_CURVE_WITH_KNOTS('',1,(#2942,#2943),.UNSPECIFIED.,.F.,
  .F.,(2,2),(6.9,16.3),.PIECEWISE_BEZIER_KNOTS.);
#2942 = CARTESIAN_POINT('',(4.5,13.8));
#2943 = CARTESIAN_POINT('',(4.5,23.2));
#2944 = ( GEOMETRIC_REPRESENTATION_CONTEXT(2) 
PARAMETRIC_REPRESENTATION_CONTEXT() REPRESENTATION_CONTEXT('2D SPACE',''
  ) );
#2945 = ORIENTED_EDGE('',*,*,#1343,.T.);
#2946 = ORIENTED_EDGE('',*,*,#1467,.F.);
#2947 = ADVANCED_FACE('',(#2948),#1388,.F.);
#2948 = FACE_BOUND('',#2949,.F.);
#2949 = EDGE_LOOP('',(#2950,#2951,#2974,#3002,#3023,#3024,#3025,#3026));
#2950 = ORIENTED_EDGE('',*,*,#2790,.F.);
#2951 = ORIENTED_EDGE('',*,*,#2952,.T.);
#2952 = EDGE_CURVE('',#2762,#2953,#2955,.T.);
#2953 = VERTEX_POINT('',#2954);
#2954 = CARTESIAN_POINT('',(-3.5,-13.5,15.3));
#2955 = SURFACE_CURVE('',#2956,(#2960,#2967),.PCURVE_S1.);
#2956 = LINE('',#2957,#2958);
#2957 = CARTESIAN_POINT('',(-16.5,-13.5,15.3));
#2958 = VECTOR('',#2959,1.);
#2959 = DIRECTION('',(1.,0.,-0.));
#2960 = PCURVE('',#1388,#2961);
#2961 = DEFINITIONAL_REPRESENTATION('',(#2962),#2966);
#2962 = LINE('',#2963,#2964);
#2963 = CARTESIAN_POINT('',(0.,5.));
#2964 = VECTOR('',#2965,1.);
#2965 = DIRECTION('',(1.,0.));
#2966 = ( GEOMETRIC_REPRESENTATION_CONTEXT(2) 
PARAMETRIC_REPRESENTATION_CONTEXT() REPRESENTATION_CONTEXT('2D SPACE',''
  ) );
#2967 = PCURVE('',#2778,#2968);
#2968 = DEFINITIONAL_REPRESENTATION('',(#2969),#2973);
#2969 = LINE('',#2970,#2971);
#2970 = CARTESIAN_POINT('',(1.570796326795,0.));
#2971 = VECTOR('',#2972,1.);
#2972 = DIRECTION('',(0.,1.));
#2973 = ( GEOMETRIC_REPRESENTATION_CONTEXT(2) 
PARAMETRIC_REPRESENTATION_CONTEXT() REPRESENTATION_CONTEXT('2D SPACE',''
  ) );
#2974 = ORIENTED_EDGE('',*,*,#2975,.T.);
#2975 = EDGE_CURVE('',#2953,#2976,#2978,.T.);
#2976 = VERTEX_POINT('',#2977);
#2977 = CARTESIAN_POINT('',(-3.5,13.5,15.3));
#2978 = SURFACE_CURVE('',#2979,(#2983,#2990),.PCURVE_S1.);
#2979 = LINE('',#2980,#2981);
#2980 = CARTESIAN_POINT('',(-3.5,-18.5,15.3));
#2981 = VECTOR('',#2982,1.);
#2982 = DIRECTION('',(-0.,1.,0.));
#2983 = PCURVE('',#1388,#2984);
#2984 = DEFINITIONAL_REPRESENTATION('',(#2985),#2989);
#2985 = LINE('',#2986,#2987);
#2986 = CARTESIAN_POINT('',(13.,0.));
#2987 = VECTOR('',#2988,1.);
#2988 = DIRECTION('',(0.,1.));
#2989 = ( GEOMETRIC_REPRESENTATION_CONTEXT(2) 
PARAMETRIC_REPRESENTATION_CONTEXT() REPRESENTATION_CONTEXT('2D SPACE',''
  ) );
#2990 = PCURVE('',#2991,#2996);
#2991 = PLANE('',#2992);
#2992 = AXIS2_PLACEMENT_3D('',#2993,#2994,#2995);
#2993 = CARTESIAN_POINT('',(-3.5,-18.5,15.3));
#2994 = DIRECTION('',(1.,0.,-0.));
#2995 = DIRECTION('',(0.,0.,1.));
#2996 = DEFINITIONAL_REPRESENTATION('',(#2997),#3001);
#2997 = LINE('',#2998,#2999);
#2998 = CARTESIAN_POINT('',(0.,0.));
#2999 = VECTOR('',#3000,1.);
#3000 = DIRECTION('',(0.,-1.));
#3001 = ( GEOMETRIC_REPRESENTATION_CONTEXT(2) 
PARAMETRIC_REPRESENTATION_CONTEXT() REPRESENTATION_CONTEXT('2D SPACE',''
  ) );
#3002 = ORIENTED_EDGE('',*,*,#3003,.F.);
#3003 = EDGE_CURVE('',#2821,#2976,#3004,.T.);
#3004 = SURFACE_CURVE('',#3005,(#3009,#3016),.PCURVE_S1.);
#3005 = LINE('',#3006,#3007);
#3006 = CARTESIAN_POINT('',(-16.5,13.5,15.3));
#3007 = VECTOR('',#3008,1.);
#3008 = DIRECTION('',(1.,0.,-0.));
#3009 = PCURVE('',#1388,#3010);
#3010 = DEFINITIONAL_REPRESENTATION('',(#3011),#3015);
#3011 = LINE('',#3012,#3013);
#3012 = CARTESIAN_POINT('',(0.,32.));
#3013 = VECTOR('',#3014,1.);
#3014 = DIRECTION('',(1.,0.));
#3015 = ( GEOMETRIC_REPRESENTATION_CONTEXT(2) 
PARAMETRIC_REPRESENTATION_CONTEXT() REPRESENTATION_CONTEXT('2D SPACE',''
  ) );
#3016 = PCURVE('',#2858,#3017);
#3017 = DEFINITIONAL_REPRESENTATION('',(#3018),#3022);
#3018 = LINE('',#3019,#3020);
#3019 = CARTESIAN_POINT('',(-1.570796326795,0.));
#3020 = VECTOR('',#3021,1.);
#3021 = DIRECTION('',(-0.,1.));
#3022 = ( GEOMETRIC_REPRESENTATION_CONTEXT(2) 
PARAMETRIC_REPRESENTATION_CONTEXT() REPRESENTATION_CONTEXT('2D SPACE',''
  ) );
#3023 = ORIENTED_EDGE('',*,*,#2820,.F.);
#3024 = ORIENTED_EDGE('',*,*,#1373,.F.);
#3025 = ORIENTED_EDGE('',*,*,#2927,.F.);
#3026 = ORIENTED_EDGE('',*,*,#2316,.T.);
#3027 = ADVANCED_FACE('',(#3028,#3038),#1545,.F.);
#3028 = FACE_BOUND('',#3029,.F.);
#3029 = EDGE_LOOP('',(#3030,#3031,#3032,#3033,#3034,#3035,#3036,#3037));
#3030 = ORIENTED_EDGE('',*,*,#2118,.F.);
#3031 = ORIENTED_EDGE('',*,*,#2240,.T.);
#3032 = ORIENTED_EDGE('',*,*,#1531,.T.);
#3033 = ORIENTED_EDGE('',*,*,#1655,.F.);
#3034 = ORIENTED_EDGE('',*,*,#1712,.T.);
#3035 = ORIENTED_EDGE('',*,*,#1856,.T.);
#3036 = ORIENTED_EDGE('',*,*,#1937,.F.);
#3037 = ORIENTED_EDGE('',*,*,#2057,.F.);
#3038 = FACE_BOUND('',#3039,.F.);
#3039 = EDGE_LOOP('',(#3040,#3068,#3094,#3120));
#3040 = ORIENTED_EDGE('',*,*,#3041,.T.);
#3041 = EDGE_CURVE('',#3042,#3044,#3046,.T.);
#3042 = VERTEX_POINT('',#3043);
#3043 = CARTESIAN_POINT('',(-5.,5.,54.85));
#3044 = VERTEX_POINT('',#3045);
#3045 = CARTESIAN_POINT('',(-5.,-5.,54.85));
#3046 = SURFACE_CURVE('',#3047,(#3051,#3057),.PCURVE_S1.);
#3047 = LINE('',#3048,#3049);
#3048 = CARTESIAN_POINT('',(-5.,-11.,54.85));
#3049 = VECTOR('',#3050,1.);
#3050 = DIRECTION('',(0.,-1.,0.));
#3051 = PCURVE('',#1545,#3052);
#3052 = DEFINITIONAL_REPRESENTATION('',(#3053),#3056);
#3053 = B_SPLINE_CURVE_WITH_KNOTS('',1,(#3054,#3055),.UNSPECIFIED.,.F.,
  .F.,(2,2),(-16.,-6.),.PIECEWISE_BEZIER_KNOTS.);
#3054 = CARTESIAN_POINT('',(38.05,-22.));
#3055 = CARTESIAN_POINT('',(38.05,-12.));
#3056 = ( GEOMETRIC_REPRESENTATION_CONTEXT(2) 
PARAMETRIC_REPRESENTATION_CONTEXT() REPRESENTATION_CONTEXT('2D SPACE',''
  ) );
#3057 = PCURVE('',#3058,#3063);
#3058 = PLANE('',#3059);
#3059 = AXIS2_PLACEMENT_3D('',#3060,#3061,#3062);
#3060 = CARTESIAN_POINT('',(-5.2,-5.,54.85));
#3061 = DIRECTION('',(0.,0.,1.));
#3062 = DIRECTION('',(1.,0.,-0.));
#3063 = DEFINITIONAL_REPRESENTATION('',(#3064),#3067);
#3064 = B_SPLINE_CURVE_WITH_KNOTS('',1,(#3065,#3066),.UNSPECIFIED.,.F.,
  .F.,(2,2),(-16.,-6.),.PIECEWISE_BEZIER_KNOTS.);
#3065 = CARTESIAN_POINT('',(0.2,10.));
#3066 = CARTESIAN_POINT('',(0.2,0.));
#3067 = ( GEOMETRIC_REPRESENTATION_CONTEXT(2) 
PARAMETRIC_REPRESENTATION_CONTEXT() REPRESENTATION_CONTEXT('2D SPACE',''
  ) );
#3068 = ORIENTED_EDGE('',*,*,#3069,.T.);
#3069 = EDGE_CURVE('',#3044,#3070,#3072,.T.);
#3070 = VERTEX_POINT('',#3071);
#3071 = CARTESIAN_POINT('',(-5.,-5.,55.45));
#3072 = SURFACE_CURVE('',#3073,(#3077,#3083),.PCURVE_S1.);
#3073 = LINE('',#3074,#3075);
#3074 = CARTESIAN_POINT('',(-5.,-5.,35.825));
#3075 = VECTOR('',#3076,1.);
#3076 = DIRECTION('',(0.,0.,1.));
#3077 = PCURVE('',#1545,#3078);
#3078 = DEFINITIONAL_REPRESENTATION('',(#3079),#3082);
#3079 = B_SPLINE_CURVE_WITH_KNOTS('',1,(#3080,#3081),.UNSPECIFIED.,.F.,
  .F.,(2,2),(19.025,19.625),.PIECEWISE_BEZIER_KNOTS.);
#3080 = CARTESIAN_POINT('',(38.05,-12.));
#3081 = CARTESIAN_POINT('',(38.65,-12.));
#3082 = ( GEOMETRIC_REPRESENTATION_CONTEXT(2) 
PARAMETRIC_REPRESENTATION_CONTEXT() REPRESENTATION_CONTEXT('2D SPACE',''
  ) );
#3083 = PCURVE('',#3084,#3089);
#3084 = PLANE('',#3085);
#3085 = AXIS2_PLACEMENT_3D('',#3086,#3087,#3088);
#3086 = CARTESIAN_POINT('',(-5.2,-5.,54.85));
#3087 = DIRECTION('',(-0.,1.,0.));
#3088 = DIRECTION('',(0.,0.,1.));
#3089 = DEFINITIONAL_REPRESENTATION('',(#3090),#3093);
#3090 = B_SPLINE_CURVE_WITH_KNOTS('',1,(#3091,#3092),.UNSPECIFIED.,.F.,
  .F.,(2,2),(19.025,19.625),.PIECEWISE_BEZIER_KNOTS.);
#3091 = CARTESIAN_POINT('',(0.,0.2));
#3092 = CARTESIAN_POINT('',(0.6,0.2));
#3093 = ( GEOMETRIC_REPRESENTATION_CONTEXT(2) 
PARAMETRIC_REPRESENTATION_CONTEXT() REPRESENTATION_CONTEXT('2D SPACE',''
  ) );
#3094 = ORIENTED_EDGE('',*,*,#3095,.F.);
#3095 = EDGE_CURVE('',#3096,#3070,#3098,.T.);
#3096 = VERTEX_POINT('',#3097);
#3097 = CARTESIAN_POINT('',(-5.,5.,55.45));
#3098 = SURFACE_CURVE('',#3099,(#3103,#3109),.PCURVE_S1.);
#3099 = LINE('',#3100,#3101);
#3100 = CARTESIAN_POINT('',(-5.,-11.,55.45));
#3101 = VECTOR('',#3102,1.);
#3102 = DIRECTION('',(0.,-1.,0.));
#3103 = PCURVE('',#1545,#3104);
#3104 = DEFINITIONAL_REPRESENTATION('',(#3105),#3108);
#3105 = B_SPLINE_CURVE_WITH_KNOTS('',1,(#3106,#3107),.UNSPECIFIED.,.F.,
  .F.,(2,2),(-16.,-6.),.PIECEWISE_BEZIER_KNOTS.);
#3106 = CARTESIAN_POINT('',(38.65,-22.));
#3107 = CARTESIAN_POINT('',(38.65,-12.));
#3108 = ( GEOMETRIC_REPRESENTATION_CONTEXT(2) 
PARAMETRIC_REPRESENTATION_CONTEXT() REPRESENTATION_CONTEXT('2D SPACE',''
  ) );
#3109 = PCURVE('',#3110,#3115);
#3110 = PLANE('',#3111);
#3111 = AXIS2_PLACEMENT_3D('',#3112,#3113,#3114);
#3112 = CARTESIAN_POINT('',(-5.2,-5.,55.45));
#3113 = DIRECTION('',(0.,0.,1.));
#3114 = DIRECTION('',(1.,0.,-0.));
#3115 = DEFINITIONAL_REPRESENTATION('',(#3116),#3119);
#3116 = B_SPLINE_CURVE_WITH_KNOTS('',1,(#3117,#3118),.UNSPECIFIED.,.F.,
  .F.,(2,2),(-16.,-6.),.PIECEWISE_BEZIER_KNOTS.);
#3117 = CARTESIAN_POINT('',(0.2,10.));
#3118 = CARTESIAN_POINT('',(0.2,0.));
#3119 = ( GEOMETRIC_REPRESENTATION_CONTEXT(2) 
PARAMETRIC_REPRESENTATION_CONTEXT() REPRESENTATION_CONTEXT('2D SPACE',''
  ) );
#3120 = ORIENTED_EDGE('',*,*,#3121,.F.);
#3121 = EDGE_CURVE('',#3042,#3096,#3122,.T.);
#3122 = SURFACE_CURVE('',#3123,(#3127,#3133),.PCURVE_S1.);
#3123 = LINE('',#3124,#3125);
#3124 = CARTESIAN_POINT('',(-5.,5.,35.825));
#3125 = VECTOR('',#3126,1.);
#3126 = DIRECTION('',(0.,0.,1.));
#3127 = PCURVE('',#1545,#3128);
#3128 = DEFINITIONAL_REPRESENTATION('',(#3129),#3132);
#3129 = B_SPLINE_CURVE_WITH_KNOTS('',1,(#3130,#3131),.UNSPECIFIED.,.F.,
  .F.,(2,2),(19.025,19.625),.PIECEWISE_BEZIER_KNOTS.);
#3130 = CARTESIAN_POINT('',(38.05,-22.));
#3131 = CARTESIAN_POINT('',(38.65,-22.));
#3132 = ( GEOMETRIC_REPRESENTATION_CONTEXT(2) 
PARAMETRIC_REPRESENTATION_CONTEXT() REPRESENTATION_CONTEXT('2D SPACE',''
  ) );
#3133 = PCURVE('',#3134,#3139);
#3134 = PLANE('',#3135);
#3135 = AXIS2_PLACEMENT_3D('',#3136,#3137,#3138);
#3136 = CARTESIAN_POINT('',(-5.2,5.,54.85));
#3137 = DIRECTION('',(-0.,1.,0.));
#3138 = DIRECTION('',(0.,0.,1.));
#3139 = DEFINITIONAL_REPRESENTATION('',(#3140),#3143);
#3140 = B_SPLINE_CURVE_WITH_KNOTS('',1,(#3141,#3142),.UNSPECIFIED.,.F.,
  .F.,(2,2),(19.025,19.625),.PIECEWISE_BEZIER_KNOTS.);
#3141 = CARTESIAN_POINT('',(0.,0.2));
#3142 = CARTESIAN_POINT('',(0.6,0.2));
#3143 = ( GEOMETRIC_REPRESENTATION_CONTEXT(2) 
PARAMETRIC_REPRESENTATION_CONTEXT() REPRESENTATION_CONTEXT('2D SPACE',''
  ) );
#3144 = ADVANCED_FACE('',(#3145),#1622,.T.);
#3145 = FACE_BOUND('',#3146,.T.);
#3146 = EDGE_LOOP('',(#3147,#3148));
#3147 = ORIENTED_EDGE('',*,*,#1605,.T.);
#3148 = ORIENTED_EDGE('',*,*,#1684,.T.);
#3149 = ADVANCED_FACE('',(#3150),#1801,.T.);
#3150 = FACE_BOUND('',#3151,.T.);
#3151 = EDGE_LOOP('',(#3152,#3153));
#3152 = ORIENTED_EDGE('',*,*,#1784,.T.);
#3153 = ORIENTED_EDGE('',*,*,#1883,.F.);
#3154 = ADVANCED_FACE('',(#3155),#2024,.T.);
#3155 = FACE_BOUND('',#3156,.T.);
#3156 = EDGE_LOOP('',(#3157,#3158));
#3157 = ORIENTED_EDGE('',*,*,#2007,.T.);
#3158 = ORIENTED_EDGE('',*,*,#2086,.F.);
#3159 = ADVANCED_FACE('',(#3160),#2207,.T.);
#3160 = FACE_BOUND('',#3161,.T.);
#3161 = EDGE_LOOP('',(#3162,#3163));
#3162 = ORIENTED_EDGE('',*,*,#2190,.T.);
#3163 = ORIENTED_EDGE('',*,*,#2265,.T.);
#3164 = ADVANCED_FACE('',(#3165),#2495,.F.);
#3165 = FACE_BOUND('',#3166,.F.);
#3166 = EDGE_LOOP('',(#3167));
#3167 = ORIENTED_EDGE('',*,*,#2480,.T.);
#3168 = ADVANCED_FACE('',(#3169),#2550,.F.);
#3169 = FACE_BOUND('',#3170,.F.);
#3170 = EDGE_LOOP('',(#3171));
#3171 = ORIENTED_EDGE('',*,*,#2535,.T.);
#3172 = ADVANCED_FACE('',(#3173),#2605,.F.);
#3173 = FACE_BOUND('',#3174,.F.);
#3174 = EDGE_LOOP('',(#3175));
#3175 = ORIENTED_EDGE('',*,*,#2590,.T.);
#3176 = ADVANCED_FACE('',(#3177),#2660,.F.);
#3177 = FACE_BOUND('',#3178,.F.);
#3178 = EDGE_LOOP('',(#3179));
#3179 = ORIENTED_EDGE('',*,*,#2645,.T.);
#3180 = ADVANCED_FACE('',(#3181),#2694,.T.);
#3181 = FACE_BOUND('',#3182,.T.);
#3182 = EDGE_LOOP('',(#3183,#3184,#3207,#3230,#3258,#3287,#3315,#3338));
#3183 = ORIENTED_EDGE('',*,*,#2677,.F.);
#3184 = ORIENTED_EDGE('',*,*,#3185,.T.);
#3185 = EDGE_CURVE('',#2678,#3186,#3188,.T.);
#3186 = VERTEX_POINT('',#3187);
#3187 = CARTESIAN_POINT('',(-3.5,-13.5,57.3));
#3188 = SURFACE_CURVE('',#3189,(#3193,#3200),.PCURVE_S1.);
#3189 = LINE('',#3190,#3191);
#3190 = CARTESIAN_POINT('',(-16.5,-13.5,57.3));
#3191 = VECTOR('',#3192,1.);
#3192 = DIRECTION('',(1.,0.,-0.));
#3193 = PCURVE('',#2694,#3194);
#3194 = DEFINITIONAL_REPRESENTATION('',(#3195),#3199);
#3195 = LINE('',#3196,#3197);
#3196 = CARTESIAN_POINT('',(0.,5.));
#3197 = VECTOR('',#3198,1.);
#3198 = DIRECTION('',(1.,0.));
#3199 = ( GEOMETRIC_REPRESENTATION_CONTEXT(2) 
PARAMETRIC_REPRESENTATION_CONTEXT() REPRESENTATION_CONTEXT('2D SPACE',''
  ) );
#3200 = PCURVE('',#2723,#3201);
#3201 = DEFINITIONAL_REPRESENTATION('',(#3202),#3206);
#3202 = LINE('',#3203,#3204);
#3203 = CARTESIAN_POINT('',(-1.570796326795,0.));
#3204 = VECTOR('',#3205,1.);
#3205 = DIRECTION('',(-0.,1.));
#3206 = ( GEOMETRIC_REPRESENTATION_CONTEXT(2) 
PARAMETRIC_REPRESENTATION_CONTEXT() REPRESENTATION_CONTEXT('2D SPACE',''
  ) );
#3207 = ORIENTED_EDGE('',*,*,#3208,.T.);
#3208 = EDGE_CURVE('',#3186,#3209,#3211,.T.);
#3209 = VERTEX_POINT('',#3210);
#3210 = CARTESIAN_POINT('',(-3.5,-13.,57.3));
#3211 = SURFACE_CURVE('',#3212,(#3216,#3223),.PCURVE_S1.);
#3212 = LINE('',#3213,#3214);
#3213 = CARTESIAN_POINT('',(-3.5,-18.5,57.3));
#3214 = VECTOR('',#3215,1.);
#3215 = DIRECTION('',(-0.,1.,0.));
#3216 = PCURVE('',#2694,#3217);
#3217 = DEFINITIONAL_REPRESENTATION('',(#3218),#3222);
#3218 = LINE('',#3219,#3220);
#3219 = CARTESIAN_POINT('',(13.,0.));
#3220 = VECTOR('',#3221,1.);
#3221 = DIRECTION('',(0.,1.));
#3222 = ( GEOMETRIC_REPRESENTATION_CONTEXT(2) 
PARAMETRIC_REPRESENTATION_CONTEXT() REPRESENTATION_CONTEXT('2D SPACE',''
  ) );
#3223 = PCURVE('',#2991,#3224);
#3224 = DEFINITIONAL_REPRESENTATION('',(#3225),#3229);
#3225 = LINE('',#3226,#3227);
#3226 = CARTESIAN_POINT('',(42.,0.));
#3227 = VECTOR('',#3228,1.);
#3228 = DIRECTION('',(0.,-1.));
#3229 = ( GEOMETRIC_REPRESENTATION_CONTEXT(2) 
PARAMETRIC_REPRESENTATION_CONTEXT() REPRESENTATION_CONTEXT('2D SPACE',''
  ) );
#3230 = ORIENTED_EDGE('',*,*,#3231,.T.);
#3231 = EDGE_CURVE('',#3209,#3232,#3234,.T.);
#3232 = VERTEX_POINT('',#3233);
#3233 = CARTESIAN_POINT('',(4.741239940159,-13.,57.3));
#3234 = SURFACE_CURVE('',#3235,(#3239,#3246),.PCURVE_S1.);
#3235 = LINE('',#3236,#3237);
#3236 = CARTESIAN_POINT('',(-4.,-13.,57.3));
#3237 = VECTOR('',#3238,1.);
#3238 = DIRECTION('',(1.,0.,-0.));
#3239 = PCURVE('',#2694,#3240);
#3240 = DEFINITIONAL_REPRESENTATION('',(#3241),#3245);
#3241 = LINE('',#3242,#3243);
#3242 = CARTESIAN_POINT('',(12.5,5.5));
#3243 = VECTOR('',#3244,1.);
#3244 = DIRECTION('',(1.,0.));
#3245 = ( GEOMETRIC_REPRESENTATION_CONTEXT(2) 
PARAMETRIC_REPRESENTATION_CONTEXT() REPRESENTATION_CONTEXT('2D SPACE',''
  ) );
#3246 = PCURVE('',#3247,#3252);
#3247 = PLANE('',#3248);
#3248 = AXIS2_PLACEMENT_3D('',#3249,#3250,#3251);
#3249 = CARTESIAN_POINT('',(-4.,-13.,55.3));
#3250 = DIRECTION('',(-0.,1.,0.));
#3251 = DIRECTION('',(0.,0.,1.));
#3252 = DEFINITIONAL_REPRESENTATION('',(#3253),#3257);
#3253 = LINE('',#3254,#3255);
#3254 = CARTESIAN_POINT('',(2.,0.));
#3255 = VECTOR('',#3256,1.);
#3256 = DIRECTION('',(0.,1.));
#3257 = ( GEOMETRIC_REPRESENTATION_CONTEXT(2) 
PARAMETRIC_REPRESENTATION_CONTEXT() REPRESENTATION_CONTEXT('2D SPACE',''
  ) );
#3258 = ORIENTED_EDGE('',*,*,#3259,.F.);
#3259 = EDGE_CURVE('',#3260,#3232,#3262,.T.);
#3260 = VERTEX_POINT('',#3261);
#3261 = CARTESIAN_POINT('',(4.741239940159,13.,57.3));
#3262 = SURFACE_CURVE('',#3263,(#3268,#3275),.PCURVE_S1.);
#3263 = CIRCLE('',#3264,30.2);
#3264 = AXIS2_PLACEMENT_3D('',#3265,#3266,#3267);
#3265 = CARTESIAN_POINT('',(32.,0.,57.3));
#3266 = DIRECTION('',(0.,0.,1.));
#3267 = DIRECTION('',(1.,0.,-0.));
#3268 = PCURVE('',#2694,#3269);
#3269 = DEFINITIONAL_REPRESENTATION('',(#3270),#3274);
#3270 = CIRCLE('',#3271,30.2);
#3271 = AXIS2_PLACEMENT_2D('',#3272,#3273);
#3272 = CARTESIAN_POINT('',(48.5,18.5));
#3273 = DIRECTION('',(1.,0.));
#3274 = ( GEOMETRIC_REPRESENTATION_CONTEXT(2) 
PARAMETRIC_REPRESENTATION_CONTEXT() REPRESENTATION_CONTEXT('2D SPACE',''
  ) );
#3275 = PCURVE('',#3276,#3281);
#3276 = CYLINDRICAL_SURFACE('',#3277,30.2);
#3277 = AXIS2_PLACEMENT_3D('',#3278,#3279,#3280);
#3278 = CARTESIAN_POINT('',(32.,0.,0.));
#3279 = DIRECTION('',(0.,0.,1.));
#3280 = DIRECTION('',(1.,0.,-0.));
#3281 = DEFINITIONAL_REPRESENTATION('',(#3282),#3286);
#3282 = LINE('',#3283,#3284);
#3283 = CARTESIAN_POINT('',(0.,57.3));
#3284 = VECTOR('',#3285,1.);
#3285 = DIRECTION('',(1.,0.));
#3286 = ( GEOMETRIC_REPRESENTATION_CONTEXT(2) 
PARAMETRIC_REPRESENTATION_CONTEXT() REPRESENTATION_CONTEXT('2D SPACE',''
  ) );
#3287 = ORIENTED_EDGE('',*,*,#3288,.F.);
#3288 = EDGE_CURVE('',#3289,#3260,#3291,.T.);
#3289 = VERTEX_POINT('',#3290);
#3290 = CARTESIAN_POINT('',(-3.5,13.,57.3));
#3291 = SURFACE_CURVE('',#3292,(#3296,#3303),.PCURVE_S1.);
#3292 = LINE('',#3293,#3294);
#3293 = CARTESIAN_POINT('',(-4.,13.,57.3));
#3294 = VECTOR('',#3295,1.);
#3295 = DIRECTION('',(1.,0.,-0.));
#3296 = PCURVE('',#2694,#3297);
#3297 = DEFINITIONAL_REPRESENTATION('',(#3298),#3302);
#3298 = LINE('',#3299,#3300);
#3299 = CARTESIAN_POINT('',(12.5,31.5));
#3300 = VECTOR('',#3301,1.);
#3301 = DIRECTION('',(1.,0.));
#3302 = ( GEOMETRIC_REPRESENTATION_CONTEXT(2) 
PARAMETRIC_REPRESENTATION_CONTEXT() REPRESENTATION_CONTEXT('2D SPACE',''
  ) );
#3303 = PCURVE('',#3304,#3309);
#3304 = PLANE('',#3305);
#3305 = AXIS2_PLACEMENT_3D('',#3306,#3307,#3308);
#3306 = CARTESIAN_POINT('',(-4.,13.,55.3));
#3307 = DIRECTION('',(-0.,1.,0.));
#3308 = DIRECTION('',(0.,0.,1.));
#3309 = DEFINITIONAL_REPRESENTATION('',(#3310),#3314);
#3310 = LINE('',#3311,#3312);
#3311 = CARTESIAN_POINT('',(2.,0.));
#3312 = VECTOR('',#3313,1.);
#3313 = DIRECTION('',(0.,1.));
#3314 = ( GEOMETRIC_REPRESENTATION_CONTEXT(2) 
PARAMETRIC_REPRESENTATION_CONTEXT() REPRESENTATION_CONTEXT('2D SPACE',''
  ) );
#3315 = ORIENTED_EDGE('',*,*,#3316,.T.);
#3316 = EDGE_CURVE('',#3289,#3317,#3319,.T.);
#3317 = VERTEX_POINT('',#3318);
#3318 = CARTESIAN_POINT('',(-3.5,13.5,57.3));
#3319 = SURFACE_CURVE('',#3320,(#3324,#3331),.PCURVE_S1.);
#3320 = LINE('',#3321,#3322);
#3321 = CARTESIAN_POINT('',(-3.5,-18.5,57.3));
#3322 = VECTOR('',#3323,1.);
#3323 = DIRECTION('',(-0.,1.,0.));
#3324 = PCURVE('',#2694,#3325);
#3325 = DEFINITIONAL_REPRESENTATION('',(#3326),#3330);
#3326 = LINE('',#3327,#3328);
#3327 = CARTESIAN_POINT('',(13.,0.));
#3328 = VECTOR('',#3329,1.);
#3329 = DIRECTION('',(0.,1.));
#3330 = ( GEOMETRIC_REPRESENTATION_CONTEXT(2) 
PARAMETRIC_REPRESENTATION_CONTEXT() REPRESENTATION_CONTEXT('2D SPACE',''
  ) );
#3331 = PCURVE('',#2991,#3332);
#3332 = DEFINITIONAL_REPRESENTATION('',(#3333),#3337);
#3333 = LINE('',#3334,#3335);
#3334 = CARTESIAN_POINT('',(42.,0.));
#3335 = VECTOR('',#3336,1.);
#3336 = DIRECTION('',(0.,-1.));
#3337 = ( GEOMETRIC_REPRESENTATION_CONTEXT(2) 
PARAMETRIC_REPRESENTATION_CONTEXT() REPRESENTATION_CONTEXT('2D SPACE',''
  ) );
#3338 = ORIENTED_EDGE('',*,*,#3339,.F.);
#3339 = EDGE_CURVE('',#2680,#3317,#3340,.T.);
#3340 = SURFACE_CURVE('',#3341,(#3345,#3352),.PCURVE_S1.);
#3341 = LINE('',#3342,#3343);
#3342 = CARTESIAN_POINT('',(-16.5,13.5,57.3));
#3343 = VECTOR('',#3344,1.);
#3344 = DIRECTION('',(1.,0.,-0.));
#3345 = PCURVE('',#2694,#3346);
#3346 = DEFINITIONAL_REPRESENTATION('',(#3347),#3351);
#3347 = LINE('',#3348,#3349);
#3348 = CARTESIAN_POINT('',(0.,32.));
#3349 = VECTOR('',#3350,1.);
#3350 = DIRECTION('',(1.,0.));
#3351 = ( GEOMETRIC_REPRESENTATION_CONTEXT(2) 
PARAMETRIC_REPRESENTATION_CONTEXT() REPRESENTATION_CONTEXT('2D SPACE',''
  ) );
#3352 = PCURVE('',#2911,#3353);
#3353 = DEFINITIONAL_REPRESENTATION('',(#3354),#3358);
#3354 = LINE('',#3355,#3356);
#3355 = CARTESIAN_POINT('',(1.570796326795,0.));
#3356 = VECTOR('',#3357,1.);
#3357 = DIRECTION('',(0.,1.));
#3358 = ( GEOMETRIC_REPRESENTATION_CONTEXT(2) 
PARAMETRIC_REPRESENTATION_CONTEXT() REPRESENTATION_CONTEXT('2D SPACE',''
  ) );
#3359 = ADVANCED_FACE('',(#3360),#2911,.T.);
#3360 = FACE_BOUND('',#3361,.T.);
#3361 = EDGE_LOOP('',(#3362,#3385,#3386,#3387));
#3362 = ORIENTED_EDGE('',*,*,#3363,.F.);
#3363 = EDGE_CURVE('',#2871,#3364,#3366,.T.);
#3364 = VERTEX_POINT('',#3365);
#3365 = CARTESIAN_POINT('',(-3.5,18.5,52.3));
#3366 = SURFACE_CURVE('',#3367,(#3371,#3378),.PCURVE_S1.);
#3367 = LINE('',#3368,#3369);
#3368 = CARTESIAN_POINT('',(-16.5,18.5,52.3));
#3369 = VECTOR('',#3370,1.);
#3370 = DIRECTION('',(1.,0.,-0.));
#3371 = PCURVE('',#2911,#3372);
#3372 = DEFINITIONAL_REPRESENTATION('',(#3373),#3377);
#3373 = LINE('',#3374,#3375);
#3374 = CARTESIAN_POINT('',(0.,0.));
#3375 = VECTOR('',#3376,1.);
#3376 = DIRECTION('',(0.,1.));
#3377 = ( GEOMETRIC_REPRESENTATION_CONTEXT(2) 
PARAMETRIC_REPRESENTATION_CONTEXT() REPRESENTATION_CONTEXT('2D SPACE',''
  ) );
#3378 = PCURVE('',#2885,#3379);
#3379 = DEFINITIONAL_REPRESENTATION('',(#3380),#3384);
#3380 = LINE('',#3381,#3382);
#3381 = CARTESIAN_POINT('',(37.,0.));
#3382 = VECTOR('',#3383,1.);
#3383 = DIRECTION('',(0.,1.));
#3384 = ( GEOMETRIC_REPRESENTATION_CONTEXT(2) 
PARAMETRIC_REPRESENTATION_CONTEXT() REPRESENTATION_CONTEXT('2D SPACE',''
  ) );
#3385 = ORIENTED_EDGE('',*,*,#2896,.T.);
#3386 = ORIENTED_EDGE('',*,*,#3339,.T.);
#3387 = ORIENTED_EDGE('',*,*,#3388,.F.);
#3388 = EDGE_CURVE('',#3364,#3317,#3389,.T.);
#3389 = SURFACE_CURVE('',#3390,(#3395,#3402),.PCURVE_S1.);
#3390 = CIRCLE('',#3391,5.);
#3391 = AXIS2_PLACEMENT_3D('',#3392,#3393,#3394);
#3392 = CARTESIAN_POINT('',(-3.5,13.5,52.3));
#3393 = DIRECTION('',(1.,0.,-0.));
#3394 = DIRECTION('',(0.,0.,1.));
#3395 = PCURVE('',#2911,#3396);
#3396 = DEFINITIONAL_REPRESENTATION('',(#3397),#3401);
#3397 = LINE('',#3398,#3399);
#3398 = CARTESIAN_POINT('',(-4.712388980385,13.));
#3399 = VECTOR('',#3400,1.);
#3400 = DIRECTION('',(1.,0.));
#3401 = ( GEOMETRIC_REPRESENTATION_CONTEXT(2) 
PARAMETRIC_REPRESENTATION_CONTEXT() REPRESENTATION_CONTEXT('2D SPACE',''
  ) );
#3402 = PCURVE('',#2991,#3403);
#3403 = DEFINITIONAL_REPRESENTATION('',(#3404),#3408);
#3404 = CIRCLE('',#3405,5.);
#3405 = AXIS2_PLACEMENT_2D('',#3406,#3407);
#3406 = CARTESIAN_POINT('',(37.,-32.));
#3407 = DIRECTION('',(1.,0.));
#3408 = ( GEOMETRIC_REPRESENTATION_CONTEXT(2) 
PARAMETRIC_REPRESENTATION_CONTEXT() REPRESENTATION_CONTEXT('2D SPACE',''
  ) );
#3409 = ADVANCED_FACE('',(#3410),#2885,.T.);
#3410 = FACE_BOUND('',#3411,.T.);
#3411 = EDGE_LOOP('',(#3412,#3435,#3456,#3457));
#3412 = ORIENTED_EDGE('',*,*,#3413,.F.);
#3413 = EDGE_CURVE('',#3414,#3364,#3416,.T.);
#3414 = VERTEX_POINT('',#3415);
#3415 = CARTESIAN_POINT('',(-3.5,18.5,20.3));
#3416 = SURFACE_CURVE('',#3417,(#3421,#3428),.PCURVE_S1.);
#3417 = LINE('',#3418,#3419);
#3418 = CARTESIAN_POINT('',(-3.5,18.5,15.3));
#3419 = VECTOR('',#3420,1.);
#3420 = DIRECTION('',(0.,0.,1.));
#3421 = PCURVE('',#2885,#3422);
#3422 = DEFINITIONAL_REPRESENTATION('',(#3423),#3427);
#3423 = LINE('',#3424,#3425);
#3424 = CARTESIAN_POINT('',(0.,13.));
#3425 = VECTOR('',#3426,1.);
#3426 = DIRECTION('',(1.,0.));
#3427 = ( GEOMETRIC_REPRESENTATION_CONTEXT(2) 
PARAMETRIC_REPRESENTATION_CONTEXT() REPRESENTATION_CONTEXT('2D SPACE',''
  ) );
#3428 = PCURVE('',#2991,#3429);
#3429 = DEFINITIONAL_REPRESENTATION('',(#3430),#3434);
#3430 = LINE('',#3431,#3432);
#3431 = CARTESIAN_POINT('',(0.,-37.));
#3432 = VECTOR('',#3433,1.);
#3433 = DIRECTION('',(1.,0.));
#3434 = ( GEOMETRIC_REPRESENTATION_CONTEXT(2) 
PARAMETRIC_REPRESENTATION_CONTEXT() REPRESENTATION_CONTEXT('2D SPACE',''
  ) );
#3435 = ORIENTED_EDGE('',*,*,#3436,.F.);
#3436 = EDGE_CURVE('',#2842,#3414,#3437,.T.);
#3437 = SURFACE_CURVE('',#3438,(#3442,#3449),.PCURVE_S1.);
#3438 = LINE('',#3439,#3440);
#3439 = CARTESIAN_POINT('',(-16.5,18.5,20.3));
#3440 = VECTOR('',#3441,1.);
#3441 = DIRECTION('',(1.,0.,-0.));
#3442 = PCURVE('',#2885,#3443);
#3443 = DEFINITIONAL_REPRESENTATION('',(#3444),#3448);
#3444 = LINE('',#3445,#3446);
#3445 = CARTESIAN_POINT('',(5.,0.));
#3446 = VECTOR('',#3447,1.);
#3447 = DIRECTION('',(0.,1.));
#3448 = ( GEOMETRIC_REPRESENTATION_CONTEXT(2) 
PARAMETRIC_REPRESENTATION_CONTEXT() REPRESENTATION_CONTEXT('2D SPACE',''
  ) );
#3449 = PCURVE('',#2858,#3450);
#3450 = DEFINITIONAL_REPRESENTATION('',(#3451),#3455);
#3451 = LINE('',#3452,#3453);
#3452 = CARTESIAN_POINT('',(-0.,0.));
#3453 = VECTOR('',#3454,1.);
#3454 = DIRECTION('',(-0.,1.));
#3455 = ( GEOMETRIC_REPRESENTATION_CONTEXT(2) 
PARAMETRIC_REPRESENTATION_CONTEXT() REPRESENTATION_CONTEXT('2D SPACE',''
  ) );
#3456 = ORIENTED_EDGE('',*,*,#2870,.F.);
#3457 = ORIENTED_EDGE('',*,*,#3363,.T.);
#3458 = ADVANCED_FACE('',(#3459),#2858,.T.);
#3459 = FACE_BOUND('',#3460,.F.);
#3460 = EDGE_LOOP('',(#3461,#3462,#3463,#3464));
#3461 = ORIENTED_EDGE('',*,*,#3436,.F.);
#3462 = ORIENTED_EDGE('',*,*,#2841,.F.);
#3463 = ORIENTED_EDGE('',*,*,#3003,.T.);
#3464 = ORIENTED_EDGE('',*,*,#3465,.F.);
#3465 = EDGE_CURVE('',#3414,#2976,#3466,.T.);
#3466 = SURFACE_CURVE('',#3467,(#3472,#3479),.PCURVE_S1.);
#3467 = CIRCLE('',#3468,5.);
#3468 = AXIS2_PLACEMENT_3D('',#3469,#3470,#3471);
#3469 = CARTESIAN_POINT('',(-3.5,13.5,20.3));
#3470 = DIRECTION('',(-1.,-0.,0.));
#3471 = DIRECTION('',(0.,0.,1.));
#3472 = PCURVE('',#2858,#3473);
#3473 = DEFINITIONAL_REPRESENTATION('',(#3474),#3478);
#3474 = LINE('',#3475,#3476);
#3475 = CARTESIAN_POINT('',(1.570796326795,13.));
#3476 = VECTOR('',#3477,1.);
#3477 = DIRECTION('',(-1.,0.));
#3478 = ( GEOMETRIC_REPRESENTATION_CONTEXT(2) 
PARAMETRIC_REPRESENTATION_CONTEXT() REPRESENTATION_CONTEXT('2D SPACE',''
  ) );
#3479 = PCURVE('',#2991,#3480);
#3480 = DEFINITIONAL_REPRESENTATION('',(#3481),#3489);
#3481 = ( BOUNDED_CURVE() B_SPLINE_CURVE(2,(#3482,#3483,#3484,#3485,
#3486,#3487,#3488),.UNSPECIFIED.,.T.,.F.) B_SPLINE_CURVE_WITH_KNOTS((1,2
    ,2,2,2,1),(-2.094395102393,0.,2.094395102393,4.188790204786,
6.28318530718,8.377580409573),.UNSPECIFIED.) CURVE() 
GEOMETRIC_REPRESENTATION_ITEM() RATIONAL_B_SPLINE_CURVE((1.,0.5,1.,0.5,
1.,0.5,1.)) REPRESENTATION_ITEM('') );
#3482 = CARTESIAN_POINT('',(10.,-32.));
#3483 = CARTESIAN_POINT('',(10.,-40.66025403784));
#3484 = CARTESIAN_POINT('',(2.5,-36.33012701892));
#3485 = CARTESIAN_POINT('',(-5.,-32.));
#3486 = CARTESIAN_POINT('',(2.5,-27.66987298107));
#3487 = CARTESIAN_POINT('',(10.,-23.33974596215));
#3488 = CARTESIAN_POINT('',(10.,-32.));
#3489 = ( GEOMETRIC_REPRESENTATION_CONTEXT(2) 
PARAMETRIC_REPRESENTATION_CONTEXT() REPRESENTATION_CONTEXT('2D SPACE',''
  ) );
#3490 = ADVANCED_FACE('',(#3491),#2778,.T.);
#3491 = FACE_BOUND('',#3492,.T.);
#3492 = EDGE_LOOP('',(#3493,#3516,#3517,#3518));
#3493 = ORIENTED_EDGE('',*,*,#3494,.F.);
#3494 = EDGE_CURVE('',#2736,#3495,#3497,.T.);
#3495 = VERTEX_POINT('',#3496);
#3496 = CARTESIAN_POINT('',(-3.5,-18.5,20.3));
#3497 = SURFACE_CURVE('',#3498,(#3502,#3509),.PCURVE_S1.);
#3498 = LINE('',#3499,#3500);
#3499 = CARTESIAN_POINT('',(-16.5,-18.5,20.3));
#3500 = VECTOR('',#3501,1.);
#3501 = DIRECTION('',(1.,0.,-0.));
#3502 = PCURVE('',#2778,#3503);
#3503 = DEFINITIONAL_REPRESENTATION('',(#3504),#3508);
#3504 = LINE('',#3505,#3506);
#3505 = CARTESIAN_POINT('',(0.,0.));
#3506 = VECTOR('',#3507,1.);
#3507 = DIRECTION('',(0.,1.));
#3508 = ( GEOMETRIC_REPRESENTATION_CONTEXT(2) 
PARAMETRIC_REPRESENTATION_CONTEXT() REPRESENTATION_CONTEXT('2D SPACE',''
  ) );
#3509 = PCURVE('',#2750,#3510);
#3510 = DEFINITIONAL_REPRESENTATION('',(#3511),#3515);
#3511 = LINE('',#3512,#3513);
#3512 = CARTESIAN_POINT('',(5.,0.));
#3513 = VECTOR('',#3514,1.);
#3514 = DIRECTION('',(0.,1.));
#3515 = ( GEOMETRIC_REPRESENTATION_CONTEXT(2) 
PARAMETRIC_REPRESENTATION_CONTEXT() REPRESENTATION_CONTEXT('2D SPACE',''
  ) );
#3516 = ORIENTED_EDGE('',*,*,#2761,.T.);
#3517 = ORIENTED_EDGE('',*,*,#2952,.T.);
#3518 = ORIENTED_EDGE('',*,*,#3519,.F.);
#3519 = EDGE_CURVE('',#3495,#2953,#3520,.T.);
#3520 = SURFACE_CURVE('',#3521,(#3526,#3533),.PCURVE_S1.);
#3521 = CIRCLE('',#3522,5.);
#3522 = AXIS2_PLACEMENT_3D('',#3523,#3524,#3525);
#3523 = CARTESIAN_POINT('',(-3.5,-13.5,20.3));
#3524 = DIRECTION('',(1.,0.,-0.));
#3525 = DIRECTION('',(0.,0.,1.));
#3526 = PCURVE('',#2778,#3527);
#3527 = DEFINITIONAL_REPRESENTATION('',(#3528),#3532);
#3528 = LINE('',#3529,#3530);
#3529 = CARTESIAN_POINT('',(-1.570796326795,13.));
#3530 = VECTOR('',#3531,1.);
#3531 = DIRECTION('',(1.,0.));
#3532 = ( GEOMETRIC_REPRESENTATION_CONTEXT(2) 
PARAMETRIC_REPRESENTATION_CONTEXT() REPRESENTATION_CONTEXT('2D SPACE',''
  ) );
#3533 = PCURVE('',#2991,#3534);
#3534 = DEFINITIONAL_REPRESENTATION('',(#3535),#3539);
#3535 = CIRCLE('',#3536,5.);
#3536 = AXIS2_PLACEMENT_2D('',#3537,#3538);
#3537 = CARTESIAN_POINT('',(5.,-5.));
#3538 = DIRECTION('',(1.,0.));
#3539 = ( GEOMETRIC_REPRESENTATION_CONTEXT(2) 
PARAMETRIC_REPRESENTATION_CONTEXT() REPRESENTATION_CONTEXT('2D SPACE',''
  ) );
#3540 = ADVANCED_FACE('',(#3541),#2750,.F.);
#3541 = FACE_BOUND('',#3542,.F.);
#3542 = EDGE_LOOP('',(#3543,#3566,#3567,#3568));
#3543 = ORIENTED_EDGE('',*,*,#3544,.F.);
#3544 = EDGE_CURVE('',#3495,#3545,#3547,.T.);
#3545 = VERTEX_POINT('',#3546);
#3546 = CARTESIAN_POINT('',(-3.5,-18.5,52.3));
#3547 = SURFACE_CURVE('',#3548,(#3552,#3559),.PCURVE_S1.);
#3548 = LINE('',#3549,#3550);
#3549 = CARTESIAN_POINT('',(-3.5,-18.5,15.3));
#3550 = VECTOR('',#3551,1.);
#3551 = DIRECTION('',(0.,0.,1.));
#3552 = PCURVE('',#2750,#3553);
#3553 = DEFINITIONAL_REPRESENTATION('',(#3554),#3558);
#3554 = LINE('',#3555,#3556);
#3555 = CARTESIAN_POINT('',(0.,13.));
#3556 = VECTOR('',#3557,1.);
#3557 = DIRECTION('',(1.,0.));
#3558 = ( GEOMETRIC_REPRESENTATION_CONTEXT(2) 
PARAMETRIC_REPRESENTATION_CONTEXT() REPRESENTATION_CONTEXT('2D SPACE',''
  ) );
#3559 = PCURVE('',#2991,#3560);
#3560 = DEFINITIONAL_REPRESENTATION('',(#3561),#3565);
#3561 = LINE('',#3562,#3563);
#3562 = CARTESIAN_POINT('',(0.,0.));
#3563 = VECTOR('',#3564,1.);
#3564 = DIRECTION('',(1.,0.));
#3565 = ( GEOMETRIC_REPRESENTATION_CONTEXT(2) 
PARAMETRIC_REPRESENTATION_CONTEXT() REPRESENTATION_CONTEXT('2D SPACE',''
  ) );
#3566 = ORIENTED_EDGE('',*,*,#3494,.F.);
#3567 = ORIENTED_EDGE('',*,*,#2735,.F.);
#3568 = ORIENTED_EDGE('',*,*,#3569,.T.);
#3569 = EDGE_CURVE('',#2707,#3545,#3570,.T.);
#3570 = SURFACE_CURVE('',#3571,(#3575,#3582),.PCURVE_S1.);
#3571 = LINE('',#3572,#3573);
#3572 = CARTESIAN_POINT('',(-16.5,-18.5,52.3));
#3573 = VECTOR('',#3574,1.);
#3574 = DIRECTION('',(1.,0.,-0.));
#3575 = PCURVE('',#2750,#3576);
#3576 = DEFINITIONAL_REPRESENTATION('',(#3577),#3581);
#3577 = LINE('',#3578,#3579);
#3578 = CARTESIAN_POINT('',(37.,0.));
#3579 = VECTOR('',#3580,1.);
#3580 = DIRECTION('',(0.,1.));
#3581 = ( GEOMETRIC_REPRESENTATION_CONTEXT(2) 
PARAMETRIC_REPRESENTATION_CONTEXT() REPRESENTATION_CONTEXT('2D SPACE',''
  ) );
#3582 = PCURVE('',#2723,#3583);
#3583 = DEFINITIONAL_REPRESENTATION('',(#3584),#3588);
#3584 = LINE('',#3585,#3586);
#3585 = CARTESIAN_POINT('',(-0.,0.));
#3586 = VECTOR('',#3587,1.);
#3587 = DIRECTION('',(-0.,1.));
#3588 = ( GEOMETRIC_REPRESENTATION_CONTEXT(2) 
PARAMETRIC_REPRESENTATION_CONTEXT() REPRESENTATION_CONTEXT('2D SPACE',''
  ) );
#3589 = ADVANCED_FACE('',(#3590),#2723,.T.);
#3590 = FACE_BOUND('',#3591,.F.);
#3591 = EDGE_LOOP('',(#3592,#3593,#3594,#3595));
#3592 = ORIENTED_EDGE('',*,*,#3569,.F.);
#3593 = ORIENTED_EDGE('',*,*,#2706,.F.);
#3594 = ORIENTED_EDGE('',*,*,#3185,.T.);
#3595 = ORIENTED_EDGE('',*,*,#3596,.F.);
#3596 = EDGE_CURVE('',#3545,#3186,#3597,.T.);
#3597 = SURFACE_CURVE('',#3598,(#3603,#3610),.PCURVE_S1.);
#3598 = CIRCLE('',#3599,5.);
#3599 = AXIS2_PLACEMENT_3D('',#3600,#3601,#3602);
#3600 = CARTESIAN_POINT('',(-3.5,-13.5,52.3));
#3601 = DIRECTION('',(-1.,-0.,0.));
#3602 = DIRECTION('',(0.,0.,1.));
#3603 = PCURVE('',#2723,#3604);
#3604 = DEFINITIONAL_REPRESENTATION('',(#3605),#3609);
#3605 = LINE('',#3606,#3607);
#3606 = CARTESIAN_POINT('',(4.712388980385,13.));
#3607 = VECTOR('',#3608,1.);
#3608 = DIRECTION('',(-1.,0.));
#3609 = ( GEOMETRIC_REPRESENTATION_CONTEXT(2) 
PARAMETRIC_REPRESENTATION_CONTEXT() REPRESENTATION_CONTEXT('2D SPACE',''
  ) );
#3610 = PCURVE('',#2991,#3611);
#3611 = DEFINITIONAL_REPRESENTATION('',(#3612),#3620);
#3612 = ( BOUNDED_CURVE() B_SPLINE_CURVE(2,(#3613,#3614,#3615,#3616,
#3617,#3618,#3619),.UNSPECIFIED.,.T.,.F.) B_SPLINE_CURVE_WITH_KNOTS((1,2
    ,2,2,2,1),(-2.094395102393,0.,2.094395102393,4.188790204786,
6.28318530718,8.377580409573),.UNSPECIFIED.) CURVE() 
GEOMETRIC_REPRESENTATION_ITEM() RATIONAL_B_SPLINE_CURVE((1.,0.5,1.,0.5,
1.,0.5,1.)) REPRESENTATION_ITEM('') );
#3613 = CARTESIAN_POINT('',(42.,-5.));
#3614 = CARTESIAN_POINT('',(42.,-13.66025403784));
#3615 = CARTESIAN_POINT('',(34.5,-9.330127018922));
#3616 = CARTESIAN_POINT('',(27.,-5.));
#3617 = CARTESIAN_POINT('',(34.5,-0.669872981078));
#3618 = CARTESIAN_POINT('',(42.,3.660254037844));
#3619 = CARTESIAN_POINT('',(42.,-5.));
#3620 = ( GEOMETRIC_REPRESENTATION_CONTEXT(2) 
PARAMETRIC_REPRESENTATION_CONTEXT() REPRESENTATION_CONTEXT('2D SPACE',''
  ) );
#3621 = ADVANCED_FACE('',(#3622),#2991,.T.);
#3622 = FACE_BOUND('',#3623,.T.);
#3623 = EDGE_LOOP('',(#3624,#3625,#3626,#3627,#3628,#3629,#3630,#3631,
    #3653,#3679,#3700,#3721,#3742,#3763,#3783,#3784));
#3624 = ORIENTED_EDGE('',*,*,#3544,.F.);
#3625 = ORIENTED_EDGE('',*,*,#3519,.T.);
#3626 = ORIENTED_EDGE('',*,*,#2975,.T.);
#3627 = ORIENTED_EDGE('',*,*,#3465,.F.);
#3628 = ORIENTED_EDGE('',*,*,#3413,.T.);
#3629 = ORIENTED_EDGE('',*,*,#3388,.T.);
#3630 = ORIENTED_EDGE('',*,*,#3316,.F.);
#3631 = ORIENTED_EDGE('',*,*,#3632,.F.);
#3632 = EDGE_CURVE('',#3633,#3289,#3635,.T.);
#3633 = VERTEX_POINT('',#3634);
#3634 = CARTESIAN_POINT('',(-3.5,13.,55.3));
#3635 = SURFACE_CURVE('',#3636,(#3640,#3646),.PCURVE_S1.);
#3636 = LINE('',#3637,#3638);
#3637 = CARTESIAN_POINT('',(-3.5,13.,35.3));
#3638 = VECTOR('',#3639,1.);
#3639 = DIRECTION('',(0.,0.,1.));
#3640 = PCURVE('',#2991,#3641);
#3641 = DEFINITIONAL_REPRESENTATION('',(#3642),#3645);
#3642 = B_SPLINE_CURVE_WITH_KNOTS('',1,(#3643,#3644),.UNSPECIFIED.,.F.,
  .F.,(2,2),(20.,22.),.PIECEWISE_BEZIER_KNOTS.);
#3643 = CARTESIAN_POINT('',(40.,-31.5));
#3644 = CARTESIAN_POINT('',(42.,-31.5));
#3645 = ( GEOMETRIC_REPRESENTATION_CONTEXT(2) 
PARAMETRIC_REPRESENTATION_CONTEXT() REPRESENTATION_CONTEXT('2D SPACE',''
  ) );
#3646 = PCURVE('',#3304,#3647);
#3647 = DEFINITIONAL_REPRESENTATION('',(#3648),#3652);
#3648 = LINE('',#3649,#3650);
#3649 = CARTESIAN_POINT('',(-20.,0.5));
#3650 = VECTOR('',#3651,1.);
#3651 = DIRECTION('',(1.,0.));
#3652 = ( GEOMETRIC_REPRESENTATION_CONTEXT(2) 
PARAMETRIC_REPRESENTATION_CONTEXT() REPRESENTATION_CONTEXT('2D SPACE',''
  ) );
#3653 = ORIENTED_EDGE('',*,*,#3654,.T.);
#3654 = EDGE_CURVE('',#3633,#3655,#3657,.T.);
#3655 = VERTEX_POINT('',#3656);
#3656 = CARTESIAN_POINT('',(-3.5,5.,55.3));
#3657 = SURFACE_CURVE('',#3658,(#3662,#3668),.PCURVE_S1.);
#3658 = LINE('',#3659,#3660);
#3659 = CARTESIAN_POINT('',(-3.5,-15.75,55.3));
#3660 = VECTOR('',#3661,1.);
#3661 = DIRECTION('',(0.,-1.,0.));
#3662 = PCURVE('',#2991,#3663);
#3663 = DEFINITIONAL_REPRESENTATION('',(#3664),#3667);
#3664 = B_SPLINE_CURVE_WITH_KNOTS('',1,(#3665,#3666),.UNSPECIFIED.,.F.,
  .F.,(2,2),(-28.75,-2.75),.PIECEWISE_BEZIER_KNOTS.);
#3665 = CARTESIAN_POINT('',(40.,-31.5));
#3666 = CARTESIAN_POINT('',(40.,-5.5));
#3667 = ( GEOMETRIC_REPRESENTATION_CONTEXT(2) 
PARAMETRIC_REPRESENTATION_CONTEXT() REPRESENTATION_CONTEXT('2D SPACE',''
  ) );
#3668 = PCURVE('',#3669,#3674);
#3669 = PLANE('',#3670);
#3670 = AXIS2_PLACEMENT_3D('',#3671,#3672,#3673);
#3671 = CARTESIAN_POINT('',(-4.,-13.,55.3));
#3672 = DIRECTION('',(0.,0.,1.));
#3673 = DIRECTION('',(1.,0.,-0.));
#3674 = DEFINITIONAL_REPRESENTATION('',(#3675),#3678);
#3675 = B_SPLINE_CURVE_WITH_KNOTS('',1,(#3676,#3677),.UNSPECIFIED.,.F.,
  .F.,(2,2),(-28.75,-2.75),.PIECEWISE_BEZIER_KNOTS.);
#3676 = CARTESIAN_POINT('',(0.5,26.));
#3677 = CARTESIAN_POINT('',(0.5,0.));
#3678 = ( GEOMETRIC_REPRESENTATION_CONTEXT(2) 
PARAMETRIC_REPRESENTATION_CONTEXT() REPRESENTATION_CONTEXT('2D SPACE',''
  ) );
#3679 = ORIENTED_EDGE('',*,*,#3680,.F.);
#3680 = EDGE_CURVE('',#3681,#3655,#3683,.T.);
#3681 = VERTEX_POINT('',#3682);
#3682 = CARTESIAN_POINT('',(-3.5,5.,54.85));
#3683 = SURFACE_CURVE('',#3684,(#3688,#3694),.PCURVE_S1.);
#3684 = LINE('',#3685,#3686);
#3685 = CARTESIAN_POINT('',(-3.5,5.,35.075));
#3686 = VECTOR('',#3687,1.);
#3687 = DIRECTION('',(0.,0.,1.));
#3688 = PCURVE('',#2991,#3689);
#3689 = DEFINITIONAL_REPRESENTATION('',(#3690),#3693);
#3690 = B_SPLINE_CURVE_WITH_KNOTS('',1,(#3691,#3692),.UNSPECIFIED.,.F.,
  .F.,(2,2),(19.775,20.375),.PIECEWISE_BEZIER_KNOTS.);
#3691 = CARTESIAN_POINT('',(39.55,-23.5));
#3692 = CARTESIAN_POINT('',(40.15,-23.5));
#3693 = ( GEOMETRIC_REPRESENTATION_CONTEXT(2) 
PARAMETRIC_REPRESENTATION_CONTEXT() REPRESENTATION_CONTEXT('2D SPACE',''
  ) );
#3694 = PCURVE('',#3134,#3695);
#3695 = DEFINITIONAL_REPRESENTATION('',(#3696),#3699);
#3696 = B_SPLINE_CURVE_WITH_KNOTS('',1,(#3697,#3698),.UNSPECIFIED.,.F.,
  .F.,(2,2),(19.775,20.375),.PIECEWISE_BEZIER_KNOTS.);
#3697 = CARTESIAN_POINT('',(0.,1.7));
#3698 = CARTESIAN_POINT('',(0.6,1.7));
#3699 = ( GEOMETRIC_REPRESENTATION_CONTEXT(2) 
PARAMETRIC_REPRESENTATION_CONTEXT() REPRESENTATION_CONTEXT('2D SPACE',''
  ) );
#3700 = ORIENTED_EDGE('',*,*,#3701,.T.);
#3701 = EDGE_CURVE('',#3681,#3702,#3704,.T.);
#3702 = VERTEX_POINT('',#3703);
#3703 = CARTESIAN_POINT('',(-3.5,-5.,54.85));
#3704 = SURFACE_CURVE('',#3705,(#3709,#3715),.PCURVE_S1.);
#3705 = LINE('',#3706,#3707);
#3706 = CARTESIAN_POINT('',(-3.5,-11.75,54.85));
#3707 = VECTOR('',#3708,1.);
#3708 = DIRECTION('',(0.,-1.,0.));
#3709 = PCURVE('',#2991,#3710);
#3710 = DEFINITIONAL_REPRESENTATION('',(#3711),#3714);
#3711 = B_SPLINE_CURVE_WITH_KNOTS('',1,(#3712,#3713),.UNSPECIFIED.,.F.,
  .F.,(2,2),(-16.75,-6.75),.PIECEWISE_BEZIER_KNOTS.);
#3712 = CARTESIAN_POINT('',(39.55,-23.5));
#3713 = CARTESIAN_POINT('',(39.55,-13.5));
#3714 = ( GEOMETRIC_REPRESENTATION_CONTEXT(2) 
PARAMETRIC_REPRESENTATION_CONTEXT() REPRESENTATION_CONTEXT('2D SPACE',''
  ) );
#3715 = PCURVE('',#3058,#3716);
#3716 = DEFINITIONAL_REPRESENTATION('',(#3717),#3720);
#3717 = B_SPLINE_CURVE_WITH_KNOTS('',1,(#3718,#3719),.UNSPECIFIED.,.F.,
  .F.,(2,2),(-16.75,-6.75),.PIECEWISE_BEZIER_KNOTS.);
#3718 = CARTESIAN_POINT('',(1.7,10.));
#3719 = CARTESIAN_POINT('',(1.7,0.));
#3720 = ( GEOMETRIC_REPRESENTATION_CONTEXT(2) 
PARAMETRIC_REPRESENTATION_CONTEXT() REPRESENTATION_CONTEXT('2D SPACE',''
  ) );
#3721 = ORIENTED_EDGE('',*,*,#3722,.T.);
#3722 = EDGE_CURVE('',#3702,#3723,#3725,.T.);
#3723 = VERTEX_POINT('',#3724);
#3724 = CARTESIAN_POINT('',(-3.5,-5.,55.3));
#3725 = SURFACE_CURVE('',#3726,(#3730,#3736),.PCURVE_S1.);
#3726 = LINE('',#3727,#3728);
#3727 = CARTESIAN_POINT('',(-3.5,-5.,35.075));
#3728 = VECTOR('',#3729,1.);
#3729 = DIRECTION('',(0.,0.,1.));
#3730 = PCURVE('',#2991,#3731);
#3731 = DEFINITIONAL_REPRESENTATION('',(#3732),#3735);
#3732 = B_SPLINE_CURVE_WITH_KNOTS('',1,(#3733,#3734),.UNSPECIFIED.,.F.,
  .F.,(2,2),(19.775,20.375),.PIECEWISE_BEZIER_KNOTS.);
#3733 = CARTESIAN_POINT('',(39.55,-13.5));
#3734 = CARTESIAN_POINT('',(40.15,-13.5));
#3735 = ( GEOMETRIC_REPRESENTATION_CONTEXT(2) 
PARAMETRIC_REPRESENTATION_CONTEXT() REPRESENTATION_CONTEXT('2D SPACE',''
  ) );
#3736 = PCURVE('',#3084,#3737);
#3737 = DEFINITIONAL_REPRESENTATION('',(#3738),#3741);
#3738 = B_SPLINE_CURVE_WITH_KNOTS('',1,(#3739,#3740),.UNSPECIFIED.,.F.,
  .F.,(2,2),(19.775,20.375),.PIECEWISE_BEZIER_KNOTS.);
#3739 = CARTESIAN_POINT('',(0.,1.7));
#3740 = CARTESIAN_POINT('',(0.6,1.7));
#3741 = ( GEOMETRIC_REPRESENTATION_CONTEXT(2) 
PARAMETRIC_REPRESENTATION_CONTEXT() REPRESENTATION_CONTEXT('2D SPACE',''
  ) );
#3742 = ORIENTED_EDGE('',*,*,#3743,.T.);
#3743 = EDGE_CURVE('',#3723,#3744,#3746,.T.);
#3744 = VERTEX_POINT('',#3745);
#3745 = CARTESIAN_POINT('',(-3.5,-13.,55.3));
#3746 = SURFACE_CURVE('',#3747,(#3751,#3757),.PCURVE_S1.);
#3747 = LINE('',#3748,#3749);
#3748 = CARTESIAN_POINT('',(-3.5,-15.75,55.3));
#3749 = VECTOR('',#3750,1.);
#3750 = DIRECTION('',(0.,-1.,0.));
#3751 = PCURVE('',#2991,#3752);
#3752 = DEFINITIONAL_REPRESENTATION('',(#3753),#3756);
#3753 = B_SPLINE_CURVE_WITH_KNOTS('',1,(#3754,#3755),.UNSPECIFIED.,.F.,
  .F.,(2,2),(-28.75,-2.75),.PIECEWISE_BEZIER_KNOTS.);
#3754 = CARTESIAN_POINT('',(40.,-31.5));
#3755 = CARTESIAN_POINT('',(40.,-5.5));
#3756 = ( GEOMETRIC_REPRESENTATION_CONTEXT(2) 
PARAMETRIC_REPRESENTATION_CONTEXT() REPRESENTATION_CONTEXT('2D SPACE',''
  ) );
#3757 = PCURVE('',#3669,#3758);
#3758 = DEFINITIONAL_REPRESENTATION('',(#3759),#3762);
#3759 = B_SPLINE_CURVE_WITH_KNOTS('',1,(#3760,#3761),.UNSPECIFIED.,.F.,
  .F.,(2,2),(-28.75,-2.75),.PIECEWISE_BEZIER_KNOTS.);
#3760 = CARTESIAN_POINT('',(0.5,26.));
#3761 = CARTESIAN_POINT('',(0.5,0.));
#3762 = ( GEOMETRIC_REPRESENTATION_CONTEXT(2) 
PARAMETRIC_REPRESENTATION_CONTEXT() REPRESENTATION_CONTEXT('2D SPACE',''
  ) );
#3763 = ORIENTED_EDGE('',*,*,#3764,.T.);
#3764 = EDGE_CURVE('',#3744,#3209,#3765,.T.);
#3765 = SURFACE_CURVE('',#3766,(#3770,#3776),.PCURVE_S1.);
#3766 = LINE('',#3767,#3768);
#3767 = CARTESIAN_POINT('',(-3.5,-13.,35.3));
#3768 = VECTOR('',#3769,1.);
#3769 = DIRECTION('',(0.,0.,1.));
#3770 = PCURVE('',#2991,#3771);
#3771 = DEFINITIONAL_REPRESENTATION('',(#3772),#3775);
#3772 = B_SPLINE_CURVE_WITH_KNOTS('',1,(#3773,#3774),.UNSPECIFIED.,.F.,
  .F.,(2,2),(20.,22.),.PIECEWISE_BEZIER_KNOTS.);
#3773 = CARTESIAN_POINT('',(40.,-5.5));
#3774 = CARTESIAN_POINT('',(42.,-5.5));
#3775 = ( GEOMETRIC_REPRESENTATION_CONTEXT(2) 
PARAMETRIC_REPRESENTATION_CONTEXT() REPRESENTATION_CONTEXT('2D SPACE',''
  ) );
#3776 = PCURVE('',#3247,#3777);
#3777 = DEFINITIONAL_REPRESENTATION('',(#3778),#3782);
#3778 = LINE('',#3779,#3780);
#3779 = CARTESIAN_POINT('',(-20.,0.5));
#3780 = VECTOR('',#3781,1.);
#3781 = DIRECTION('',(1.,0.));
#3782 = ( GEOMETRIC_REPRESENTATION_CONTEXT(2) 
PARAMETRIC_REPRESENTATION_CONTEXT() REPRESENTATION_CONTEXT('2D SPACE',''
  ) );
#3783 = ORIENTED_EDGE('',*,*,#3208,.F.);
#3784 = ORIENTED_EDGE('',*,*,#3596,.F.);
#3785 = ADVANCED_FACE('',(#3786),#3058,.T.);
#3786 = FACE_BOUND('',#3787,.T.);
#3787 = EDGE_LOOP('',(#3788,#3809,#3810,#3831));
#3788 = ORIENTED_EDGE('',*,*,#3789,.F.);
#3789 = EDGE_CURVE('',#3042,#3681,#3790,.T.);
#3790 = SURFACE_CURVE('',#3791,(#3795,#3802),.PCURVE_S1.);
#3791 = LINE('',#3792,#3793);
#3792 = CARTESIAN_POINT('',(-5.2,5.,54.85));
#3793 = VECTOR('',#3794,1.);
#3794 = DIRECTION('',(1.,0.,-0.));
#3795 = PCURVE('',#3058,#3796);
#3796 = DEFINITIONAL_REPRESENTATION('',(#3797),#3801);
#3797 = LINE('',#3798,#3799);
#3798 = CARTESIAN_POINT('',(0.,10.));
#3799 = VECTOR('',#3800,1.);
#3800 = DIRECTION('',(1.,0.));
#3801 = ( GEOMETRIC_REPRESENTATION_CONTEXT(2) 
PARAMETRIC_REPRESENTATION_CONTEXT() REPRESENTATION_CONTEXT('2D SPACE',''
  ) );
#3802 = PCURVE('',#3134,#3803);
#3803 = DEFINITIONAL_REPRESENTATION('',(#3804),#3808);
#3804 = LINE('',#3805,#3806);
#3805 = CARTESIAN_POINT('',(0.,0.));
#3806 = VECTOR('',#3807,1.);
#3807 = DIRECTION('',(0.,1.));
#3808 = ( GEOMETRIC_REPRESENTATION_CONTEXT(2) 
PARAMETRIC_REPRESENTATION_CONTEXT() REPRESENTATION_CONTEXT('2D SPACE',''
  ) );
#3809 = ORIENTED_EDGE('',*,*,#3041,.T.);
#3810 = ORIENTED_EDGE('',*,*,#3811,.T.);
#3811 = EDGE_CURVE('',#3044,#3702,#3812,.T.);
#3812 = SURFACE_CURVE('',#3813,(#3817,#3824),.PCURVE_S1.);
#3813 = LINE('',#3814,#3815);
#3814 = CARTESIAN_POINT('',(-5.2,-5.,54.85));
#3815 = VECTOR('',#3816,1.);
#3816 = DIRECTION('',(1.,0.,-0.));
#3817 = PCURVE('',#3058,#3818);
#3818 = DEFINITIONAL_REPRESENTATION('',(#3819),#3823);
#3819 = LINE('',#3820,#3821);
#3820 = CARTESIAN_POINT('',(0.,0.));
#3821 = VECTOR('',#3822,1.);
#3822 = DIRECTION('',(1.,0.));
#3823 = ( GEOMETRIC_REPRESENTATION_CONTEXT(2) 
PARAMETRIC_REPRESENTATION_CONTEXT() REPRESENTATION_CONTEXT('2D SPACE',''
  ) );
#3824 = PCURVE('',#3084,#3825);
#3825 = DEFINITIONAL_REPRESENTATION('',(#3826),#3830);
#3826 = LINE('',#3827,#3828);
#3827 = CARTESIAN_POINT('',(0.,0.));
#3828 = VECTOR('',#3829,1.);
#3829 = DIRECTION('',(0.,1.));
#3830 = ( GEOMETRIC_REPRESENTATION_CONTEXT(2) 
PARAMETRIC_REPRESENTATION_CONTEXT() REPRESENTATION_CONTEXT('2D SPACE',''
  ) );
#3831 = ORIENTED_EDGE('',*,*,#3701,.F.);
#3832 = ADVANCED_FACE('',(#3833),#3134,.F.);
#3833 = FACE_BOUND('',#3834,.F.);
#3834 = EDGE_LOOP('',(#3835,#3836,#3837,#3860,#3888,#3907));
#3835 = ORIENTED_EDGE('',*,*,#3789,.F.);
#3836 = ORIENTED_EDGE('',*,*,#3121,.T.);
#3837 = ORIENTED_EDGE('',*,*,#3838,.T.);
#3838 = EDGE_CURVE('',#3096,#3839,#3841,.T.);
#3839 = VERTEX_POINT('',#3840);
#3840 = CARTESIAN_POINT('',(-3.3,5.,55.45));
#3841 = SURFACE_CURVE('',#3842,(#3846,#3853),.PCURVE_S1.);
#3842 = LINE('',#3843,#3844);
#3843 = CARTESIAN_POINT('',(-5.2,5.,55.45));
#3844 = VECTOR('',#3845,1.);
#3845 = DIRECTION('',(1.,0.,-0.));
#3846 = PCURVE('',#3134,#3847);
#3847 = DEFINITIONAL_REPRESENTATION('',(#3848),#3852);
#3848 = LINE('',#3849,#3850);
#3849 = CARTESIAN_POINT('',(0.6,0.));
#3850 = VECTOR('',#3851,1.);
#3851 = DIRECTION('',(0.,1.));
#3852 = ( GEOMETRIC_REPRESENTATION_CONTEXT(2) 
PARAMETRIC_REPRESENTATION_CONTEXT() REPRESENTATION_CONTEXT('2D SPACE',''
  ) );
#3853 = PCURVE('',#3110,#3854);
#3854 = DEFINITIONAL_REPRESENTATION('',(#3855),#3859);
#3855 = LINE('',#3856,#3857);
#3856 = CARTESIAN_POINT('',(0.,10.));
#3857 = VECTOR('',#3858,1.);
#3858 = DIRECTION('',(1.,0.));
#3859 = ( GEOMETRIC_REPRESENTATION_CONTEXT(2) 
PARAMETRIC_REPRESENTATION_CONTEXT() REPRESENTATION_CONTEXT('2D SPACE',''
  ) );
#3860 = ORIENTED_EDGE('',*,*,#3861,.F.);
#3861 = EDGE_CURVE('',#3862,#3839,#3864,.T.);
#3862 = VERTEX_POINT('',#3863);
#3863 = CARTESIAN_POINT('',(-3.3,5.,55.3));
#3864 = SURFACE_CURVE('',#3865,(#3869,#3876),.PCURVE_S1.);
#3865 = LINE('',#3866,#3867);
#3866 = CARTESIAN_POINT('',(-3.3,5.,54.85));
#3867 = VECTOR('',#3868,1.);
#3868 = DIRECTION('',(0.,0.,1.));
#3869 = PCURVE('',#3134,#3870);
#3870 = DEFINITIONAL_REPRESENTATION('',(#3871),#3875);
#3871 = LINE('',#3872,#3873);
#3872 = CARTESIAN_POINT('',(0.,1.9));
#3873 = VECTOR('',#3874,1.);
#3874 = DIRECTION('',(1.,0.));
#3875 = ( GEOMETRIC_REPRESENTATION_CONTEXT(2) 
PARAMETRIC_REPRESENTATION_CONTEXT() REPRESENTATION_CONTEXT('2D SPACE',''
  ) );
#3876 = PCURVE('',#3877,#3882);
#3877 = PLANE('',#3878);
#3878 = AXIS2_PLACEMENT_3D('',#3879,#3880,#3881);
#3879 = CARTESIAN_POINT('',(-3.3,-5.,54.85));
#3880 = DIRECTION('',(1.,0.,-0.));
#3881 = DIRECTION('',(0.,0.,1.));
#3882 = DEFINITIONAL_REPRESENTATION('',(#3883),#3887);
#3883 = LINE('',#3884,#3885);
#3884 = CARTESIAN_POINT('',(0.,-10.));
#3885 = VECTOR('',#3886,1.);
#3886 = DIRECTION('',(1.,0.));
#3887 = ( GEOMETRIC_REPRESENTATION_CONTEXT(2) 
PARAMETRIC_REPRESENTATION_CONTEXT() REPRESENTATION_CONTEXT('2D SPACE',''
  ) );
#3888 = ORIENTED_EDGE('',*,*,#3889,.T.);
#3889 = EDGE_CURVE('',#3862,#3655,#3890,.T.);
#3890 = SURFACE_CURVE('',#3891,(#3895,#3901),.PCURVE_S1.);
#3891 = LINE('',#3892,#3893);
#3892 = CARTESIAN_POINT('',(-4.6,5.,55.3));
#3893 = VECTOR('',#3894,1.);
#3894 = DIRECTION('',(-1.,-0.,0.));
#3895 = PCURVE('',#3134,#3896);
#3896 = DEFINITIONAL_REPRESENTATION('',(#3897),#3900);
#3897 = B_SPLINE_CURVE_WITH_KNOTS('',1,(#3898,#3899),.UNSPECIFIED.,.F.,
  .F.,(2,2),(-1.3,-1.1),.PIECEWISE_BEZIER_KNOTS.);
#3898 = CARTESIAN_POINT('',(0.45,1.9));
#3899 = CARTESIAN_POINT('',(0.45,1.7));
#3900 = ( GEOMETRIC_REPRESENTATION_CONTEXT(2) 
PARAMETRIC_REPRESENTATION_CONTEXT() REPRESENTATION_CONTEXT('2D SPACE',''
  ) );
#3901 = PCURVE('',#3669,#3902);
#3902 = DEFINITIONAL_REPRESENTATION('',(#3903),#3906);
#3903 = B_SPLINE_CURVE_WITH_KNOTS('',1,(#3904,#3905),.UNSPECIFIED.,.F.,
  .F.,(2,2),(-1.3,-1.1),.PIECEWISE_BEZIER_KNOTS.);
#3904 = CARTESIAN_POINT('',(0.7,18.));
#3905 = CARTESIAN_POINT('',(0.5,18.));
#3906 = ( GEOMETRIC_REPRESENTATION_CONTEXT(2) 
PARAMETRIC_REPRESENTATION_CONTEXT() REPRESENTATION_CONTEXT('2D SPACE',''
  ) );
#3907 = ORIENTED_EDGE('',*,*,#3680,.F.);
#3908 = ADVANCED_FACE('',(#3909),#3110,.F.);
#3909 = FACE_BOUND('',#3910,.F.);
#3910 = EDGE_LOOP('',(#3911,#3912,#3913,#3936));
#3911 = ORIENTED_EDGE('',*,*,#3838,.F.);
#3912 = ORIENTED_EDGE('',*,*,#3095,.T.);
#3913 = ORIENTED_EDGE('',*,*,#3914,.T.);
#3914 = EDGE_CURVE('',#3070,#3915,#3917,.T.);
#3915 = VERTEX_POINT('',#3916);
#3916 = CARTESIAN_POINT('',(-3.3,-5.,55.45));
#3917 = SURFACE_CURVE('',#3918,(#3922,#3929),.PCURVE_S1.);
#3918 = LINE('',#3919,#3920);
#3919 = CARTESIAN_POINT('',(-5.2,-5.,55.45));
#3920 = VECTOR('',#3921,1.);
#3921 = DIRECTION('',(1.,0.,-0.));
#3922 = PCURVE('',#3110,#3923);
#3923 = DEFINITIONAL_REPRESENTATION('',(#3924),#3928);
#3924 = LINE('',#3925,#3926);
#3925 = CARTESIAN_POINT('',(0.,0.));
#3926 = VECTOR('',#3927,1.);
#3927 = DIRECTION('',(1.,0.));
#3928 = ( GEOMETRIC_REPRESENTATION_CONTEXT(2) 
PARAMETRIC_REPRESENTATION_CONTEXT() REPRESENTATION_CONTEXT('2D SPACE',''
  ) );
#3929 = PCURVE('',#3084,#3930);
#3930 = DEFINITIONAL_REPRESENTATION('',(#3931),#3935);
#3931 = LINE('',#3932,#3933);
#3932 = CARTESIAN_POINT('',(0.6,0.));
#3933 = VECTOR('',#3934,1.);
#3934 = DIRECTION('',(0.,1.));
#3935 = ( GEOMETRIC_REPRESENTATION_CONTEXT(2) 
PARAMETRIC_REPRESENTATION_CONTEXT() REPRESENTATION_CONTEXT('2D SPACE',''
  ) );
#3936 = ORIENTED_EDGE('',*,*,#3937,.T.);
#3937 = EDGE_CURVE('',#3915,#3839,#3938,.T.);
#3938 = SURFACE_CURVE('',#3939,(#3943,#3950),.PCURVE_S1.);
#3939 = LINE('',#3940,#3941);
#3940 = CARTESIAN_POINT('',(-3.3,-5.,55.45));
#3941 = VECTOR('',#3942,1.);
#3942 = DIRECTION('',(-0.,1.,0.));
#3943 = PCURVE('',#3110,#3944);
#3944 = DEFINITIONAL_REPRESENTATION('',(#3945),#3949);
#3945 = LINE('',#3946,#3947);
#3946 = CARTESIAN_POINT('',(1.9,0.));
#3947 = VECTOR('',#3948,1.);
#3948 = DIRECTION('',(0.,1.));
#3949 = ( GEOMETRIC_REPRESENTATION_CONTEXT(2) 
PARAMETRIC_REPRESENTATION_CONTEXT() REPRESENTATION_CONTEXT('2D SPACE',''
  ) );
#3950 = PCURVE('',#3877,#3951);
#3951 = DEFINITIONAL_REPRESENTATION('',(#3952),#3956);
#3952 = LINE('',#3953,#3954);
#3953 = CARTESIAN_POINT('',(0.6,0.));
#3954 = VECTOR('',#3955,1.);
#3955 = DIRECTION('',(0.,-1.));
#3956 = ( GEOMETRIC_REPRESENTATION_CONTEXT(2) 
PARAMETRIC_REPRESENTATION_CONTEXT() REPRESENTATION_CONTEXT('2D SPACE',''
  ) );
#3957 = ADVANCED_FACE('',(#3958),#3084,.T.);
#3958 = FACE_BOUND('',#3959,.T.);
#3959 = EDGE_LOOP('',(#3960,#3961,#3962,#3963,#3986,#4005));
#3960 = ORIENTED_EDGE('',*,*,#3811,.F.);
#3961 = ORIENTED_EDGE('',*,*,#3069,.T.);
#3962 = ORIENTED_EDGE('',*,*,#3914,.T.);
#3963 = ORIENTED_EDGE('',*,*,#3964,.F.);
#3964 = EDGE_CURVE('',#3965,#3915,#3967,.T.);
#3965 = VERTEX_POINT('',#3966);
#3966 = CARTESIAN_POINT('',(-3.3,-5.,55.3));
#3967 = SURFACE_CURVE('',#3968,(#3972,#3979),.PCURVE_S1.);
#3968 = LINE('',#3969,#3970);
#3969 = CARTESIAN_POINT('',(-3.3,-5.,54.85));
#3970 = VECTOR('',#3971,1.);
#3971 = DIRECTION('',(0.,0.,1.));
#3972 = PCURVE('',#3084,#3973);
#3973 = DEFINITIONAL_REPRESENTATION('',(#3974),#3978);
#3974 = LINE('',#3975,#3976);
#3975 = CARTESIAN_POINT('',(0.,1.9));
#3976 = VECTOR('',#3977,1.);
#3977 = DIRECTION('',(1.,0.));
#3978 = ( GEOMETRIC_REPRESENTATION_CONTEXT(2) 
PARAMETRIC_REPRESENTATION_CONTEXT() REPRESENTATION_CONTEXT('2D SPACE',''
  ) );
#3979 = PCURVE('',#3877,#3980);
#3980 = DEFINITIONAL_REPRESENTATION('',(#3981),#3985);
#3981 = LINE('',#3982,#3983);
#3982 = CARTESIAN_POINT('',(0.,0.));
#3983 = VECTOR('',#3984,1.);
#3984 = DIRECTION('',(1.,0.));
#3985 = ( GEOMETRIC_REPRESENTATION_CONTEXT(2) 
PARAMETRIC_REPRESENTATION_CONTEXT() REPRESENTATION_CONTEXT('2D SPACE',''
  ) );
#3986 = ORIENTED_EDGE('',*,*,#3987,.T.);
#3987 = EDGE_CURVE('',#3965,#3723,#3988,.T.);
#3988 = SURFACE_CURVE('',#3989,(#3993,#3999),.PCURVE_S1.);
#3989 = LINE('',#3990,#3991);
#3990 = CARTESIAN_POINT('',(-4.6,-5.,55.3));
#3991 = VECTOR('',#3992,1.);
#3992 = DIRECTION('',(-1.,-0.,0.));
#3993 = PCURVE('',#3084,#3994);
#3994 = DEFINITIONAL_REPRESENTATION('',(#3995),#3998);
#3995 = B_SPLINE_CURVE_WITH_KNOTS('',1,(#3996,#3997),.UNSPECIFIED.,.F.,
  .F.,(2,2),(-1.3,-1.1),.PIECEWISE_BEZIER_KNOTS.);
#3996 = CARTESIAN_POINT('',(0.45,1.9));
#3997 = CARTESIAN_POINT('',(0.45,1.7));
#3998 = ( GEOMETRIC_REPRESENTATION_CONTEXT(2) 
PARAMETRIC_REPRESENTATION_CONTEXT() REPRESENTATION_CONTEXT('2D SPACE',''
  ) );
#3999 = PCURVE('',#3669,#4000);
#4000 = DEFINITIONAL_REPRESENTATION('',(#4001),#4004);
#4001 = B_SPLINE_CURVE_WITH_KNOTS('',1,(#4002,#4003),.UNSPECIFIED.,.F.,
  .F.,(2,2),(-1.3,-1.1),.PIECEWISE_BEZIER_KNOTS.);
#4002 = CARTESIAN_POINT('',(0.7,8.));
#4003 = CARTESIAN_POINT('',(0.5,8.));
#4004 = ( GEOMETRIC_REPRESENTATION_CONTEXT(2) 
PARAMETRIC_REPRESENTATION_CONTEXT() REPRESENTATION_CONTEXT('2D SPACE',''
  ) );
#4005 = ORIENTED_EDGE('',*,*,#3722,.F.);
#4006 = ADVANCED_FACE('',(#4007),#3247,.F.);
#4007 = FACE_BOUND('',#4008,.F.);
#4008 = EDGE_LOOP('',(#4009,#4032,#4033,#4034,#4057,#4085));
#4009 = ORIENTED_EDGE('',*,*,#4010,.F.);
#4010 = EDGE_CURVE('',#3744,#4011,#4013,.T.);
#4011 = VERTEX_POINT('',#4012);
#4012 = CARTESIAN_POINT('',(3.088237687751,-13.,55.3));
#4013 = SURFACE_CURVE('',#4014,(#4018,#4025),.PCURVE_S1.);
#4014 = LINE('',#4015,#4016);
#4015 = CARTESIAN_POINT('',(-4.,-13.,55.3));
#4016 = VECTOR('',#4017,1.);
#4017 = DIRECTION('',(1.,0.,-0.));
#4018 = PCURVE('',#3247,#4019);
#4019 = DEFINITIONAL_REPRESENTATION('',(#4020),#4024);
#4020 = LINE('',#4021,#4022);
#4021 = CARTESIAN_POINT('',(0.,0.));
#4022 = VECTOR('',#4023,1.);
#4023 = DIRECTION('',(0.,1.));
#4024 = ( GEOMETRIC_REPRESENTATION_CONTEXT(2) 
PARAMETRIC_REPRESENTATION_CONTEXT() REPRESENTATION_CONTEXT('2D SPACE',''
  ) );
#4025 = PCURVE('',#3669,#4026);
#4026 = DEFINITIONAL_REPRESENTATION('',(#4027),#4031);
#4027 = LINE('',#4028,#4029);
#4028 = CARTESIAN_POINT('',(0.,0.));
#4029 = VECTOR('',#4030,1.);
#4030 = DIRECTION('',(1.,0.));
#4031 = ( GEOMETRIC_REPRESENTATION_CONTEXT(2) 
PARAMETRIC_REPRESENTATION_CONTEXT() REPRESENTATION_CONTEXT('2D SPACE',''
  ) );
#4032 = ORIENTED_EDGE('',*,*,#3764,.T.);
#4033 = ORIENTED_EDGE('',*,*,#3231,.T.);
#4034 = ORIENTED_EDGE('',*,*,#4035,.F.);
#4035 = EDGE_CURVE('',#4036,#3232,#4038,.T.);
#4036 = VERTEX_POINT('',#4037);
#4037 = CARTESIAN_POINT('',(4.741239940158,-13.,37.3));
#4038 = SURFACE_CURVE('',#4039,(#4043,#4050),.PCURVE_S1.);
#4039 = LINE('',#4040,#4041);
#4040 = CARTESIAN_POINT('',(4.741239940158,-13.,37.3));
#4041 = VECTOR('',#4042,1.);
#4042 = DIRECTION('',(1.456612608308E-14,-1.527666881884E-14,1.));
#4043 = PCURVE('',#3247,#4044);
#4044 = DEFINITIONAL_REPRESENTATION('',(#4045),#4049);
#4045 = LINE('',#4046,#4047);
#4046 = CARTESIAN_POINT('',(-18.,8.741239940158));
#4047 = VECTOR('',#4048,1.);
#4048 = DIRECTION('',(1.,1.456612608308E-14));
#4049 = ( GEOMETRIC_REPRESENTATION_CONTEXT(2) 
PARAMETRIC_REPRESENTATION_CONTEXT() REPRESENTATION_CONTEXT('2D SPACE',''
  ) );
#4050 = PCURVE('',#3276,#4051);
#4051 = DEFINITIONAL_REPRESENTATION('',(#4052),#4056);
#4052 = LINE('',#4053,#4054);
#4053 = CARTESIAN_POINT('',(3.586598964026,37.3));
#4054 = VECTOR('',#4055,1.);
#4055 = DIRECTION('',(0.,1.));
#4056 = ( GEOMETRIC_REPRESENTATION_CONTEXT(2) 
PARAMETRIC_REPRESENTATION_CONTEXT() REPRESENTATION_CONTEXT('2D SPACE',''
  ) );
#4057 = ORIENTED_EDGE('',*,*,#4058,.F.);
#4058 = EDGE_CURVE('',#4059,#4036,#4061,.T.);
#4059 = VERTEX_POINT('',#4060);
#4060 = CARTESIAN_POINT('',(3.088237687751,-13.,37.3));
#4061 = SURFACE_CURVE('',#4062,(#4066,#4073),.PCURVE_S1.);
#4062 = LINE('',#4063,#4064);
#4063 = CARTESIAN_POINT('',(-2.,-13.,37.3));
#4064 = VECTOR('',#4065,1.);
#4065 = DIRECTION('',(1.,0.,-0.));
#4066 = PCURVE('',#3247,#4067);
#4067 = DEFINITIONAL_REPRESENTATION('',(#4068),#4072);
#4068 = LINE('',#4069,#4070);
#4069 = CARTESIAN_POINT('',(-18.,2.));
#4070 = VECTOR('',#4071,1.);
#4071 = DIRECTION('',(0.,1.));
#4072 = ( GEOMETRIC_REPRESENTATION_CONTEXT(2) 
PARAMETRIC_REPRESENTATION_CONTEXT() REPRESENTATION_CONTEXT('2D SPACE',''
  ) );
#4073 = PCURVE('',#4074,#4079);
#4074 = PLANE('',#4075);
#4075 = AXIS2_PLACEMENT_3D('',#4076,#4077,#4078);
#4076 = CARTESIAN_POINT('',(32.,0.,37.3));
#4077 = DIRECTION('',(0.,0.,1.));
#4078 = DIRECTION('',(1.,0.,-0.));
#4079 = DEFINITIONAL_REPRESENTATION('',(#4080),#4084);
#4080 = LINE('',#4081,#4082);
#4081 = CARTESIAN_POINT('',(-34.,-13.));
#4082 = VECTOR('',#4083,1.);
#4083 = DIRECTION('',(1.,0.));
#4084 = ( GEOMETRIC_REPRESENTATION_CONTEXT(2) 
PARAMETRIC_REPRESENTATION_CONTEXT() REPRESENTATION_CONTEXT('2D SPACE',''
  ) );
#4085 = ORIENTED_EDGE('',*,*,#4086,.T.);
#4086 = EDGE_CURVE('',#4059,#4011,#4087,.T.);
#4087 = SURFACE_CURVE('',#4088,(#4092,#4099),.PCURVE_S1.);
#4088 = LINE('',#4089,#4090);
#4089 = CARTESIAN_POINT('',(3.088237687751,-13.,37.3));
#4090 = VECTOR('',#4091,1.);
#4091 = DIRECTION('',(0.,0.,1.));
#4092 = PCURVE('',#3247,#4093);
#4093 = DEFINITIONAL_REPRESENTATION('',(#4094),#4098);
#4094 = LINE('',#4095,#4096);
#4095 = CARTESIAN_POINT('',(-18.,7.088237687751));
#4096 = VECTOR('',#4097,1.);
#4097 = DIRECTION('',(1.,0.));
#4098 = ( GEOMETRIC_REPRESENTATION_CONTEXT(2) 
PARAMETRIC_REPRESENTATION_CONTEXT() REPRESENTATION_CONTEXT('2D SPACE',''
  ) );
#4099 = PCURVE('',#4100,#4105);
#4100 = CYLINDRICAL_SURFACE('',#4101,31.7);
#4101 = AXIS2_PLACEMENT_3D('',#4102,#4103,#4104);
#4102 = CARTESIAN_POINT('',(32.,0.,37.3));
#4103 = DIRECTION('',(0.,0.,1.));
#4104 = DIRECTION('',(1.,0.,-0.));
#4105 = DEFINITIONAL_REPRESENTATION('',(#4106),#4109);
#4106 = B_SPLINE_CURVE_WITH_KNOTS('',1,(#4107,#4108),.UNSPECIFIED.,.F.,
  .F.,(2,2),(-5.999999999062E-07,18.0000006),.PIECEWISE_BEZIER_KNOTS.);
#4107 = CARTESIAN_POINT('',(3.564150477353,-5.999999999062E-07));
#4108 = CARTESIAN_POINT('',(3.564150477353,18.0000006));
#4109 = ( GEOMETRIC_REPRESENTATION_CONTEXT(2) 
PARAMETRIC_REPRESENTATION_CONTEXT() REPRESENTATION_CONTEXT('2D SPACE',''
  ) );
#4110 = ADVANCED_FACE('',(#4111),#3276,.F.);
#4111 = FACE_BOUND('',#4112,.F.);
#4112 = EDGE_LOOP('',(#4113,#4136,#4158,#4159));
#4113 = ORIENTED_EDGE('',*,*,#4114,.F.);
#4114 = EDGE_CURVE('',#4115,#3260,#4117,.T.);
#4115 = VERTEX_POINT('',#4116);
#4116 = CARTESIAN_POINT('',(4.741239940158,13.,37.3));
#4117 = SURFACE_CURVE('',#4118,(#4122,#4129),.PCURVE_S1.);
#4118 = LINE('',#4119,#4120);
#4119 = CARTESIAN_POINT('',(4.741239940158,13.,37.3));
#4120 = VECTOR('',#4121,1.);
#4121 = DIRECTION('',(1.456612608308E-14,1.50990331349E-14,1.));
#4122 = PCURVE('',#3276,#4123);
#4123 = DEFINITIONAL_REPRESENTATION('',(#4124),#4128);
#4124 = LINE('',#4125,#4126);
#4125 = CARTESIAN_POINT('',(2.696586343154,37.3));
#4126 = VECTOR('',#4127,1.);
#4127 = DIRECTION('',(0.,1.));
#4128 = ( GEOMETRIC_REPRESENTATION_CONTEXT(2) 
PARAMETRIC_REPRESENTATION_CONTEXT() REPRESENTATION_CONTEXT('2D SPACE',''
  ) );
#4129 = PCURVE('',#3304,#4130);
#4130 = DEFINITIONAL_REPRESENTATION('',(#4131),#4135);
#4131 = LINE('',#4132,#4133);
#4132 = CARTESIAN_POINT('',(-18.,8.741239940158));
#4133 = VECTOR('',#4134,1.);
#4134 = DIRECTION('',(1.,1.456612608308E-14));
#4135 = ( GEOMETRIC_REPRESENTATION_CONTEXT(2) 
PARAMETRIC_REPRESENTATION_CONTEXT() REPRESENTATION_CONTEXT('2D SPACE',''
  ) );
#4136 = ORIENTED_EDGE('',*,*,#4137,.T.);
#4137 = EDGE_CURVE('',#4115,#4036,#4138,.T.);
#4138 = SURFACE_CURVE('',#4139,(#4144,#4151),.PCURVE_S1.);
#4139 = CIRCLE('',#4140,30.2);
#4140 = AXIS2_PLACEMENT_3D('',#4141,#4142,#4143);
#4141 = CARTESIAN_POINT('',(32.,0.,37.3));
#4142 = DIRECTION('',(0.,0.,1.));
#4143 = DIRECTION('',(1.,0.,-0.));
#4144 = PCURVE('',#3276,#4145);
#4145 = DEFINITIONAL_REPRESENTATION('',(#4146),#4150);
#4146 = LINE('',#4147,#4148);
#4147 = CARTESIAN_POINT('',(0.,37.3));
#4148 = VECTOR('',#4149,1.);
#4149 = DIRECTION('',(1.,0.));
#4150 = ( GEOMETRIC_REPRESENTATION_CONTEXT(2) 
PARAMETRIC_REPRESENTATION_CONTEXT() REPRESENTATION_CONTEXT('2D SPACE',''
  ) );
#4151 = PCURVE('',#4074,#4152);
#4152 = DEFINITIONAL_REPRESENTATION('',(#4153),#4157);
#4153 = CIRCLE('',#4154,30.2);
#4154 = AXIS2_PLACEMENT_2D('',#4155,#4156);
#4155 = CARTESIAN_POINT('',(0.,0.));
#4156 = DIRECTION('',(1.,0.));
#4157 = ( GEOMETRIC_REPRESENTATION_CONTEXT(2) 
PARAMETRIC_REPRESENTATION_CONTEXT() REPRESENTATION_CONTEXT('2D SPACE',''
  ) );
#4158 = ORIENTED_EDGE('',*,*,#4035,.T.);
#4159 = ORIENTED_EDGE('',*,*,#3259,.F.);
#4160 = ADVANCED_FACE('',(#4161),#3304,.T.);
#4161 = FACE_BOUND('',#4162,.T.);
#4162 = EDGE_LOOP('',(#4163,#4186,#4187,#4188,#4189,#4212));
#4163 = ORIENTED_EDGE('',*,*,#4164,.F.);
#4164 = EDGE_CURVE('',#3633,#4165,#4167,.T.);
#4165 = VERTEX_POINT('',#4166);
#4166 = CARTESIAN_POINT('',(3.088237687751,13.,55.3));
#4167 = SURFACE_CURVE('',#4168,(#4172,#4179),.PCURVE_S1.);
#4168 = LINE('',#4169,#4170);
#4169 = CARTESIAN_POINT('',(-4.,13.,55.3));
#4170 = VECTOR('',#4171,1.);
#4171 = DIRECTION('',(1.,0.,-0.));
#4172 = PCURVE('',#3304,#4173);
#4173 = DEFINITIONAL_REPRESENTATION('',(#4174),#4178);
#4174 = LINE('',#4175,#4176);
#4175 = CARTESIAN_POINT('',(0.,0.));
#4176 = VECTOR('',#4177,1.);
#4177 = DIRECTION('',(0.,1.));
#4178 = ( GEOMETRIC_REPRESENTATION_CONTEXT(2) 
PARAMETRIC_REPRESENTATION_CONTEXT() REPRESENTATION_CONTEXT('2D SPACE',''
  ) );
#4179 = PCURVE('',#3669,#4180);
#4180 = DEFINITIONAL_REPRESENTATION('',(#4181),#4185);
#4181 = LINE('',#4182,#4183);
#4182 = CARTESIAN_POINT('',(0.,26.));
#4183 = VECTOR('',#4184,1.);
#4184 = DIRECTION('',(1.,0.));
#4185 = ( GEOMETRIC_REPRESENTATION_CONTEXT(2) 
PARAMETRIC_REPRESENTATION_CONTEXT() REPRESENTATION_CONTEXT('2D SPACE',''
  ) );
#4186 = ORIENTED_EDGE('',*,*,#3632,.T.);
#4187 = ORIENTED_EDGE('',*,*,#3288,.T.);
#4188 = ORIENTED_EDGE('',*,*,#4114,.F.);
#4189 = ORIENTED_EDGE('',*,*,#4190,.F.);
#4190 = EDGE_CURVE('',#4191,#4115,#4193,.T.);
#4191 = VERTEX_POINT('',#4192);
#4192 = CARTESIAN_POINT('',(3.088237687751,13.,37.3));
#4193 = SURFACE_CURVE('',#4194,(#4198,#4205),.PCURVE_S1.);
#4194 = LINE('',#4195,#4196);
#4195 = CARTESIAN_POINT('',(-2.,13.,37.3));
#4196 = VECTOR('',#4197,1.);
#4197 = DIRECTION('',(1.,0.,-0.));
#4198 = PCURVE('',#3304,#4199);
#4199 = DEFINITIONAL_REPRESENTATION('',(#4200),#4204);
#4200 = LINE('',#4201,#4202);
#4201 = CARTESIAN_POINT('',(-18.,2.));
#4202 = VECTOR('',#4203,1.);
#4203 = DIRECTION('',(0.,1.));
#4204 = ( GEOMETRIC_REPRESENTATION_CONTEXT(2) 
PARAMETRIC_REPRESENTATION_CONTEXT() REPRESENTATION_CONTEXT('2D SPACE',''
  ) );
#4205 = PCURVE('',#4074,#4206);
#4206 = DEFINITIONAL_REPRESENTATION('',(#4207),#4211);
#4207 = LINE('',#4208,#4209);
#4208 = CARTESIAN_POINT('',(-34.,13.));
#4209 = VECTOR('',#4210,1.);
#4210 = DIRECTION('',(1.,0.));
#4211 = ( GEOMETRIC_REPRESENTATION_CONTEXT(2) 
PARAMETRIC_REPRESENTATION_CONTEXT() REPRESENTATION_CONTEXT('2D SPACE',''
  ) );
#4212 = ORIENTED_EDGE('',*,*,#4213,.T.);
#4213 = EDGE_CURVE('',#4191,#4165,#4214,.T.);
#4214 = SURFACE_CURVE('',#4215,(#4219,#4226),.PCURVE_S1.);
#4215 = LINE('',#4216,#4217);
#4216 = CARTESIAN_POINT('',(3.088237687751,13.,37.3));
#4217 = VECTOR('',#4218,1.);
#4218 = DIRECTION('',(0.,0.,1.));
#4219 = PCURVE('',#3304,#4220);
#4220 = DEFINITIONAL_REPRESENTATION('',(#4221),#4225);
#4221 = LINE('',#4222,#4223);
#4222 = CARTESIAN_POINT('',(-18.,7.088237687751));
#4223 = VECTOR('',#4224,1.);
#4224 = DIRECTION('',(1.,0.));
#4225 = ( GEOMETRIC_REPRESENTATION_CONTEXT(2) 
PARAMETRIC_REPRESENTATION_CONTEXT() REPRESENTATION_CONTEXT('2D SPACE',''
  ) );
#4226 = PCURVE('',#4100,#4227);
#4227 = DEFINITIONAL_REPRESENTATION('',(#4228),#4231);
#4228 = B_SPLINE_CURVE_WITH_KNOTS('',1,(#4229,#4230),.UNSPECIFIED.,.F.,
  .F.,(2,2),(-5.999999999062E-07,18.0000006),.PIECEWISE_BEZIER_KNOTS.);
#4229 = CARTESIAN_POINT('',(2.719034829827,-5.999999999062E-07));
#4230 = CARTESIAN_POINT('',(2.719034829827,18.0000006));
#4231 = ( GEOMETRIC_REPRESENTATION_CONTEXT(2) 
PARAMETRIC_REPRESENTATION_CONTEXT() REPRESENTATION_CONTEXT('2D SPACE',''
  ) );
#4232 = ADVANCED_FACE('',(#4233),#3669,.F.);
#4233 = FACE_BOUND('',#4234,.F.);
#4234 = EDGE_LOOP('',(#4235,#4236,#4237,#4238,#4257,#4258,#4259,#4260));
#4235 = ORIENTED_EDGE('',*,*,#4164,.F.);
#4236 = ORIENTED_EDGE('',*,*,#3654,.T.);
#4237 = ORIENTED_EDGE('',*,*,#3889,.F.);
#4238 = ORIENTED_EDGE('',*,*,#4239,.F.);
#4239 = EDGE_CURVE('',#3965,#3862,#4240,.T.);
#4240 = SURFACE_CURVE('',#4241,(#4245,#4251),.PCURVE_S1.);
#4241 = LINE('',#4242,#4243);
#4242 = CARTESIAN_POINT('',(-3.3,-9.,55.3));
#4243 = VECTOR('',#4244,1.);
#4244 = DIRECTION('',(-0.,1.,0.));
#4245 = PCURVE('',#3669,#4246);
#4246 = DEFINITIONAL_REPRESENTATION('',(#4247),#4250);
#4247 = B_SPLINE_CURVE_WITH_KNOTS('',1,(#4248,#4249),.UNSPECIFIED.,.F.,
  .F.,(2,2),(4.,14.),.PIECEWISE_BEZIER_KNOTS.);
#4248 = CARTESIAN_POINT('',(0.7,8.));
#4249 = CARTESIAN_POINT('',(0.7,18.));
#4250 = ( GEOMETRIC_REPRESENTATION_CONTEXT(2) 
PARAMETRIC_REPRESENTATION_CONTEXT() REPRESENTATION_CONTEXT('2D SPACE',''
  ) );
#4251 = PCURVE('',#3877,#4252);
#4252 = DEFINITIONAL_REPRESENTATION('',(#4253),#4256);
#4253 = B_SPLINE_CURVE_WITH_KNOTS('',1,(#4254,#4255),.UNSPECIFIED.,.F.,
  .F.,(2,2),(4.,14.),.PIECEWISE_BEZIER_KNOTS.);
#4254 = CARTESIAN_POINT('',(0.45,0.));
#4255 = CARTESIAN_POINT('',(0.45,-10.));
#4256 = ( GEOMETRIC_REPRESENTATION_CONTEXT(2) 
PARAMETRIC_REPRESENTATION_CONTEXT() REPRESENTATION_CONTEXT('2D SPACE',''
  ) );
#4257 = ORIENTED_EDGE('',*,*,#3987,.T.);
#4258 = ORIENTED_EDGE('',*,*,#3743,.T.);
#4259 = ORIENTED_EDGE('',*,*,#4010,.T.);
#4260 = ORIENTED_EDGE('',*,*,#4261,.F.);
#4261 = EDGE_CURVE('',#4165,#4011,#4262,.T.);
#4262 = SURFACE_CURVE('',#4263,(#4268,#4275),.PCURVE_S1.);
#4263 = CIRCLE('',#4264,31.7);
#4264 = AXIS2_PLACEMENT_3D('',#4265,#4266,#4267);
#4265 = CARTESIAN_POINT('',(32.,0.,55.3));
#4266 = DIRECTION('',(0.,0.,1.));
#4267 = DIRECTION('',(1.,0.,-0.));
#4268 = PCURVE('',#3669,#4269);
#4269 = DEFINITIONAL_REPRESENTATION('',(#4270),#4274);
#4270 = CIRCLE('',#4271,31.7);
#4271 = AXIS2_PLACEMENT_2D('',#4272,#4273);
#4272 = CARTESIAN_POINT('',(36.,13.));
#4273 = DIRECTION('',(1.,0.));
#4274 = ( GEOMETRIC_REPRESENTATION_CONTEXT(2) 
PARAMETRIC_REPRESENTATION_CONTEXT() REPRESENTATION_CONTEXT('2D SPACE',''
  ) );
#4275 = PCURVE('',#4100,#4276);
#4276 = DEFINITIONAL_REPRESENTATION('',(#4277),#4281);
#4277 = LINE('',#4278,#4279);
#4278 = CARTESIAN_POINT('',(0.,18.));
#4279 = VECTOR('',#4280,1.);
#4280 = DIRECTION('',(1.,0.));
#4281 = ( GEOMETRIC_REPRESENTATION_CONTEXT(2) 
PARAMETRIC_REPRESENTATION_CONTEXT() REPRESENTATION_CONTEXT('2D SPACE',''
  ) );
#4282 = ADVANCED_FACE('',(#4283),#3877,.F.);
#4283 = FACE_BOUND('',#4284,.F.);
#4284 = EDGE_LOOP('',(#4285,#4286,#4287,#4288));
#4285 = ORIENTED_EDGE('',*,*,#3964,.F.);
#4286 = ORIENTED_EDGE('',*,*,#4239,.T.);
#4287 = ORIENTED_EDGE('',*,*,#3861,.T.);
#4288 = ORIENTED_EDGE('',*,*,#3937,.F.);
#4289 = ADVANCED_FACE('',(#4290),#4074,.F.);
#4290 = FACE_BOUND('',#4291,.F.);
#4291 = EDGE_LOOP('',(#4292,#4293,#4315,#4316));
#4292 = ORIENTED_EDGE('',*,*,#4190,.F.);
#4293 = ORIENTED_EDGE('',*,*,#4294,.T.);
#4294 = EDGE_CURVE('',#4191,#4059,#4295,.T.);
#4295 = SURFACE_CURVE('',#4296,(#4301,#4308),.PCURVE_S1.);
#4296 = CIRCLE('',#4297,31.7);
#4297 = AXIS2_PLACEMENT_3D('',#4298,#4299,#4300);
#4298 = CARTESIAN_POINT('',(32.,0.,37.3));
#4299 = DIRECTION('',(0.,0.,1.));
#4300 = DIRECTION('',(1.,0.,-0.));
#4301 = PCURVE('',#4074,#4302);
#4302 = DEFINITIONAL_REPRESENTATION('',(#4303),#4307);
#4303 = CIRCLE('',#4304,31.7);
#4304 = AXIS2_PLACEMENT_2D('',#4305,#4306);
#4305 = CARTESIAN_POINT('',(0.,0.));
#4306 = DIRECTION('',(1.,0.));
#4307 = ( GEOMETRIC_REPRESENTATION_CONTEXT(2) 
PARAMETRIC_REPRESENTATION_CONTEXT() REPRESENTATION_CONTEXT('2D SPACE',''
  ) );
#4308 = PCURVE('',#4100,#4309);
#4309 = DEFINITIONAL_REPRESENTATION('',(#4310),#4314);
#4310 = LINE('',#4311,#4312);
#4311 = CARTESIAN_POINT('',(0.,0.));
#4312 = VECTOR('',#4313,1.);
#4313 = DIRECTION('',(1.,0.));
#4314 = ( GEOMETRIC_REPRESENTATION_CONTEXT(2) 
PARAMETRIC_REPRESENTATION_CONTEXT() REPRESENTATION_CONTEXT('2D SPACE',''
  ) );
#4315 = ORIENTED_EDGE('',*,*,#4058,.T.);
#4316 = ORIENTED_EDGE('',*,*,#4137,.F.);
#4317 = ADVANCED_FACE('',(#4318),#4100,.T.);
#4318 = FACE_BOUND('',#4319,.T.);
#4319 = EDGE_LOOP('',(#4320,#4321,#4322,#4323));
#4320 = ORIENTED_EDGE('',*,*,#4261,.F.);
#4321 = ORIENTED_EDGE('',*,*,#4213,.F.);
#4322 = ORIENTED_EDGE('',*,*,#4294,.T.);
#4323 = ORIENTED_EDGE('',*,*,#4086,.T.);
#4324 = ( GEOMETRIC_REPRESENTATION_CONTEXT(3) 
GLOBAL_UNCERTAINTY_ASSIGNED_CONTEXT((#4328)) 
GLOBAL_UNIT_ASSIGNED_CONTEXT((#4325,#4326,#4327)) REPRESENTATION_CONTEXT
('Context #1','3D Context with UNIT and UNCERTAINTY') );
#4325 = ( LENGTH_UNIT() NAMED_UNIT(*) SI_UNIT(.MILLI.,.METRE.) );
#4326 = ( NAMED_UNIT(*) PLANE_ANGLE_UNIT() SI_UNIT($,.RADIAN.) );
#4327 = ( NAMED_UNIT(*) SI_UNIT($,.STERADIAN.) SOLID_ANGLE_UNIT() );
#4328 = UNCERTAINTY_MEASURE_WITH_UNIT(LENGTH_MEASURE(2.E-07),#4325,
  'distance_accuracy_value','confusion accuracy');
#4329 = CONTEXT_DEPENDENT_SHAPE_REPRESENTATION(#4330,#4332);
#4330 = ( REPRESENTATION_RELATIONSHIP('','',#72,#10) 
REPRESENTATION_RELATIONSHIP_WITH_TRANSFORMATION(#4331) 
SHAPE_REPRESENTATION_RELATIONSHIP() );
#4331 = ITEM_DEFINED_TRANSFORMATION('','',#11,#15);
#4332 = PRODUCT_DEFINITION_SHAPE('Placement','Placement of an item',
  #4333);
#4333 = NEXT_ASSEMBLY_USAGE_OCCURRENCE('1','=>[0:1:1:2]','',#5,#67,$);
#4334 = PRODUCT_RELATED_PRODUCT_CATEGORY('part',$,(#69));
#4335 = SHAPE_DEFINITION_REPRESENTATION(#4336,#4342);
#4336 = PRODUCT_DEFINITION_SHAPE('','',#4337);
#4337 = PRODUCT_DEFINITION('design','',#4338,#4341);
#4338 = PRODUCT_DEFINITION_FORMATION('','',#4339);
#4339 = PRODUCT('COMPOUND','COMPOUND','',(#4340));
#4340 = PRODUCT_CONTEXT('',#2,'mechanical');
#4341 = PRODUCT_DEFINITION_CONTEXT('part definition',#2,'design');
#4342 = ADVANCED_BREP_SHAPE_REPRESENTATION('',(#11,#4343),#4673);
#4343 = MANIFOLD_SOLID_BREP('',#4344);
#4344 = CLOSED_SHELL('',(#4345,#4465,#4565,#4612,#4659,#4666));
#4345 = ADVANCED_FACE('',(#4346),#4360,.F.);
#4346 = FACE_BOUND('',#4347,.F.);
#4347 = EDGE_LOOP('',(#4348,#4383,#4411,#4439));
#4348 = ORIENTED_EDGE('',*,*,#4349,.F.);
#4349 = EDGE_CURVE('',#4350,#4352,#4354,.T.);
#4350 = VERTEX_POINT('',#4351);
#4351 = CARTESIAN_POINT('',(-2.6,-12.5,-17.5));
#4352 = VERTEX_POINT('',#4353);
#4353 = CARTESIAN_POINT('',(-2.6,-12.5,17.5));
#4354 = SURFACE_CURVE('',#4355,(#4359,#4371),.PCURVE_S1.);
#4355 = LINE('',#4356,#4357);
#4356 = CARTESIAN_POINT('',(-2.6,-12.5,-17.5));
#4357 = VECTOR('',#4358,1.);
#4358 = DIRECTION('',(0.,0.,1.));
#4359 = PCURVE('',#4360,#4365);
#4360 = PLANE('',#4361);
#4361 = AXIS2_PLACEMENT_3D('',#4362,#4363,#4364);
#4362 = CARTESIAN_POINT('',(-2.6,-12.5,-17.5));
#4363 = DIRECTION('',(1.,0.,-0.));
#4364 = DIRECTION('',(0.,0.,1.));
#4365 = DEFINITIONAL_REPRESENTATION('',(#4366),#4370);
#4366 = LINE('',#4367,#4368);
#4367 = CARTESIAN_POINT('',(0.,0.));
#4368 = VECTOR('',#4369,1.);
#4369 = DIRECTION('',(1.,0.));
#4370 = ( GEOMETRIC_REPRESENTATION_CONTEXT(2) 
PARAMETRIC_REPRESENTATION_CONTEXT() REPRESENTATION_CONTEXT('2D SPACE',''
  ) );
#4371 = PCURVE('',#4372,#4377);
#4372 = PLANE('',#4373);
#4373 = AXIS2_PLACEMENT_3D('',#4374,#4375,#4376);
#4374 = CARTESIAN_POINT('',(-2.6,-12.5,-17.5));
#4375 = DIRECTION('',(-0.,1.,0.));
#4376 = DIRECTION('',(0.,0.,1.));
#4377 = DEFINITIONAL_REPRESENTATION('',(#4378),#4382);
#4378 = LINE('',#4379,#4380);
#4379 = CARTESIAN_POINT('',(0.,0.));
#4380 = VECTOR('',#4381,1.);
#4381 = DIRECTION('',(1.,0.));
#4382 = ( GEOMETRIC_REPRESENTATION_CONTEXT(2) 
PARAMETRIC_REPRESENTATION_CONTEXT() REPRESENTATION_CONTEXT('2D SPACE',''
  ) );
#4383 = ORIENTED_EDGE('',*,*,#4384,.T.);
#4384 = EDGE_CURVE('',#4350,#4385,#4387,.T.);
#4385 = VERTEX_POINT('',#4386);
#4386 = CARTESIAN_POINT('',(-2.6,12.5,-17.5));
#4387 = SURFACE_CURVE('',#4388,(#4392,#4399),.PCURVE_S1.);
#4388 = LINE('',#4389,#4390);
#4389 = CARTESIAN_POINT('',(-2.6,-12.5,-17.5));
#4390 = VECTOR('',#4391,1.);
#4391 = DIRECTION('',(-0.,1.,0.));
#4392 = PCURVE('',#4360,#4393);
#4393 = DEFINITIONAL_REPRESENTATION('',(#4394),#4398);
#4394 = LINE('',#4395,#4396);
#4395 = CARTESIAN_POINT('',(0.,0.));
#4396 = VECTOR('',#4397,1.);
#4397 = DIRECTION('',(0.,-1.));
#4398 = ( GEOMETRIC_REPRESENTATION_CONTEXT(2) 
PARAMETRIC_REPRESENTATION_CONTEXT() REPRESENTATION_CONTEXT('2D SPACE',''
  ) );
#4399 = PCURVE('',#4400,#4405);
#4400 = PLANE('',#4401);
#4401 = AXIS2_PLACEMENT_3D('',#4402,#4403,#4404);
#4402 = CARTESIAN_POINT('',(-2.6,-12.5,-17.5));
#4403 = DIRECTION('',(0.,0.,1.));
#4404 = DIRECTION('',(1.,0.,-0.));
#4405 = DEFINITIONAL_REPRESENTATION('',(#4406),#4410);
#4406 = LINE('',#4407,#4408);
#4407 = CARTESIAN_POINT('',(0.,0.));
#4408 = VECTOR('',#4409,1.);
#4409 = DIRECTION('',(0.,1.));
#4410 = ( GEOMETRIC_REPRESENTATION_CONTEXT(2) 
PARAMETRIC_REPRESENTATION_CONTEXT() REPRESENTATION_CONTEXT('2D SPACE',''
  ) );
#4411 = ORIENTED_EDGE('',*,*,#4412,.T.);
#4412 = EDGE_CURVE('',#4385,#4413,#4415,.T.);
#4413 = VERTEX_POINT('',#4414);
#4414 = CARTESIAN_POINT('',(-2.6,12.5,17.5));
#4415 = SURFACE_CURVE('',#4416,(#4420,#4427),.PCURVE_S1.);
#4416 = LINE('',#4417,#4418);
#4417 = CARTESIAN_POINT('',(-2.6,12.5,-17.5));
#4418 = VECTOR('',#4419,1.);
#4419 = DIRECTION('',(0.,0.,1.));
#4420 = PCURVE('',#4360,#4421);
#4421 = DEFINITIONAL_REPRESENTATION('',(#4422),#4426);
#4422 = LINE('',#4423,#4424);
#4423 = CARTESIAN_POINT('',(0.,-25.));
#4424 = VECTOR('',#4425,1.);
#4425 = DIRECTION('',(1.,0.));
#4426 = ( GEOMETRIC_REPRESENTATION_CONTEXT(2) 
PARAMETRIC_REPRESENTATION_CONTEXT() REPRESENTATION_CONTEXT('2D SPACE',''
  ) );
#4427 = PCURVE('',#4428,#4433);
#4428 = PLANE('',#4429);
#4429 = AXIS2_PLACEMENT_3D('',#4430,#4431,#4432);
#4430 = CARTESIAN_POINT('',(-2.6,12.5,-17.5));
#4431 = DIRECTION('',(-0.,1.,0.));
#4432 = DIRECTION('',(0.,0.,1.));
#4433 = DEFINITIONAL_REPRESENTATION('',(#4434),#4438);
#4434 = LINE('',#4435,#4436);
#4435 = CARTESIAN_POINT('',(0.,0.));
#4436 = VECTOR('',#4437,1.);
#4437 = DIRECTION('',(1.,0.));
#4438 = ( GEOMETRIC_REPRESENTATION_CONTEXT(2) 
PARAMETRIC_REPRESENTATION_CONTEXT() REPRESENTATION_CONTEXT('2D SPACE',''
  ) );
#4439 = ORIENTED_EDGE('',*,*,#4440,.F.);
#4440 = EDGE_CURVE('',#4352,#4413,#4441,.T.);
#4441 = SURFACE_CURVE('',#4442,(#4446,#4453),.PCURVE_S1.);
#4442 = LINE('',#4443,#4444);
#4443 = CARTESIAN_POINT('',(-2.6,-12.5,17.5));
#4444 = VECTOR('',#4445,1.);
#4445 = DIRECTION('',(-0.,1.,0.));
#4446 = PCURVE('',#4360,#4447);
#4447 = DEFINITIONAL_REPRESENTATION('',(#4448),#4452);
#4448 = LINE('',#4449,#4450);
#4449 = CARTESIAN_POINT('',(35.,0.));
#4450 = VECTOR('',#4451,1.);
#4451 = DIRECTION('',(0.,-1.));
#4452 = ( GEOMETRIC_REPRESENTATION_CONTEXT(2) 
PARAMETRIC_REPRESENTATION_CONTEXT() REPRESENTATION_CONTEXT('2D SPACE',''
  ) );
#4453 = PCURVE('',#4454,#4459);
#4454 = PLANE('',#4455);
#4455 = AXIS2_PLACEMENT_3D('',#4456,#4457,#4458);
#4456 = CARTESIAN_POINT('',(-2.6,-12.5,17.5));
#4457 = DIRECTION('',(0.,0.,1.));
#4458 = DIRECTION('',(1.,0.,-0.));
#4459 = DEFINITIONAL_REPRESENTATION('',(#4460),#4464);
#4460 = LINE('',#4461,#4462);
#4461 = CARTESIAN_POINT('',(0.,0.));
#4462 = VECTOR('',#4463,1.);
#4463 = DIRECTION('',(0.,1.));
#4464 = ( GEOMETRIC_REPRESENTATION_CONTEXT(2) 
PARAMETRIC_REPRESENTATION_CONTEXT() REPRESENTATION_CONTEXT('2D SPACE',''
  ) );
#4465 = ADVANCED_FACE('',(#4466),#4480,.T.);
#4466 = FACE_BOUND('',#4467,.T.);
#4467 = EDGE_LOOP('',(#4468,#4498,#4521,#4544));
#4468 = ORIENTED_EDGE('',*,*,#4469,.F.);
#4469 = EDGE_CURVE('',#4470,#4472,#4474,.T.);
#4470 = VERTEX_POINT('',#4471);
#4471 = CARTESIAN_POINT('',(2.6,-12.5,-17.5));
#4472 = VERTEX_POINT('',#4473);
#4473 = CARTESIAN_POINT('',(2.6,-12.5,17.5));
#4474 = SURFACE_CURVE('',#4475,(#4479,#4491),.PCURVE_S1.);
#4475 = LINE('',#4476,#4477);
#4476 = CARTESIAN_POINT('',(2.6,-12.5,-17.5));
#4477 = VECTOR('',#4478,1.);
#4478 = DIRECTION('',(0.,0.,1.));
#4479 = PCURVE('',#4480,#4485);
#4480 = PLANE('',#4481);
#4481 = AXIS2_PLACEMENT_3D('',#4482,#4483,#4484);
#4482 = CARTESIAN_POINT('',(2.6,-12.5,-17.5));
#4483 = DIRECTION('',(1.,0.,-0.));
#4484 = DIRECTION('',(0.,0.,1.));
#4485 = DEFINITIONAL_REPRESENTATION('',(#4486),#4490);
#4486 = LINE('',#4487,#4488);
#4487 = CARTESIAN_POINT('',(0.,0.));
#4488 = VECTOR('',#4489,1.);
#4489 = DIRECTION('',(1.,0.));
#4490 = ( GEOMETRIC_REPRESENTATION_CONTEXT(2) 
PARAMETRIC_REPRESENTATION_CONTEXT() REPRESENTATION_CONTEXT('2D SPACE',''
  ) );
#4491 = PCURVE('',#4372,#4492);
#4492 = DEFINITIONAL_REPRESENTATION('',(#4493),#4497);
#4493 = LINE('',#4494,#4495);
#4494 = CARTESIAN_POINT('',(0.,5.2));
#4495 = VECTOR('',#4496,1.);
#4496 = DIRECTION('',(1.,0.));
#4497 = ( GEOMETRIC_REPRESENTATION_CONTEXT(2) 
PARAMETRIC_REPRESENTATION_CONTEXT() REPRESENTATION_CONTEXT('2D SPACE',''
  ) );
#4498 = ORIENTED_EDGE('',*,*,#4499,.T.);
#4499 = EDGE_CURVE('',#4470,#4500,#4502,.T.);
#4500 = VERTEX_POINT('',#4501);
#4501 = CARTESIAN_POINT('',(2.6,12.5,-17.5));
#4502 = SURFACE_CURVE('',#4503,(#4507,#4514),.PCURVE_S1.);
#4503 = LINE('',#4504,#4505);
#4504 = CARTESIAN_POINT('',(2.6,-12.5,-17.5));
#4505 = VECTOR('',#4506,1.);
#4506 = DIRECTION('',(-0.,1.,0.));
#4507 = PCURVE('',#4480,#4508);
#4508 = DEFINITIONAL_REPRESENTATION('',(#4509),#4513);
#4509 = LINE('',#4510,#4511);
#4510 = CARTESIAN_POINT('',(0.,0.));
#4511 = VECTOR('',#4512,1.);
#4512 = DIRECTION('',(0.,-1.));
#4513 = ( GEOMETRIC_REPRESENTATION_CONTEXT(2) 
PARAMETRIC_REPRESENTATION_CONTEXT() REPRESENTATION_CONTEXT('2D SPACE',''
  ) );
#4514 = PCURVE('',#4400,#4515);
#4515 = DEFINITIONAL_REPRESENTATION('',(#4516),#4520);
#4516 = LINE('',#4517,#4518);
#4517 = CARTESIAN_POINT('',(5.2,0.));
#4518 = VECTOR('',#4519,1.);
#4519 = DIRECTION('',(0.,1.));
#4520 = ( GEOMETRIC_REPRESENTATION_CONTEXT(2) 
PARAMETRIC_REPRESENTATION_CONTEXT() REPRESENTATION_CONTEXT('2D SPACE',''
  ) );
#4521 = ORIENTED_EDGE('',*,*,#4522,.T.);
#4522 = EDGE_CURVE('',#4500,#4523,#4525,.T.);
#4523 = VERTEX_POINT('',#4524);
#4524 = CARTESIAN_POINT('',(2.6,12.5,17.5));
#4525 = SURFACE_CURVE('',#4526,(#4530,#4537),.PCURVE_S1.);
#4526 = LINE('',#4527,#4528);
#4527 = CARTESIAN_POINT('',(2.6,12.5,-17.5));
#4528 = VECTOR('',#4529,1.);
#4529 = DIRECTION('',(0.,0.,1.));
#4530 = PCURVE('',#4480,#4531);
#4531 = DEFINITIONAL_REPRESENTATION('',(#4532),#4536);
#4532 = LINE('',#4533,#4534);
#4533 = CARTESIAN_POINT('',(0.,-25.));
#4534 = VECTOR('',#4535,1.);
#4535 = DIRECTION('',(1.,0.));
#4536 = ( GEOMETRIC_REPRESENTATION_CONTEXT(2) 
PARAMETRIC_REPRESENTATION_CONTEXT() REPRESENTATION_CONTEXT('2D SPACE',''
  ) );
#4537 = PCURVE('',#4428,#4538);
#4538 = DEFINITIONAL_REPRESENTATION('',(#4539),#4543);
#4539 = LINE('',#4540,#4541);
#4540 = CARTESIAN_POINT('',(0.,5.2));
#4541 = VECTOR('',#4542,1.);
#4542 = DIRECTION('',(1.,0.));
#4543 = ( GEOMETRIC_REPRESENTATION_CONTEXT(2) 
PARAMETRIC_REPRESENTATION_CONTEXT() REPRESENTATION_CONTEXT('2D SPACE',''
  ) );
#4544 = ORIENTED_EDGE('',*,*,#4545,.F.);
#4545 = EDGE_CURVE('',#4472,#4523,#4546,.T.);
#4546 = SURFACE_CURVE('',#4547,(#4551,#4558),.PCURVE_S1.);
#4547 = LINE('',#4548,#4549);
#4548 = CARTESIAN_POINT('',(2.6,-12.5,17.5));
#4549 = VECTOR('',#4550,1.);
#4550 = DIRECTION('',(-0.,1.,0.));
#4551 = PCURVE('',#4480,#4552);
#4552 = DEFINITIONAL_REPRESENTATION('',(#4553),#4557);
#4553 = LINE('',#4554,#4555);
#4554 = CARTESIAN_POINT('',(35.,0.));
#4555 = VECTOR('',#4556,1.);
#4556 = DIRECTION('',(0.,-1.));
#4557 = ( GEOMETRIC_REPRESENTATION_CONTEXT(2) 
PARAMETRIC_REPRESENTATION_CONTEXT() REPRESENTATION_CONTEXT('2D SPACE',''
  ) );
#4558 = PCURVE('',#4454,#4559);
#4559 = DEFINITIONAL_REPRESENTATION('',(#4560),#4564);
#4560 = LINE('',#4561,#4562);
#4561 = CARTESIAN_POINT('',(5.2,0.));
#4562 = VECTOR('',#4563,1.);
#4563 = DIRECTION('',(0.,1.));
#4564 = ( GEOMETRIC_REPRESENTATION_CONTEXT(2) 
PARAMETRIC_REPRESENTATION_CONTEXT() REPRESENTATION_CONTEXT('2D SPACE',''
  ) );
#4565 = ADVANCED_FACE('',(#4566),#4372,.F.);
#4566 = FACE_BOUND('',#4567,.F.);
#4567 = EDGE_LOOP('',(#4568,#4589,#4590,#4611));
#4568 = ORIENTED_EDGE('',*,*,#4569,.F.);
#4569 = EDGE_CURVE('',#4350,#4470,#4570,.T.);
#4570 = SURFACE_CURVE('',#4571,(#4575,#4582),.PCURVE_S1.);
#4571 = LINE('',#4572,#4573);
#4572 = CARTESIAN_POINT('',(-2.6,-12.5,-17.5));
#4573 = VECTOR('',#4574,1.);
#4574 = DIRECTION('',(1.,0.,-0.));
#4575 = PCURVE('',#4372,#4576);
#4576 = DEFINITIONAL_REPRESENTATION('',(#4577),#4581);
#4577 = LINE('',#4578,#4579);
#4578 = CARTESIAN_POINT('',(0.,0.));
#4579 = VECTOR('',#4580,1.);
#4580 = DIRECTION('',(0.,1.));
#4581 = ( GEOMETRIC_REPRESENTATION_CONTEXT(2) 
PARAMETRIC_REPRESENTATION_CONTEXT() REPRESENTATION_CONTEXT('2D SPACE',''
  ) );
#4582 = PCURVE('',#4400,#4583);
#4583 = DEFINITIONAL_REPRESENTATION('',(#4584),#4588);
#4584 = LINE('',#4585,#4586);
#4585 = CARTESIAN_POINT('',(0.,0.));
#4586 = VECTOR('',#4587,1.);
#4587 = DIRECTION('',(1.,0.));
#4588 = ( GEOMETRIC_REPRESENTATION_CONTEXT(2) 
PARAMETRIC_REPRESENTATION_CONTEXT() REPRESENTATION_CONTEXT('2D SPACE',''
  ) );
#4589 = ORIENTED_EDGE('',*,*,#4349,.T.);
#4590 = ORIENTED_EDGE('',*,*,#4591,.T.);
#4591 = EDGE_CURVE('',#4352,#4472,#4592,.T.);
#4592 = SURFACE_CURVE('',#4593,(#4597,#4604),.PCURVE_S1.);
#4593 = LINE('',#4594,#4595);
#4594 = CARTESIAN_POINT('',(-2.6,-12.5,17.5));
#4595 = VECTOR('',#4596,1.);
#4596 = DIRECTION('',(1.,0.,-0.));
#4597 = PCURVE('',#4372,#4598);
#4598 = DEFINITIONAL_REPRESENTATION('',(#4599),#4603);
#4599 = LINE('',#4600,#4601);
#4600 = CARTESIAN_POINT('',(35.,0.));
#4601 = VECTOR('',#4602,1.);
#4602 = DIRECTION('',(0.,1.));
#4603 = ( GEOMETRIC_REPRESENTATION_CONTEXT(2) 
PARAMETRIC_REPRESENTATION_CONTEXT() REPRESENTATION_CONTEXT('2D SPACE',''
  ) );
#4604 = PCURVE('',#4454,#4605);
#4605 = DEFINITIONAL_REPRESENTATION('',(#4606),#4610);
#4606 = LINE('',#4607,#4608);
#4607 = CARTESIAN_POINT('',(0.,0.));
#4608 = VECTOR('',#4609,1.);
#4609 = DIRECTION('',(1.,0.));
#4610 = ( GEOMETRIC_REPRESENTATION_CONTEXT(2) 
PARAMETRIC_REPRESENTATION_CONTEXT() REPRESENTATION_CONTEXT('2D SPACE',''
  ) );
#4611 = ORIENTED_EDGE('',*,*,#4469,.F.);
#4612 = ADVANCED_FACE('',(#4613),#4428,.T.);
#4613 = FACE_BOUND('',#4614,.T.);
#4614 = EDGE_LOOP('',(#4615,#4636,#4637,#4658));
#4615 = ORIENTED_EDGE('',*,*,#4616,.F.);
#4616 = EDGE_CURVE('',#4385,#4500,#4617,.T.);
#4617 = SURFACE_CURVE('',#4618,(#4622,#4629),.PCURVE_S1.);
#4618 = LINE('',#4619,#4620);
#4619 = CARTESIAN_POINT('',(-2.6,12.5,-17.5));
#4620 = VECTOR('',#4621,1.);
#4621 = DIRECTION('',(1.,0.,-0.));
#4622 = PCURVE('',#4428,#4623);
#4623 = DEFINITIONAL_REPRESENTATION('',(#4624),#4628);
#4624 = LINE('',#4625,#4626);
#4625 = CARTESIAN_POINT('',(0.,0.));
#4626 = VECTOR('',#4627,1.);
#4627 = DIRECTION('',(0.,1.));
#4628 = ( GEOMETRIC_REPRESENTATION_CONTEXT(2) 
PARAMETRIC_REPRESENTATION_CONTEXT() REPRESENTATION_CONTEXT('2D SPACE',''
  ) );
#4629 = PCURVE('',#4400,#4630);
#4630 = DEFINITIONAL_REPRESENTATION('',(#4631),#4635);
#4631 = LINE('',#4632,#4633);
#4632 = CARTESIAN_POINT('',(0.,25.));
#4633 = VECTOR('',#4634,1.);
#4634 = DIRECTION('',(1.,0.));
#4635 = ( GEOMETRIC_REPRESENTATION_CONTEXT(2) 
PARAMETRIC_REPRESENTATION_CONTEXT() REPRESENTATION_CONTEXT('2D SPACE',''
  ) );
#4636 = ORIENTED_EDGE('',*,*,#4412,.T.);
#4637 = ORIENTED_EDGE('',*,*,#4638,.T.);
#4638 = EDGE_CURVE('',#4413,#4523,#4639,.T.);
#4639 = SURFACE_CURVE('',#4640,(#4644,#4651),.PCURVE_S1.);
#4640 = LINE('',#4641,#4642);
#4641 = CARTESIAN_POINT('',(-2.6,12.5,17.5));
#4642 = VECTOR('',#4643,1.);
#4643 = DIRECTION('',(1.,0.,-0.));
#4644 = PCURVE('',#4428,#4645);
#4645 = DEFINITIONAL_REPRESENTATION('',(#4646),#4650);
#4646 = LINE('',#4647,#4648);
#4647 = CARTESIAN_POINT('',(35.,0.));
#4648 = VECTOR('',#4649,1.);
#4649 = DIRECTION('',(0.,1.));
#4650 = ( GEOMETRIC_REPRESENTATION_CONTEXT(2) 
PARAMETRIC_REPRESENTATION_CONTEXT() REPRESENTATION_CONTEXT('2D SPACE',''
  ) );
#4651 = PCURVE('',#4454,#4652);
#4652 = DEFINITIONAL_REPRESENTATION('',(#4653),#4657);
#4653 = LINE('',#4654,#4655);
#4654 = CARTESIAN_POINT('',(0.,25.));
#4655 = VECTOR('',#4656,1.);
#4656 = DIRECTION('',(1.,0.));
#4657 = ( GEOMETRIC_REPRESENTATION_CONTEXT(2) 
PARAMETRIC_REPRESENTATION_CONTEXT() REPRESENTATION_CONTEXT('2D SPACE',''
  ) );
#4658 = ORIENTED_EDGE('',*,*,#4522,.F.);
#4659 = ADVANCED_FACE('',(#4660),#4400,.F.);
#4660 = FACE_BOUND('',#4661,.F.);
#4661 = EDGE_LOOP('',(#4662,#4663,#4664,#4665));
#4662 = ORIENTED_EDGE('',*,*,#4384,.F.);
#4663 = ORIENTED_EDGE('',*,*,#4569,.T.);
#4664 = ORIENTED_EDGE('',*,*,#4499,.T.);
#4665 = ORIENTED_EDGE('',*,*,#4616,.F.);
#4666 = ADVANCED_FACE('',(#4667),#4454,.T.);
#4667 = FACE_BOUND('',#4668,.T.);
#4668 = EDGE_LOOP('',(#4669,#4670,#4671,#4672));
#4669 = ORIENTED_EDGE('',*,*,#4440,.F.);
#4670 = ORIENTED_EDGE('',*,*,#4591,.T.);
#4671 = ORIENTED_EDGE('',*,*,#4545,.T.);
#4672 = ORIENTED_EDGE('',*,*,#4638,.F.);
#4673 = ( GEOMETRIC_REPRESENTATION_CONTEXT(3) 
GLOBAL_UNCERTAINTY_ASSIGNED_CONTEXT((#4677)) 
GLOBAL_UNIT_ASSIGNED_CONTEXT((#4674,#4675,#4676)) REPRESENTATION_CONTEXT
('Context #1','3D Context with UNIT and UNCERTAINTY') );
#4674 = ( LENGTH_UNIT() NAMED_UNIT(*) SI_UNIT(.MILLI.,.METRE.) );
#4675 = ( NAMED_UNIT(*) PLANE_ANGLE_UNIT() SI_UNIT($,.RADIAN.) );
#4676 = ( NAMED_UNIT(*) SI_UNIT($,.STERADIAN.) SOLID_ANGLE_UNIT() );
#4677 = UNCERTAINTY_MEASURE_WITH_UNIT(LENGTH_MEASURE(1.E-07),#4674,
  'distance_accuracy_value','confusion accuracy');
#4678 = CONTEXT_DEPENDENT_SHAPE_REPRESENTATION(#4679,#4681);
#4679 = ( REPRESENTATION_RELATIONSHIP('','',#4342,#10) 
REPRESENTATION_RELATIONSHIP_WITH_TRANSFORMATION(#4680) 
SHAPE_REPRESENTATION_RELATIONSHIP() );
#4680 = ITEM_DEFINED_TRANSFORMATION('','',#11,#19);
#4681 = PRODUCT_DEFINITION_SHAPE('Placement','Placement of an item',
  #4682);
#4682 = NEXT_ASSEMBLY_USAGE_OCCURRENCE('2','=>[0:1:1:3]','',#5,#4337,$);
#4683 = PRODUCT_RELATED_PRODUCT_CATEGORY('part',$,(#4339));
#4684 = SHAPE_DEFINITION_REPRESENTATION(#4685,#4691);
#4685 = PRODUCT_DEFINITION_SHAPE('','',#4686);
#4686 = PRODUCT_DEFINITION('design','',#4687,#4690);
#4687 = PRODUCT_DEFINITION_FORMATION('','',#4688);
#4688 = PRODUCT('COMPOUND','COMPOUND','',(#4689));
#4689 = PRODUCT_CONTEXT('',#2,'mechanical');
#4690 = PRODUCT_DEFINITION_CONTEXT('part definition',#2,'design');
#4691 = ADVANCED_BREP_SHAPE_REPRESENTATION('',(#11,#4692),#5022);
#4692 = MANIFOLD_SOLID_BREP('',#4693);
#4693 = CLOSED_SHELL('',(#4694,#4814,#4914,#4961,#5008,#5015));
#4694 = ADVANCED_FACE('',(#4695),#4709,.F.);
#4695 = FACE_BOUND('',#4696,.F.);
#4696 = EDGE_LOOP('',(#4697,#4732,#4760,#4788));
#4697 = ORIENTED_EDGE('',*,*,#4698,.F.);
#4698 = EDGE_CURVE('',#4699,#4701,#4703,.T.);
#4699 = VERTEX_POINT('',#4700);
#4700 = CARTESIAN_POINT('',(-0.15,-10.,-12.5));
#4701 = VERTEX_POINT('',#4702);
#4702 = CARTESIAN_POINT('',(-0.15,-10.,12.5));
#4703 = SURFACE_CURVE('',#4704,(#4708,#4720),.PCURVE_S1.);
#4704 = LINE('',#4705,#4706);
#4705 = CARTESIAN_POINT('',(-0.15,-10.,-12.5));
#4706 = VECTOR('',#4707,1.);
#4707 = DIRECTION('',(0.,0.,1.));
#4708 = PCURVE('',#4709,#4714);
#4709 = PLANE('',#4710);
#4710 = AXIS2_PLACEMENT_3D('',#4711,#4712,#4713);
#4711 = CARTESIAN_POINT('',(-0.15,-10.,-12.5));
#4712 = DIRECTION('',(1.,0.,-0.));
#4713 = DIRECTION('',(0.,0.,1.));
#4714 = DEFINITIONAL_REPRESENTATION('',(#4715),#4719);
#4715 = LINE('',#4716,#4717);
#4716 = CARTESIAN_POINT('',(0.,0.));
#4717 = VECTOR('',#4718,1.);
#4718 = DIRECTION('',(1.,0.));
#4719 = ( GEOMETRIC_REPRESENTATION_CONTEXT(2) 
PARAMETRIC_REPRESENTATION_CONTEXT() REPRESENTATION_CONTEXT('2D SPACE',''
  ) );
#4720 = PCURVE('',#4721,#4726);
#4721 = PLANE('',#4722);
#4722 = AXIS2_PLACEMENT_3D('',#4723,#4724,#4725);
#4723 = CARTESIAN_POINT('',(-0.15,-10.,-12.5));
#4724 = DIRECTION('',(-0.,1.,0.));
#4725 = DIRECTION('',(0.,0.,1.));
#4726 = DEFINITIONAL_REPRESENTATION('',(#4727),#4731);
#4727 = LINE('',#4728,#4729);
#4728 = CARTESIAN_POINT('',(0.,0.));
#4729 = VECTOR('',#4730,1.);
#4730 = DIRECTION('',(1.,0.));
#4731 = ( GEOMETRIC_REPRESENTATION_CONTEXT(2) 
PARAMETRIC_REPRESENTATION_CONTEXT() REPRESENTATION_CONTEXT('2D SPACE',''
  ) );
#4732 = ORIENTED_EDGE('',*,*,#4733,.T.);
#4733 = EDGE_CURVE('',#4699,#4734,#4736,.T.);
#4734 = VERTEX_POINT('',#4735);
#4735 = CARTESIAN_POINT('',(-0.15,10.,-12.5));
#4736 = SURFACE_CURVE('',#4737,(#4741,#4748),.PCURVE_S1.);
#4737 = LINE('',#4738,#4739);
#4738 = CARTESIAN_POINT('',(-0.15,-10.,-12.5));
#4739 = VECTOR('',#4740,1.);
#4740 = DIRECTION('',(-0.,1.,0.));
#4741 = PCURVE('',#4709,#4742);
#4742 = DEFINITIONAL_REPRESENTATION('',(#4743),#4747);
#4743 = LINE('',#4744,#4745);
#4744 = CARTESIAN_POINT('',(0.,0.));
#4745 = VECTOR('',#4746,1.);
#4746 = DIRECTION('',(0.,-1.));
#4747 = ( GEOMETRIC_REPRESENTATION_CONTEXT(2) 
PARAMETRIC_REPRESENTATION_CONTEXT() REPRESENTATION_CONTEXT('2D SPACE',''
  ) );
#4748 = PCURVE('',#4749,#4754);
#4749 = PLANE('',#4750);
#4750 = AXIS2_PLACEMENT_3D('',#4751,#4752,#4753);
#4751 = CARTESIAN_POINT('',(-0.15,-10.,-12.5));
#4752 = DIRECTION('',(0.,0.,1.));
#4753 = DIRECTION('',(1.,0.,-0.));
#4754 = DEFINITIONAL_REPRESENTATION('',(#4755),#4759);
#4755 = LINE('',#4756,#4757);
#4756 = CARTESIAN_POINT('',(0.,0.));
#4757 = VECTOR('',#4758,1.);
#4758 = DIRECTION('',(0.,1.));
#4759 = ( GEOMETRIC_REPRESENTATION_CONTEXT(2) 
PARAMETRIC_REPRESENTATION_CONTEXT() REPRESENTATION_CONTEXT('2D SPACE',''
  ) );
#4760 = ORIENTED_EDGE('',*,*,#4761,.T.);
#4761 = EDGE_CURVE('',#4734,#4762,#4764,.T.);
#4762 = VERTEX_POINT('',#4763);
#4763 = CARTESIAN_POINT('',(-0.15,10.,12.5));
#4764 = SURFACE_CURVE('',#4765,(#4769,#4776),.PCURVE_S1.);
#4765 = LINE('',#4766,#4767);
#4766 = CARTESIAN_POINT('',(-0.15,10.,-12.5));
#4767 = VECTOR('',#4768,1.);
#4768 = DIRECTION('',(0.,0.,1.));
#4769 = PCURVE('',#4709,#4770);
#4770 = DEFINITIONAL_REPRESENTATION('',(#4771),#4775);
#4771 = LINE('',#4772,#4773);
#4772 = CARTESIAN_POINT('',(0.,-20.));
#4773 = VECTOR('',#4774,1.);
#4774 = DIRECTION('',(1.,0.));
#4775 = ( GEOMETRIC_REPRESENTATION_CONTEXT(2) 
PARAMETRIC_REPRESENTATION_CONTEXT() REPRESENTATION_CONTEXT('2D SPACE',''
  ) );
#4776 = PCURVE('',#4777,#4782);
#4777 = PLANE('',#4778);
#4778 = AXIS2_PLACEMENT_3D('',#4779,#4780,#4781);
#4779 = CARTESIAN_POINT('',(-0.15,10.,-12.5));
#4780 = DIRECTION('',(-0.,1.,0.));
#4781 = DIRECTION('',(0.,0.,1.));
#4782 = DEFINITIONAL_REPRESENTATION('',(#4783),#4787);
#4783 = LINE('',#4784,#4785);
#4784 = CARTESIAN_POINT('',(0.,0.));
#4785 = VECTOR('',#4786,1.);
#4786 = DIRECTION('',(1.,0.));
#4787 = ( GEOMETRIC_REPRESENTATION_CONTEXT(2) 
PARAMETRIC_REPRESENTATION_CONTEXT() REPRESENTATION_CONTEXT('2D SPACE',''
  ) );
#4788 = ORIENTED_EDGE('',*,*,#4789,.F.);
#4789 = EDGE_CURVE('',#4701,#4762,#4790,.T.);
#4790 = SURFACE_CURVE('',#4791,(#4795,#4802),.PCURVE_S1.);
#4791 = LINE('',#4792,#4793);
#4792 = CARTESIAN_POINT('',(-0.15,-10.,12.5));
#4793 = VECTOR('',#4794,1.);
#4794 = DIRECTION('',(-0.,1.,0.));
#4795 = PCURVE('',#4709,#4796);
#4796 = DEFINITIONAL_REPRESENTATION('',(#4797),#4801);
#4797 = LINE('',#4798,#4799);
#4798 = CARTESIAN_POINT('',(25.,0.));
#4799 = VECTOR('',#4800,1.);
#4800 = DIRECTION('',(0.,-1.));
#4801 = ( GEOMETRIC_REPRESENTATION_CONTEXT(2) 
PARAMETRIC_REPRESENTATION_CONTEXT() REPRESENTATION_CONTEXT('2D SPACE',''
  ) );
#4802 = PCURVE('',#4803,#4808);
#4803 = PLANE('',#4804);
#4804 = AXIS2_PLACEMENT_3D('',#4805,#4806,#4807);
#4805 = CARTESIAN_POINT('',(-0.15,-10.,12.5));
#4806 = DIRECTION('',(0.,0.,1.));
#4807 = DIRECTION('',(1.,0.,-0.));
#4808 = DEFINITIONAL_REPRESENTATION('',(#4809),#4813);
#4809 = LINE('',#4810,#4811);
#4810 = CARTESIAN_POINT('',(0.,0.));
#4811 = VECTOR('',#4812,1.);
#4812 = DIRECTION('',(0.,1.));
#4813 = ( GEOMETRIC_REPRESENTATION_CONTEXT(2) 
PARAMETRIC_REPRESENTATION_CONTEXT() REPRESENTATION_CONTEXT('2D SPACE',''
  ) );
#4814 = ADVANCED_FACE('',(#4815),#4829,.T.);
#4815 = FACE_BOUND('',#4816,.T.);
#4816 = EDGE_LOOP('',(#4817,#4847,#4870,#4893));
#4817 = ORIENTED_EDGE('',*,*,#4818,.F.);
#4818 = EDGE_CURVE('',#4819,#4821,#4823,.T.);
#4819 = VERTEX_POINT('',#4820);
#4820 = CARTESIAN_POINT('',(0.15,-10.,-12.5));
#4821 = VERTEX_POINT('',#4822);
#4822 = CARTESIAN_POINT('',(0.15,-10.,12.5));
#4823 = SURFACE_CURVE('',#4824,(#4828,#4840),.PCURVE_S1.);
#4824 = LINE('',#4825,#4826);
#4825 = CARTESIAN_POINT('',(0.15,-10.,-12.5));
#4826 = VECTOR('',#4827,1.);
#4827 = DIRECTION('',(0.,0.,1.));
#4828 = PCURVE('',#4829,#4834);
#4829 = PLANE('',#4830);
#4830 = AXIS2_PLACEMENT_3D('',#4831,#4832,#4833);
#4831 = CARTESIAN_POINT('',(0.15,-10.,-12.5));
#4832 = DIRECTION('',(1.,0.,-0.));
#4833 = DIRECTION('',(0.,0.,1.));
#4834 = DEFINITIONAL_REPRESENTATION('',(#4835),#4839);
#4835 = LINE('',#4836,#4837);
#4836 = CARTESIAN_POINT('',(0.,0.));
#4837 = VECTOR('',#4838,1.);
#4838 = DIRECTION('',(1.,0.));
#4839 = ( GEOMETRIC_REPRESENTATION_CONTEXT(2) 
PARAMETRIC_REPRESENTATION_CONTEXT() REPRESENTATION_CONTEXT('2D SPACE',''
  ) );
#4840 = PCURVE('',#4721,#4841);
#4841 = DEFINITIONAL_REPRESENTATION('',(#4842),#4846);
#4842 = LINE('',#4843,#4844);
#4843 = CARTESIAN_POINT('',(0.,0.3));
#4844 = VECTOR('',#4845,1.);
#4845 = DIRECTION('',(1.,0.));
#4846 = ( GEOMETRIC_REPRESENTATION_CONTEXT(2) 
PARAMETRIC_REPRESENTATION_CONTEXT() REPRESENTATION_CONTEXT('2D SPACE',''
  ) );
#4847 = ORIENTED_EDGE('',*,*,#4848,.T.);
#4848 = EDGE_CURVE('',#4819,#4849,#4851,.T.);
#4849 = VERTEX_POINT('',#4850);
#4850 = CARTESIAN_POINT('',(0.15,10.,-12.5));
#4851 = SURFACE_CURVE('',#4852,(#4856,#4863),.PCURVE_S1.);
#4852 = LINE('',#4853,#4854);
#4853 = CARTESIAN_POINT('',(0.15,-10.,-12.5));
#4854 = VECTOR('',#4855,1.);
#4855 = DIRECTION('',(-0.,1.,0.));
#4856 = PCURVE('',#4829,#4857);
#4857 = DEFINITIONAL_REPRESENTATION('',(#4858),#4862);
#4858 = LINE('',#4859,#4860);
#4859 = CARTESIAN_POINT('',(0.,0.));
#4860 = VECTOR('',#4861,1.);
#4861 = DIRECTION('',(0.,-1.));
#4862 = ( GEOMETRIC_REPRESENTATION_CONTEXT(2) 
PARAMETRIC_REPRESENTATION_CONTEXT() REPRESENTATION_CONTEXT('2D SPACE',''
  ) );
#4863 = PCURVE('',#4749,#4864);
#4864 = DEFINITIONAL_REPRESENTATION('',(#4865),#4869);
#4865 = LINE('',#4866,#4867);
#4866 = CARTESIAN_POINT('',(0.3,0.));
#4867 = VECTOR('',#4868,1.);
#4868 = DIRECTION('',(0.,1.));
#4869 = ( GEOMETRIC_REPRESENTATION_CONTEXT(2) 
PARAMETRIC_REPRESENTATION_CONTEXT() REPRESENTATION_CONTEXT('2D SPACE',''
  ) );
#4870 = ORIENTED_EDGE('',*,*,#4871,.T.);
#4871 = EDGE_CURVE('',#4849,#4872,#4874,.T.);
#4872 = VERTEX_POINT('',#4873);
#4873 = CARTESIAN_POINT('',(0.15,10.,12.5));
#4874 = SURFACE_CURVE('',#4875,(#4879,#4886),.PCURVE_S1.);
#4875 = LINE('',#4876,#4877);
#4876 = CARTESIAN_POINT('',(0.15,10.,-12.5));
#4877 = VECTOR('',#4878,1.);
#4878 = DIRECTION('',(0.,0.,1.));
#4879 = PCURVE('',#4829,#4880);
#4880 = DEFINITIONAL_REPRESENTATION('',(#4881),#4885);
#4881 = LINE('',#4882,#4883);
#4882 = CARTESIAN_POINT('',(0.,-20.));
#4883 = VECTOR('',#4884,1.);
#4884 = DIRECTION('',(1.,0.));
#4885 = ( GEOMETRIC_REPRESENTATION_CONTEXT(2) 
PARAMETRIC_REPRESENTATION_CONTEXT() REPRESENTATION_CONTEXT('2D SPACE',''
  ) );
#4886 = PCURVE('',#4777,#4887);
#4887 = DEFINITIONAL_REPRESENTATION('',(#4888),#4892);
#4888 = LINE('',#4889,#4890);
#4889 = CARTESIAN_POINT('',(0.,0.3));
#4890 = VECTOR('',#4891,1.);
#4891 = DIRECTION('',(1.,0.));
#4892 = ( GEOMETRIC_REPRESENTATION_CONTEXT(2) 
PARAMETRIC_REPRESENTATION_CONTEXT() REPRESENTATION_CONTEXT('2D SPACE',''
  ) );
#4893 = ORIENTED_EDGE('',*,*,#4894,.F.);
#4894 = EDGE_CURVE('',#4821,#4872,#4895,.T.);
#4895 = SURFACE_CURVE('',#4896,(#4900,#4907),.PCURVE_S1.);
#4896 = LINE('',#4897,#4898);
#4897 = CARTESIAN_POINT('',(0.15,-10.,12.5));
#4898 = VECTOR('',#4899,1.);
#4899 = DIRECTION('',(-0.,1.,0.));
#4900 = PCURVE('',#4829,#4901);
#4901 = DEFINITIONAL_REPRESENTATION('',(#4902),#4906);
#4902 = LINE('',#4903,#4904);
#4903 = CARTESIAN_POINT('',(25.,0.));
#4904 = VECTOR('',#4905,1.);
#4905 = DIRECTION('',(0.,-1.));
#4906 = ( GEOMETRIC_REPRESENTATION_CONTEXT(2) 
PARAMETRIC_REPRESENTATION_CONTEXT() REPRESENTATION_CONTEXT('2D SPACE',''
  ) );
#4907 = PCURVE('',#4803,#4908);
#4908 = DEFINITIONAL_REPRESENTATION('',(#4909),#4913);
#4909 = LINE('',#4910,#4911);
#4910 = CARTESIAN_POINT('',(0.3,0.));
#4911 = VECTOR('',#4912,1.);
#4912 = DIRECTION('',(0.,1.));
#4913 = ( GEOMETRIC_REPRESENTATION_CONTEXT(2) 
PARAMETRIC_REPRESENTATION_CONTEXT() REPRESENTATION_CONTEXT('2D SPACE',''
  ) );
#4914 = ADVANCED_FACE('',(#4915),#4721,.F.);
#4915 = FACE_BOUND('',#4916,.F.);
#4916 = EDGE_LOOP('',(#4917,#4938,#4939,#4960));
#4917 = ORIENTED_EDGE('',*,*,#4918,.F.);
#4918 = EDGE_CURVE('',#4699,#4819,#4919,.T.);
#4919 = SURFACE_CURVE('',#4920,(#4924,#4931),.PCURVE_S1.);
#4920 = LINE('',#4921,#4922);
#4921 = CARTESIAN_POINT('',(-0.15,-10.,-12.5));
#4922 = VECTOR('',#4923,1.);
#4923 = DIRECTION('',(1.,0.,-0.));
#4924 = PCURVE('',#4721,#4925);
#4925 = DEFINITIONAL_REPRESENTATION('',(#4926),#4930);
#4926 = LINE('',#4927,#4928);
#4927 = CARTESIAN_POINT('',(0.,0.));
#4928 = VECTOR('',#4929,1.);
#4929 = DIRECTION('',(0.,1.));
#4930 = ( GEOMETRIC_REPRESENTATION_CONTEXT(2) 
PARAMETRIC_REPRESENTATION_CONTEXT() REPRESENTATION_CONTEXT('2D SPACE',''
  ) );
#4931 = PCURVE('',#4749,#4932);
#4932 = DEFINITIONAL_REPRESENTATION('',(#4933),#4937);
#4933 = LINE('',#4934,#4935);
#4934 = CARTESIAN_POINT('',(0.,0.));
#4935 = VECTOR('',#4936,1.);
#4936 = DIRECTION('',(1.,0.));
#4937 = ( GEOMETRIC_REPRESENTATION_CONTEXT(2) 
PARAMETRIC_REPRESENTATION_CONTEXT() REPRESENTATION_CONTEXT('2D SPACE',''
  ) );
#4938 = ORIENTED_EDGE('',*,*,#4698,.T.);
#4939 = ORIENTED_EDGE('',*,*,#4940,.T.);
#4940 = EDGE_CURVE('',#4701,#4821,#4941,.T.);
#4941 = SURFACE_CURVE('',#4942,(#4946,#4953),.PCURVE_S1.);
#4942 = LINE('',#4943,#4944);
#4943 = CARTESIAN_POINT('',(-0.15,-10.,12.5));
#4944 = VECTOR('',#4945,1.);
#4945 = DIRECTION('',(1.,0.,-0.));
#4946 = PCURVE('',#4721,#4947);
#4947 = DEFINITIONAL_REPRESENTATION('',(#4948),#4952);
#4948 = LINE('',#4949,#4950);
#4949 = CARTESIAN_POINT('',(25.,0.));
#4950 = VECTOR('',#4951,1.);
#4951 = DIRECTION('',(0.,1.));
#4952 = ( GEOMETRIC_REPRESENTATION_CONTEXT(2) 
PARAMETRIC_REPRESENTATION_CONTEXT() REPRESENTATION_CONTEXT('2D SPACE',''
  ) );
#4953 = PCURVE('',#4803,#4954);
#4954 = DEFINITIONAL_REPRESENTATION('',(#4955),#4959);
#4955 = LINE('',#4956,#4957);
#4956 = CARTESIAN_POINT('',(0.,0.));
#4957 = VECTOR('',#4958,1.);
#4958 = DIRECTION('',(1.,0.));
#4959 = ( GEOMETRIC_REPRESENTATION_CONTEXT(2) 
PARAMETRIC_REPRESENTATION_CONTEXT() REPRESENTATION_CONTEXT('2D SPACE',''
  ) );
#4960 = ORIENTED_EDGE('',*,*,#4818,.F.);
#4961 = ADVANCED_FACE('',(#4962),#4777,.T.);
#4962 = FACE_BOUND('',#4963,.T.);
#4963 = EDGE_LOOP('',(#4964,#4985,#4986,#5007));
#4964 = ORIENTED_EDGE('',*,*,#4965,.F.);
#4965 = EDGE_CURVE('',#4734,#4849,#4966,.T.);
#4966 = SURFACE_CURVE('',#4967,(#4971,#4978),.PCURVE_S1.);
#4967 = LINE('',#4968,#4969);
#4968 = CARTESIAN_POINT('',(-0.15,10.,-12.5));
#4969 = VECTOR('',#4970,1.);
#4970 = DIRECTION('',(1.,0.,-0.));
#4971 = PCURVE('',#4777,#4972);
#4972 = DEFINITIONAL_REPRESENTATION('',(#4973),#4977);
#4973 = LINE('',#4974,#4975);
#4974 = CARTESIAN_POINT('',(0.,0.));
#4975 = VECTOR('',#4976,1.);
#4976 = DIRECTION('',(0.,1.));
#4977 = ( GEOMETRIC_REPRESENTATION_CONTEXT(2) 
PARAMETRIC_REPRESENTATION_CONTEXT() REPRESENTATION_CONTEXT('2D SPACE',''
  ) );
#4978 = PCURVE('',#4749,#4979);
#4979 = DEFINITIONAL_REPRESENTATION('',(#4980),#4984);
#4980 = LINE('',#4981,#4982);
#4981 = CARTESIAN_POINT('',(0.,20.));
#4982 = VECTOR('',#4983,1.);
#4983 = DIRECTION('',(1.,0.));
#4984 = ( GEOMETRIC_REPRESENTATION_CONTEXT(2) 
PARAMETRIC_REPRESENTATION_CONTEXT() REPRESENTATION_CONTEXT('2D SPACE',''
  ) );
#4985 = ORIENTED_EDGE('',*,*,#4761,.T.);
#4986 = ORIENTED_EDGE('',*,*,#4987,.T.);
#4987 = EDGE_CURVE('',#4762,#4872,#4988,.T.);
#4988 = SURFACE_CURVE('',#4989,(#4993,#5000),.PCURVE_S1.);
#4989 = LINE('',#4990,#4991);
#4990 = CARTESIAN_POINT('',(-0.15,10.,12.5));
#4991 = VECTOR('',#4992,1.);
#4992 = DIRECTION('',(1.,0.,-0.));
#4993 = PCURVE('',#4777,#4994);
#4994 = DEFINITIONAL_REPRESENTATION('',(#4995),#4999);
#4995 = LINE('',#4996,#4997);
#4996 = CARTESIAN_POINT('',(25.,0.));
#4997 = VECTOR('',#4998,1.);
#4998 = DIRECTION('',(0.,1.));
#4999 = ( GEOMETRIC_REPRESENTATION_CONTEXT(2) 
PARAMETRIC_REPRESENTATION_CONTEXT() REPRESENTATION_CONTEXT('2D SPACE',''
  ) );
#5000 = PCURVE('',#4803,#5001);
#5001 = DEFINITIONAL_REPRESENTATION('',(#5002),#5006);
#5002 = LINE('',#5003,#5004);
#5003 = CARTESIAN_POINT('',(0.,20.));
#5004 = VECTOR('',#5005,1.);
#5005 = DIRECTION('',(1.,0.));
#5006 = ( GEOMETRIC_REPRESENTATION_CONTEXT(2) 
PARAMETRIC_REPRESENTATION_CONTEXT() REPRESENTATION_CONTEXT('2D SPACE',''
  ) );
#5007 = ORIENTED_EDGE('',*,*,#4871,.F.);
#5008 = ADVANCED_FACE('',(#5009),#4749,.F.);
#5009 = FACE_BOUND('',#5010,.F.);
#5010 = EDGE_LOOP('',(#5011,#5012,#5013,#5014));
#5011 = ORIENTED_EDGE('',*,*,#4733,.F.);
#5012 = ORIENTED_EDGE('',*,*,#4918,.T.);
#5013 = ORIENTED_EDGE('',*,*,#4848,.T.);
#5014 = ORIENTED_EDGE('',*,*,#4965,.F.);
#5015 = ADVANCED_FACE('',(#5016),#4803,.T.);
#5016 = FACE_BOUND('',#5017,.T.);
#5017 = EDGE_LOOP('',(#5018,#5019,#5020,#5021));
#5018 = ORIENTED_EDGE('',*,*,#4789,.F.);
#5019 = ORIENTED_EDGE('',*,*,#4940,.T.);
#5020 = ORIENTED_EDGE('',*,*,#4894,.T.);
#5021 = ORIENTED_EDGE('',*,*,#4987,.F.);
#5022 = ( GEOMETRIC_REPRESENTATION_CONTEXT(3) 
GLOBAL_UNCERTAINTY_ASSIGNED_CONTEXT((#5026)) 
GLOBAL_UNIT_ASSIGNED_CONTEXT((#5023,#5024,#5025)) REPRESENTATION_CONTEXT
('Context #1','3D Context with UNIT and UNCERTAINTY') );
#5023 = ( LENGTH_UNIT() NAMED_UNIT(*) SI_UNIT(.MILLI.,.METRE.) );
#5024 = ( NAMED_UNIT(*) PLANE_ANGLE_UNIT() SI_UNIT($,.RADIAN.) );
#5025 = ( NAMED_UNIT(*) SI_UNIT($,.STERADIAN.) SOLID_ANGLE_UNIT() );
#5026 = UNCERTAINTY_MEASURE_WITH_UNIT(LENGTH_MEASURE(1.E-07),#5023,
  'distance_accuracy_value','confusion accuracy');
#5027 = CONTEXT_DEPENDENT_SHAPE_REPRESENTATION(#5028,#5030);
#5028 = ( REPRESENTATION_RELATIONSHIP('','',#4691,#10) 
REPRESENTATION_RELATIONSHIP_WITH_TRANSFORMATION(#5029) 
SHAPE_REPRESENTATION_RELATIONSHIP() );
#5029 = ITEM_DEFINED_TRANSFORMATION('','',#11,#23);
#5030 = PRODUCT_DEFINITION_SHAPE('Placement','Placement of an item',
  #5031);
#5031 = NEXT_ASSEMBLY_USAGE_OCCURRENCE('3','=>[0:1:1:4]','',#5,#4686,$);
#5032 = PRODUCT_RELATED_PRODUCT_CATEGORY('part',$,(#4688));
#5033 = SHAPE_DEFINITION_REPRESENTATION(#5034,#5040);
#5034 = PRODUCT_DEFINITION_SHAPE('','',#5035);
#5035 = PRODUCT_DEFINITION('design','',#5036,#5039);
#5036 = PRODUCT_DEFINITION_FORMATION('','',#5037);
#5037 = PRODUCT('COMPOUND','COMPOUND','',(#5038));
#5038 = PRODUCT_CONTEXT('',#2,'mechanical');
#5039 = PRODUCT_DEFINITION_CONTEXT('part definition',#2,'design');
#5040 = ADVANCED_BREP_SHAPE_REPRESENTATION('',(#11,#5041),#5685);
#5041 = MANIFOLD_SOLID_BREP('',#5042);
#5042 = CLOSED_SHELL('',(#5043,#5163,#5239,#5288,#5337,#5470,#5477,#5553
    ,#5602,#5651,#5678));
#5043 = ADVANCED_FACE('',(#5044),#5058,.F.);
#5044 = FACE_BOUND('',#5045,.F.);
#5045 = EDGE_LOOP('',(#5046,#5081,#5109,#5137));
#5046 = ORIENTED_EDGE('',*,*,#5047,.F.);
#5047 = EDGE_CURVE('',#5048,#5050,#5052,.T.);
#5048 = VERTEX_POINT('',#5049);
#5049 = CARTESIAN_POINT('',(-15.5,-8.9,17.));
#5050 = VERTEX_POINT('',#5051);
#5051 = CARTESIAN_POINT('',(-15.5,-8.9,38.));
#5052 = SURFACE_CURVE('',#5053,(#5057,#5069),.PCURVE_S1.);
#5053 = LINE('',#5054,#5055);
#5054 = CARTESIAN_POINT('',(-15.5,-8.9,17.));
#5055 = VECTOR('',#5056,1.);
#5056 = DIRECTION('',(0.,0.,1.));
#5057 = PCURVE('',#5058,#5063);
#5058 = PLANE('',#5059);
#5059 = AXIS2_PLACEMENT_3D('',#5060,#5061,#5062);
#5060 = CARTESIAN_POINT('',(-15.5,-8.9,17.));
#5061 = DIRECTION('',(1.,0.,-0.));
#5062 = DIRECTION('',(0.,0.,1.));
#5063 = DEFINITIONAL_REPRESENTATION('',(#5064),#5068);
#5064 = LINE('',#5065,#5066);
#5065 = CARTESIAN_POINT('',(0.,0.));
#5066 = VECTOR('',#5067,1.);
#5067 = DIRECTION('',(1.,0.));
#5068 = ( GEOMETRIC_REPRESENTATION_CONTEXT(2) 
PARAMETRIC_REPRESENTATION_CONTEXT() REPRESENTATION_CONTEXT('2D SPACE',''
  ) );
#5069 = PCURVE('',#5070,#5075);
#5070 = PLANE('',#5071);
#5071 = AXIS2_PLACEMENT_3D('',#5072,#5073,#5074);
#5072 = CARTESIAN_POINT('',(-15.5,-8.9,17.));
#5073 = DIRECTION('',(-0.,1.,0.));
#5074 = DIRECTION('',(0.,0.,1.));
#5075 = DEFINITIONAL_REPRESENTATION('',(#5076),#5080);
#5076 = LINE('',#5077,#5078);
#5077 = CARTESIAN_POINT('',(0.,0.));
#5078 = VECTOR('',#5079,1.);
#5079 = DIRECTION('',(1.,0.));
#5080 = ( GEOMETRIC_REPRESENTATION_CONTEXT(2) 
PARAMETRIC_REPRESENTATION_CONTEXT() REPRESENTATION_CONTEXT('2D SPACE',''
  ) );
#5081 = ORIENTED_EDGE('',*,*,#5082,.T.);
#5082 = EDGE_CURVE('',#5048,#5083,#5085,.T.);
#5083 = VERTEX_POINT('',#5084);
#5084 = CARTESIAN_POINT('',(-15.5,8.9,17.));
#5085 = SURFACE_CURVE('',#5086,(#5090,#5097),.PCURVE_S1.);
#5086 = LINE('',#5087,#5088);
#5087 = CARTESIAN_POINT('',(-15.5,-8.9,17.));
#5088 = VECTOR('',#5089,1.);
#5089 = DIRECTION('',(-0.,1.,0.));
#5090 = PCURVE('',#5058,#5091);
#5091 = DEFINITIONAL_REPRESENTATION('',(#5092),#5096);
#5092 = LINE('',#5093,#5094);
#5093 = CARTESIAN_POINT('',(0.,0.));
#5094 = VECTOR('',#5095,1.);
#5095 = DIRECTION('',(0.,-1.));
#5096 = ( GEOMETRIC_REPRESENTATION_CONTEXT(2) 
PARAMETRIC_REPRESENTATION_CONTEXT() REPRESENTATION_CONTEXT('2D SPACE',''
  ) );
#5097 = PCURVE('',#5098,#5103);
#5098 = PLANE('',#5099);
#5099 = AXIS2_PLACEMENT_3D('',#5100,#5101,#5102);
#5100 = CARTESIAN_POINT('',(-15.5,-8.9,17.));
#5101 = DIRECTION('',(0.,0.,1.));
#5102 = DIRECTION('',(1.,0.,-0.));
#5103 = DEFINITIONAL_REPRESENTATION('',(#5104),#5108);
#5104 = LINE('',#5105,#5106);
#5105 = CARTESIAN_POINT('',(0.,0.));
#5106 = VECTOR('',#5107,1.);
#5107 = DIRECTION('',(0.,1.));
#5108 = ( GEOMETRIC_REPRESENTATION_CONTEXT(2) 
PARAMETRIC_REPRESENTATION_CONTEXT() REPRESENTATION_CONTEXT('2D SPACE',''
  ) );
#5109 = ORIENTED_EDGE('',*,*,#5110,.T.);
#5110 = EDGE_CURVE('',#5083,#5111,#5113,.T.);
#5111 = VERTEX_POINT('',#5112);
#5112 = CARTESIAN_POINT('',(-15.5,8.9,38.));
#5113 = SURFACE_CURVE('',#5114,(#5118,#5125),.PCURVE_S1.);
#5114 = LINE('',#5115,#5116);
#5115 = CARTESIAN_POINT('',(-15.5,8.9,17.));
#5116 = VECTOR('',#5117,1.);
#5117 = DIRECTION('',(0.,0.,1.));
#5118 = PCURVE('',#5058,#5119);
#5119 = DEFINITIONAL_REPRESENTATION('',(#5120),#5124);
#5120 = LINE('',#5121,#5122);
#5121 = CARTESIAN_POINT('',(0.,-17.8));
#5122 = VECTOR('',#5123,1.);
#5123 = DIRECTION('',(1.,0.));
#5124 = ( GEOMETRIC_REPRESENTATION_CONTEXT(2) 
PARAMETRIC_REPRESENTATION_CONTEXT() REPRESENTATION_CONTEXT('2D SPACE',''
  ) );
#5125 = PCURVE('',#5126,#5131);
#5126 = PLANE('',#5127);
#5127 = AXIS2_PLACEMENT_3D('',#5128,#5129,#5130);
#5128 = CARTESIAN_POINT('',(-15.5,8.9,17.));
#5129 = DIRECTION('',(-0.,1.,0.));
#5130 = DIRECTION('',(0.,0.,1.));
#5131 = DEFINITIONAL_REPRESENTATION('',(#5132),#5136);
#5132 = LINE('',#5133,#5134);
#5133 = CARTESIAN_POINT('',(0.,0.));
#5134 = VECTOR('',#5135,1.);
#5135 = DIRECTION('',(1.,0.));
#5136 = ( GEOMETRIC_REPRESENTATION_CONTEXT(2) 
PARAMETRIC_REPRESENTATION_CONTEXT() REPRESENTATION_CONTEXT('2D SPACE',''
  ) );
#5137 = ORIENTED_EDGE('',*,*,#5138,.F.);
#5138 = EDGE_CURVE('',#5050,#5111,#5139,.T.);
#5139 = SURFACE_CURVE('',#5140,(#5144,#5151),.PCURVE_S1.);
#5140 = LINE('',#5141,#5142);
#5141 = CARTESIAN_POINT('',(-15.5,-8.9,38.));
#5142 = VECTOR('',#5143,1.);
#5143 = DIRECTION('',(-0.,1.,0.));
#5144 = PCURVE('',#5058,#5145);
#5145 = DEFINITIONAL_REPRESENTATION('',(#5146),#5150);
#5146 = LINE('',#5147,#5148);
#5147 = CARTESIAN_POINT('',(21.,0.));
#5148 = VECTOR('',#5149,1.);
#5149 = DIRECTION('',(0.,-1.));
#5150 = ( GEOMETRIC_REPRESENTATION_CONTEXT(2) 
PARAMETRIC_REPRESENTATION_CONTEXT() REPRESENTATION_CONTEXT('2D SPACE',''
  ) );
#5151 = PCURVE('',#5152,#5157);
#5152 = PLANE('',#5153);
#5153 = AXIS2_PLACEMENT_3D('',#5154,#5155,#5156);
#5154 = CARTESIAN_POINT('',(-15.5,-8.9,38.));
#5155 = DIRECTION('',(0.,0.,1.));
#5156 = DIRECTION('',(1.,0.,-0.));
#5157 = DEFINITIONAL_REPRESENTATION('',(#5158),#5162);
#5158 = LINE('',#5159,#5160);
#5159 = CARTESIAN_POINT('',(0.,0.));
#5160 = VECTOR('',#5161,1.);
#5161 = DIRECTION('',(0.,1.));
#5162 = ( GEOMETRIC_REPRESENTATION_CONTEXT(2) 
PARAMETRIC_REPRESENTATION_CONTEXT() REPRESENTATION_CONTEXT('2D SPACE',''
  ) );
#5163 = ADVANCED_FACE('',(#5164),#5070,.F.);
#5164 = FACE_BOUND('',#5165,.F.);
#5165 = EDGE_LOOP('',(#5166,#5189,#5190,#5213));
#5166 = ORIENTED_EDGE('',*,*,#5167,.F.);
#5167 = EDGE_CURVE('',#5048,#5168,#5170,.T.);
#5168 = VERTEX_POINT('',#5169);
#5169 = CARTESIAN_POINT('',(-11.,-8.9,17.));
#5170 = SURFACE_CURVE('',#5171,(#5175,#5182),.PCURVE_S1.);
#5171 = LINE('',#5172,#5173);
#5172 = CARTESIAN_POINT('',(-15.5,-8.9,17.));
#5173 = VECTOR('',#5174,1.);
#5174 = DIRECTION('',(1.,0.,-0.));
#5175 = PCURVE('',#5070,#5176);
#5176 = DEFINITIONAL_REPRESENTATION('',(#5177),#5181);
#5177 = LINE('',#5178,#5179);
#5178 = CARTESIAN_POINT('',(0.,0.));
#5179 = VECTOR('',#5180,1.);
#5180 = DIRECTION('',(0.,1.));
#5181 = ( GEOMETRIC_REPRESENTATION_CONTEXT(2) 
PARAMETRIC_REPRESENTATION_CONTEXT() REPRESENTATION_CONTEXT('2D SPACE',''
  ) );
#5182 = PCURVE('',#5098,#5183);
#5183 = DEFINITIONAL_REPRESENTATION('',(#5184),#5188);
#5184 = LINE('',#5185,#5186);
#5185 = CARTESIAN_POINT('',(0.,0.));
#5186 = VECTOR('',#5187,1.);
#5187 = DIRECTION('',(1.,0.));
#5188 = ( GEOMETRIC_REPRESENTATION_CONTEXT(2) 
PARAMETRIC_REPRESENTATION_CONTEXT() REPRESENTATION_CONTEXT('2D SPACE',''
  ) );
#5189 = ORIENTED_EDGE('',*,*,#5047,.T.);
#5190 = ORIENTED_EDGE('',*,*,#5191,.T.);
#5191 = EDGE_CURVE('',#5050,#5192,#5194,.T.);
#5192 = VERTEX_POINT('',#5193);
#5193 = CARTESIAN_POINT('',(-11.,-8.9,38.));
#5194 = SURFACE_CURVE('',#5195,(#5199,#5206),.PCURVE_S1.);
#5195 = LINE('',#5196,#5197);
#5196 = CARTESIAN_POINT('',(-15.5,-8.9,38.));
#5197 = VECTOR('',#5198,1.);
#5198 = DIRECTION('',(1.,0.,-0.));
#5199 = PCURVE('',#5070,#5200);
#5200 = DEFINITIONAL_REPRESENTATION('',(#5201),#5205);
#5201 = LINE('',#5202,#5203);
#5202 = CARTESIAN_POINT('',(21.,0.));
#5203 = VECTOR('',#5204,1.);
#5204 = DIRECTION('',(0.,1.));
#5205 = ( GEOMETRIC_REPRESENTATION_CONTEXT(2) 
PARAMETRIC_REPRESENTATION_CONTEXT() REPRESENTATION_CONTEXT('2D SPACE',''
  ) );
#5206 = PCURVE('',#5152,#5207);
#5207 = DEFINITIONAL_REPRESENTATION('',(#5208),#5212);
#5208 = LINE('',#5209,#5210);
#5209 = CARTESIAN_POINT('',(0.,0.));
#5210 = VECTOR('',#5211,1.);
#5211 = DIRECTION('',(1.,0.));
#5212 = ( GEOMETRIC_REPRESENTATION_CONTEXT(2) 
PARAMETRIC_REPRESENTATION_CONTEXT() REPRESENTATION_CONTEXT('2D SPACE',''
  ) );
#5213 = ORIENTED_EDGE('',*,*,#5214,.F.);
#5214 = EDGE_CURVE('',#5168,#5192,#5215,.T.);
#5215 = SURFACE_CURVE('',#5216,(#5220,#5227),.PCURVE_S1.);
#5216 = LINE('',#5217,#5218);
#5217 = CARTESIAN_POINT('',(-11.,-8.9,17.));
#5218 = VECTOR('',#5219,1.);
#5219 = DIRECTION('',(0.,0.,1.));
#5220 = PCURVE('',#5070,#5221);
#5221 = DEFINITIONAL_REPRESENTATION('',(#5222),#5226);
#5222 = LINE('',#5223,#5224);
#5223 = CARTESIAN_POINT('',(0.,4.5));
#5224 = VECTOR('',#5225,1.);
#5225 = DIRECTION('',(1.,0.));
#5226 = ( GEOMETRIC_REPRESENTATION_CONTEXT(2) 
PARAMETRIC_REPRESENTATION_CONTEXT() REPRESENTATION_CONTEXT('2D SPACE',''
  ) );
#5227 = PCURVE('',#5228,#5233);
#5228 = PLANE('',#5229);
#5229 = AXIS2_PLACEMENT_3D('',#5230,#5231,#5232);
#5230 = CARTESIAN_POINT('',(-11.,-8.9,17.));
#5231 = DIRECTION('',(1.,0.,-0.));
#5232 = DIRECTION('',(0.,0.,1.));
#5233 = DEFINITIONAL_REPRESENTATION('',(#5234),#5238);
#5234 = LINE('',#5235,#5236);
#5235 = CARTESIAN_POINT('',(0.,0.));
#5236 = VECTOR('',#5237,1.);
#5237 = DIRECTION('',(1.,0.));
#5238 = ( GEOMETRIC_REPRESENTATION_CONTEXT(2) 
PARAMETRIC_REPRESENTATION_CONTEXT() REPRESENTATION_CONTEXT('2D SPACE',''
  ) );
#5239 = ADVANCED_FACE('',(#5240),#5152,.T.);
#5240 = FACE_BOUND('',#5241,.T.);
#5241 = EDGE_LOOP('',(#5242,#5243,#5244,#5267));
#5242 = ORIENTED_EDGE('',*,*,#5138,.F.);
#5243 = ORIENTED_EDGE('',*,*,#5191,.T.);
#5244 = ORIENTED_EDGE('',*,*,#5245,.T.);
#5245 = EDGE_CURVE('',#5192,#5246,#5248,.T.);
#5246 = VERTEX_POINT('',#5247);
#5247 = CARTESIAN_POINT('',(-11.,8.9,38.));
#5248 = SURFACE_CURVE('',#5249,(#5253,#5260),.PCURVE_S1.);
#5249 = LINE('',#5250,#5251);
#5250 = CARTESIAN_POINT('',(-11.,-8.9,38.));
#5251 = VECTOR('',#5252,1.);
#5252 = DIRECTION('',(-0.,1.,0.));
#5253 = PCURVE('',#5152,#5254);
#5254 = DEFINITIONAL_REPRESENTATION('',(#5255),#5259);
#5255 = LINE('',#5256,#5257);
#5256 = CARTESIAN_POINT('',(4.5,0.));
#5257 = VECTOR('',#5258,1.);
#5258 = DIRECTION('',(0.,1.));
#5259 = ( GEOMETRIC_REPRESENTATION_CONTEXT(2) 
PARAMETRIC_REPRESENTATION_CONTEXT() REPRESENTATION_CONTEXT('2D SPACE',''
  ) );
#5260 = PCURVE('',#5228,#5261);
#5261 = DEFINITIONAL_REPRESENTATION('',(#5262),#5266);
#5262 = LINE('',#5263,#5264);
#5263 = CARTESIAN_POINT('',(21.,0.));
#5264 = VECTOR('',#5265,1.);
#5265 = DIRECTION('',(0.,-1.));
#5266 = ( GEOMETRIC_REPRESENTATION_CONTEXT(2) 
PARAMETRIC_REPRESENTATION_CONTEXT() REPRESENTATION_CONTEXT('2D SPACE',''
  ) );
#5267 = ORIENTED_EDGE('',*,*,#5268,.F.);
#5268 = EDGE_CURVE('',#5111,#5246,#5269,.T.);
#5269 = SURFACE_CURVE('',#5270,(#5274,#5281),.PCURVE_S1.);
#5270 = LINE('',#5271,#5272);
#5271 = CARTESIAN_POINT('',(-15.5,8.9,38.));
#5272 = VECTOR('',#5273,1.);
#5273 = DIRECTION('',(1.,0.,-0.));
#5274 = PCURVE('',#5152,#5275);
#5275 = DEFINITIONAL_REPRESENTATION('',(#5276),#5280);
#5276 = LINE('',#5277,#5278);
#5277 = CARTESIAN_POINT('',(0.,17.8));
#5278 = VECTOR('',#5279,1.);
#5279 = DIRECTION('',(1.,0.));
#5280 = ( GEOMETRIC_REPRESENTATION_CONTEXT(2) 
PARAMETRIC_REPRESENTATION_CONTEXT() REPRESENTATION_CONTEXT('2D SPACE',''
  ) );
#5281 = PCURVE('',#5126,#5282);
#5282 = DEFINITIONAL_REPRESENTATION('',(#5283),#5287);
#5283 = LINE('',#5284,#5285);
#5284 = CARTESIAN_POINT('',(21.,0.));
#5285 = VECTOR('',#5286,1.);
#5286 = DIRECTION('',(0.,1.));
#5287 = ( GEOMETRIC_REPRESENTATION_CONTEXT(2) 
PARAMETRIC_REPRESENTATION_CONTEXT() REPRESENTATION_CONTEXT('2D SPACE',''
  ) );
#5288 = ADVANCED_FACE('',(#5289),#5126,.T.);
#5289 = FACE_BOUND('',#5290,.T.);
#5290 = EDGE_LOOP('',(#5291,#5314,#5315,#5316));
#5291 = ORIENTED_EDGE('',*,*,#5292,.F.);
#5292 = EDGE_CURVE('',#5083,#5293,#5295,.T.);
#5293 = VERTEX_POINT('',#5294);
#5294 = CARTESIAN_POINT('',(-11.,8.9,17.));
#5295 = SURFACE_CURVE('',#5296,(#5300,#5307),.PCURVE_S1.);
#5296 = LINE('',#5297,#5298);
#5297 = CARTESIAN_POINT('',(-15.5,8.9,17.));
#5298 = VECTOR('',#5299,1.);
#5299 = DIRECTION('',(1.,0.,-0.));
#5300 = PCURVE('',#5126,#5301);
#5301 = DEFINITIONAL_REPRESENTATION('',(#5302),#5306);
#5302 = LINE('',#5303,#5304);
#5303 = CARTESIAN_POINT('',(0.,0.));
#5304 = VECTOR('',#5305,1.);
#5305 = DIRECTION('',(0.,1.));
#5306 = ( GEOMETRIC_REPRESENTATION_CONTEXT(2) 
PARAMETRIC_REPRESENTATION_CONTEXT() REPRESENTATION_CONTEXT('2D SPACE',''
  ) );
#5307 = PCURVE('',#5098,#5308);
#5308 = DEFINITIONAL_REPRESENTATION('',(#5309),#5313);
#5309 = LINE('',#5310,#5311);
#5310 = CARTESIAN_POINT('',(0.,17.8));
#5311 = VECTOR('',#5312,1.);
#5312 = DIRECTION('',(1.,0.));
#5313 = ( GEOMETRIC_REPRESENTATION_CONTEXT(2) 
PARAMETRIC_REPRESENTATION_CONTEXT() REPRESENTATION_CONTEXT('2D SPACE',''
  ) );
#5314 = ORIENTED_EDGE('',*,*,#5110,.T.);
#5315 = ORIENTED_EDGE('',*,*,#5268,.T.);
#5316 = ORIENTED_EDGE('',*,*,#5317,.F.);
#5317 = EDGE_CURVE('',#5293,#5246,#5318,.T.);
#5318 = SURFACE_CURVE('',#5319,(#5323,#5330),.PCURVE_S1.);
#5319 = LINE('',#5320,#5321);
#5320 = CARTESIAN_POINT('',(-11.,8.9,17.));
#5321 = VECTOR('',#5322,1.);
#5322 = DIRECTION('',(0.,0.,1.));
#5323 = PCURVE('',#5126,#5324);
#5324 = DEFINITIONAL_REPRESENTATION('',(#5325),#5329);
#5325 = LINE('',#5326,#5327);
#5326 = CARTESIAN_POINT('',(0.,4.5));
#5327 = VECTOR('',#5328,1.);
#5328 = DIRECTION('',(1.,0.));
#5329 = ( GEOMETRIC_REPRESENTATION_CONTEXT(2) 
PARAMETRIC_REPRESENTATION_CONTEXT() REPRESENTATION_CONTEXT('2D SPACE',''
  ) );
#5330 = PCURVE('',#5228,#5331);
#5331 = DEFINITIONAL_REPRESENTATION('',(#5332),#5336);
#5332 = LINE('',#5333,#5334);
#5333 = CARTESIAN_POINT('',(0.,-17.8));
#5334 = VECTOR('',#5335,1.);
#5335 = DIRECTION('',(1.,0.));
#5336 = ( GEOMETRIC_REPRESENTATION_CONTEXT(2) 
PARAMETRIC_REPRESENTATION_CONTEXT() REPRESENTATION_CONTEXT('2D SPACE',''
  ) );
#5337 = ADVANCED_FACE('',(#5338,#5364),#5098,.F.);
#5338 = FACE_BOUND('',#5339,.F.);
#5339 = EDGE_LOOP('',(#5340,#5341,#5342,#5363));
#5340 = ORIENTED_EDGE('',*,*,#5082,.F.);
#5341 = ORIENTED_EDGE('',*,*,#5167,.T.);
#5342 = ORIENTED_EDGE('',*,*,#5343,.T.);
#5343 = EDGE_CURVE('',#5168,#5293,#5344,.T.);
#5344 = SURFACE_CURVE('',#5345,(#5349,#5356),.PCURVE_S1.);
#5345 = LINE('',#5346,#5347);
#5346 = CARTESIAN_POINT('',(-11.,-8.9,17.));
#5347 = VECTOR('',#5348,1.);
#5348 = DIRECTION('',(-0.,1.,0.));
#5349 = PCURVE('',#5098,#5350);
#5350 = DEFINITIONAL_REPRESENTATION('',(#5351),#5355);
#5351 = LINE('',#5352,#5353);
#5352 = CARTESIAN_POINT('',(4.5,0.));
#5353 = VECTOR('',#5354,1.);
#5354 = DIRECTION('',(0.,1.));
#5355 = ( GEOMETRIC_REPRESENTATION_CONTEXT(2) 
PARAMETRIC_REPRESENTATION_CONTEXT() REPRESENTATION_CONTEXT('2D SPACE',''
  ) );
#5356 = PCURVE('',#5228,#5357);
#5357 = DEFINITIONAL_REPRESENTATION('',(#5358),#5362);
#5358 = LINE('',#5359,#5360);
#5359 = CARTESIAN_POINT('',(0.,0.));
#5360 = VECTOR('',#5361,1.);
#5361 = DIRECTION('',(0.,-1.));
#5362 = ( GEOMETRIC_REPRESENTATION_CONTEXT(2) 
PARAMETRIC_REPRESENTATION_CONTEXT() REPRESENTATION_CONTEXT('2D SPACE',''
  ) );
#5363 = ORIENTED_EDGE('',*,*,#5292,.F.);
#5364 = FACE_BOUND('',#5365,.F.);
#5365 = EDGE_LOOP('',(#5366,#5394,#5420,#5446));
#5366 = ORIENTED_EDGE('',*,*,#5367,.T.);
#5367 = EDGE_CURVE('',#5368,#5370,#5372,.T.);
#5368 = VERTEX_POINT('',#5369);
#5369 = CARTESIAN_POINT('',(-12.2,-4.47,17.));
#5370 = VERTEX_POINT('',#5371);
#5371 = CARTESIAN_POINT('',(-15.4,-4.47,17.));
#5372 = SURFACE_CURVE('',#5373,(#5377,#5383),.PCURVE_S1.);
#5373 = LINE('',#5374,#5375);
#5374 = CARTESIAN_POINT('',(-15.45,-4.47,17.));
#5375 = VECTOR('',#5376,1.);
#5376 = DIRECTION('',(-1.,-0.,0.));
#5377 = PCURVE('',#5098,#5378);
#5378 = DEFINITIONAL_REPRESENTATION('',(#5379),#5382);
#5379 = B_SPLINE_CURVE_WITH_KNOTS('',1,(#5380,#5381),.UNSPECIFIED.,.F.,
  .F.,(2,2),(-3.25,-5.E-02),.PIECEWISE_BEZIER_KNOTS.);
#5380 = CARTESIAN_POINT('',(3.3,4.43));
#5381 = CARTESIAN_POINT('',(0.1,4.43));
#5382 = ( GEOMETRIC_REPRESENTATION_CONTEXT(2) 
PARAMETRIC_REPRESENTATION_CONTEXT() REPRESENTATION_CONTEXT('2D SPACE',''
  ) );
#5383 = PCURVE('',#5384,#5389);
#5384 = PLANE('',#5385);
#5385 = AXIS2_PLACEMENT_3D('',#5386,#5387,#5388);
#5386 = CARTESIAN_POINT('',(-15.4,-4.47,15.6));
#5387 = DIRECTION('',(-0.,1.,0.));
#5388 = DIRECTION('',(0.,0.,1.));
#5389 = DEFINITIONAL_REPRESENTATION('',(#5390),#5393);
#5390 = B_SPLINE_CURVE_WITH_KNOTS('',1,(#5391,#5392),.UNSPECIFIED.,.F.,
  .F.,(2,2),(-3.25,-5.E-02),.PIECEWISE_BEZIER_KNOTS.);
#5391 = CARTESIAN_POINT('',(1.4,3.2));
#5392 = CARTESIAN_POINT('',(1.4,0.));
#5393 = ( GEOMETRIC_REPRESENTATION_CONTEXT(2) 
PARAMETRIC_REPRESENTATION_CONTEXT() REPRESENTATION_CONTEXT('2D SPACE',''
  ) );
#5394 = ORIENTED_EDGE('',*,*,#5395,.T.);
#5395 = EDGE_CURVE('',#5370,#5396,#5398,.T.);
#5396 = VERTEX_POINT('',#5397);
#5397 = CARTESIAN_POINT('',(-15.4,4.47,17.));
#5398 = SURFACE_CURVE('',#5399,(#5403,#5409),.PCURVE_S1.);
#5399 = LINE('',#5400,#5401);
#5400 = CARTESIAN_POINT('',(-15.4,-6.685,17.));
#5401 = VECTOR('',#5402,1.);
#5402 = DIRECTION('',(-0.,1.,0.));
#5403 = PCURVE('',#5098,#5404);
#5404 = DEFINITIONAL_REPRESENTATION('',(#5405),#5408);
#5405 = B_SPLINE_CURVE_WITH_KNOTS('',1,(#5406,#5407),.UNSPECIFIED.,.F.,
  .F.,(2,2),(2.215,11.155),.PIECEWISE_BEZIER_KNOTS.);
#5406 = CARTESIAN_POINT('',(0.1,4.43));
#5407 = CARTESIAN_POINT('',(0.1,13.37));
#5408 = ( GEOMETRIC_REPRESENTATION_CONTEXT(2) 
PARAMETRIC_REPRESENTATION_CONTEXT() REPRESENTATION_CONTEXT('2D SPACE',''
  ) );
#5409 = PCURVE('',#5410,#5415);
#5410 = PLANE('',#5411);
#5411 = AXIS2_PLACEMENT_3D('',#5412,#5413,#5414);
#5412 = CARTESIAN_POINT('',(-15.4,-4.47,15.6));
#5413 = DIRECTION('',(1.,0.,-0.));
#5414 = DIRECTION('',(0.,0.,1.));
#5415 = DEFINITIONAL_REPRESENTATION('',(#5416),#5419);
#5416 = B_SPLINE_CURVE_WITH_KNOTS('',1,(#5417,#5418),.UNSPECIFIED.,.F.,
  .F.,(2,2),(2.215,11.155),.PIECEWISE_BEZIER_KNOTS.);
#5417 = CARTESIAN_POINT('',(1.4,0.));
#5418 = CARTESIAN_POINT('',(1.4,-8.94));
#5419 = ( GEOMETRIC_REPRESENTATION_CONTEXT(2) 
PARAMETRIC_REPRESENTATION_CONTEXT() REPRESENTATION_CONTEXT('2D SPACE',''
  ) );
#5420 = ORIENTED_EDGE('',*,*,#5421,.F.);
#5421 = EDGE_CURVE('',#5422,#5396,#5424,.T.);
#5422 = VERTEX_POINT('',#5423);
#5423 = CARTESIAN_POINT('',(-12.2,4.47,17.));
#5424 = SURFACE_CURVE('',#5425,(#5429,#5435),.PCURVE_S1.);
#5425 = LINE('',#5426,#5427);
#5426 = CARTESIAN_POINT('',(-15.45,4.47,17.));
#5427 = VECTOR('',#5428,1.);
#5428 = DIRECTION('',(-1.,-0.,0.));
#5429 = PCURVE('',#5098,#5430);
#5430 = DEFINITIONAL_REPRESENTATION('',(#5431),#5434);
#5431 = B_SPLINE_CURVE_WITH_KNOTS('',1,(#5432,#5433),.UNSPECIFIED.,.F.,
  .F.,(2,2),(-3.25,-5.E-02),.PIECEWISE_BEZIER_KNOTS.);
#5432 = CARTESIAN_POINT('',(3.3,13.37));
#5433 = CARTESIAN_POINT('',(0.1,13.37));
#5434 = ( GEOMETRIC_REPRESENTATION_CONTEXT(2) 
PARAMETRIC_REPRESENTATION_CONTEXT() REPRESENTATION_CONTEXT('2D SPACE',''
  ) );
#5435 = PCURVE('',#5436,#5441);
#5436 = PLANE('',#5437);
#5437 = AXIS2_PLACEMENT_3D('',#5438,#5439,#5440);
#5438 = CARTESIAN_POINT('',(-15.4,4.47,15.6));
#5439 = DIRECTION('',(-0.,1.,0.));
#5440 = DIRECTION('',(0.,0.,1.));
#5441 = DEFINITIONAL_REPRESENTATION('',(#5442),#5445);
#5442 = B_SPLINE_CURVE_WITH_KNOTS('',1,(#5443,#5444),.UNSPECIFIED.,.F.,
  .F.,(2,2),(-3.25,-5.E-02),.PIECEWISE_BEZIER_KNOTS.);
#5443 = CARTESIAN_POINT('',(1.4,3.2));
#5444 = CARTESIAN_POINT('',(1.4,0.));
#5445 = ( GEOMETRIC_REPRESENTATION_CONTEXT(2) 
PARAMETRIC_REPRESENTATION_CONTEXT() REPRESENTATION_CONTEXT('2D SPACE',''
  ) );
#5446 = ORIENTED_EDGE('',*,*,#5447,.F.);
#5447 = EDGE_CURVE('',#5368,#5422,#5448,.T.);
#5448 = SURFACE_CURVE('',#5449,(#5453,#5459),.PCURVE_S1.);
#5449 = LINE('',#5450,#5451);
#5450 = CARTESIAN_POINT('',(-12.2,-6.685,17.));
#5451 = VECTOR('',#5452,1.);
#5452 = DIRECTION('',(-0.,1.,0.));
#5453 = PCURVE('',#5098,#5454);
#5454 = DEFINITIONAL_REPRESENTATION('',(#5455),#5458);
#5455 = B_SPLINE_CURVE_WITH_KNOTS('',1,(#5456,#5457),.UNSPECIFIED.,.F.,
  .F.,(2,2),(2.215,11.155),.PIECEWISE_BEZIER_KNOTS.);
#5456 = CARTESIAN_POINT('',(3.3,4.43));
#5457 = CARTESIAN_POINT('',(3.3,13.37));
#5458 = ( GEOMETRIC_REPRESENTATION_CONTEXT(2) 
PARAMETRIC_REPRESENTATION_CONTEXT() REPRESENTATION_CONTEXT('2D SPACE',''
  ) );
#5459 = PCURVE('',#5460,#5465);
#5460 = PLANE('',#5461);
#5461 = AXIS2_PLACEMENT_3D('',#5462,#5463,#5464);
#5462 = CARTESIAN_POINT('',(-12.2,-4.47,15.6));
#5463 = DIRECTION('',(1.,0.,-0.));
#5464 = DIRECTION('',(0.,0.,1.));
#5465 = DEFINITIONAL_REPRESENTATION('',(#5466),#5469);
#5466 = B_SPLINE_CURVE_WITH_KNOTS('',1,(#5467,#5468),.UNSPECIFIED.,.F.,
  .F.,(2,2),(2.215,11.155),.PIECEWISE_BEZIER_KNOTS.);
#5467 = CARTESIAN_POINT('',(1.4,0.));
#5468 = CARTESIAN_POINT('',(1.4,-8.94));
#5469 = ( GEOMETRIC_REPRESENTATION_CONTEXT(2) 
PARAMETRIC_REPRESENTATION_CONTEXT() REPRESENTATION_CONTEXT('2D SPACE',''
  ) );
#5470 = ADVANCED_FACE('',(#5471),#5228,.T.);
#5471 = FACE_BOUND('',#5472,.T.);
#5472 = EDGE_LOOP('',(#5473,#5474,#5475,#5476));
#5473 = ORIENTED_EDGE('',*,*,#5214,.F.);
#5474 = ORIENTED_EDGE('',*,*,#5343,.T.);
#5475 = ORIENTED_EDGE('',*,*,#5317,.T.);
#5476 = ORIENTED_EDGE('',*,*,#5245,.F.);
#5477 = ADVANCED_FACE('',(#5478),#5384,.F.);
#5478 = FACE_BOUND('',#5479,.F.);
#5479 = EDGE_LOOP('',(#5480,#5503,#5531,#5552));
#5480 = ORIENTED_EDGE('',*,*,#5481,.F.);
#5481 = EDGE_CURVE('',#5482,#5368,#5484,.T.);
#5482 = VERTEX_POINT('',#5483);
#5483 = CARTESIAN_POINT('',(-12.2,-4.47,15.6));
#5484 = SURFACE_CURVE('',#5485,(#5489,#5496),.PCURVE_S1.);
#5485 = LINE('',#5486,#5487);
#5486 = CARTESIAN_POINT('',(-12.2,-4.47,15.6));
#5487 = VECTOR('',#5488,1.);
#5488 = DIRECTION('',(0.,0.,1.));
#5489 = PCURVE('',#5384,#5490);
#5490 = DEFINITIONAL_REPRESENTATION('',(#5491),#5495);
#5491 = LINE('',#5492,#5493);
#5492 = CARTESIAN_POINT('',(0.,3.2));
#5493 = VECTOR('',#5494,1.);
#5494 = DIRECTION('',(1.,0.));
#5495 = ( GEOMETRIC_REPRESENTATION_CONTEXT(2) 
PARAMETRIC_REPRESENTATION_CONTEXT() REPRESENTATION_CONTEXT('2D SPACE',''
  ) );
#5496 = PCURVE('',#5460,#5497);
#5497 = DEFINITIONAL_REPRESENTATION('',(#5498),#5502);
#5498 = LINE('',#5499,#5500);
#5499 = CARTESIAN_POINT('',(0.,0.));
#5500 = VECTOR('',#5501,1.);
#5501 = DIRECTION('',(1.,0.));
#5502 = ( GEOMETRIC_REPRESENTATION_CONTEXT(2) 
PARAMETRIC_REPRESENTATION_CONTEXT() REPRESENTATION_CONTEXT('2D SPACE',''
  ) );
#5503 = ORIENTED_EDGE('',*,*,#5504,.F.);
#5504 = EDGE_CURVE('',#5505,#5482,#5507,.T.);
#5505 = VERTEX_POINT('',#5506);
#5506 = CARTESIAN_POINT('',(-15.4,-4.47,15.6));
#5507 = SURFACE_CURVE('',#5508,(#5512,#5519),.PCURVE_S1.);
#5508 = LINE('',#5509,#5510);
#5509 = CARTESIAN_POINT('',(-15.4,-4.47,15.6));
#5510 = VECTOR('',#5511,1.);
#5511 = DIRECTION('',(1.,0.,-0.));
#5512 = PCURVE('',#5384,#5513);
#5513 = DEFINITIONAL_REPRESENTATION('',(#5514),#5518);
#5514 = LINE('',#5515,#5516);
#5515 = CARTESIAN_POINT('',(0.,0.));
#5516 = VECTOR('',#5517,1.);
#5517 = DIRECTION('',(0.,1.));
#5518 = ( GEOMETRIC_REPRESENTATION_CONTEXT(2) 
PARAMETRIC_REPRESENTATION_CONTEXT() REPRESENTATION_CONTEXT('2D SPACE',''
  ) );
#5519 = PCURVE('',#5520,#5525);
#5520 = PLANE('',#5521);
#5521 = AXIS2_PLACEMENT_3D('',#5522,#5523,#5524);
#5522 = CARTESIAN_POINT('',(-15.4,-4.47,15.6));
#5523 = DIRECTION('',(0.,0.,1.));
#5524 = DIRECTION('',(1.,0.,-0.));
#5525 = DEFINITIONAL_REPRESENTATION('',(#5526),#5530);
#5526 = LINE('',#5527,#5528);
#5527 = CARTESIAN_POINT('',(0.,0.));
#5528 = VECTOR('',#5529,1.);
#5529 = DIRECTION('',(1.,0.));
#5530 = ( GEOMETRIC_REPRESENTATION_CONTEXT(2) 
PARAMETRIC_REPRESENTATION_CONTEXT() REPRESENTATION_CONTEXT('2D SPACE',''
  ) );
#5531 = ORIENTED_EDGE('',*,*,#5532,.T.);
#5532 = EDGE_CURVE('',#5505,#5370,#5533,.T.);
#5533 = SURFACE_CURVE('',#5534,(#5538,#5545),.PCURVE_S1.);
#5534 = LINE('',#5535,#5536);
#5535 = CARTESIAN_POINT('',(-15.4,-4.47,15.6));
#5536 = VECTOR('',#5537,1.);
#5537 = DIRECTION('',(0.,0.,1.));
#5538 = PCURVE('',#5384,#5539);
#5539 = DEFINITIONAL_REPRESENTATION('',(#5540),#5544);
#5540 = LINE('',#5541,#5542);
#5541 = CARTESIAN_POINT('',(0.,0.));
#5542 = VECTOR('',#5543,1.);
#5543 = DIRECTION('',(1.,0.));
#5544 = ( GEOMETRIC_REPRESENTATION_CONTEXT(2) 
PARAMETRIC_REPRESENTATION_CONTEXT() REPRESENTATION_CONTEXT('2D SPACE',''
  ) );
#5545 = PCURVE('',#5410,#5546);
#5546 = DEFINITIONAL_REPRESENTATION('',(#5547),#5551);
#5547 = LINE('',#5548,#5549);
#5548 = CARTESIAN_POINT('',(0.,0.));
#5549 = VECTOR('',#5550,1.);
#5550 = DIRECTION('',(1.,0.));
#5551 = ( GEOMETRIC_REPRESENTATION_CONTEXT(2) 
PARAMETRIC_REPRESENTATION_CONTEXT() REPRESENTATION_CONTEXT('2D SPACE',''
  ) );
#5552 = ORIENTED_EDGE('',*,*,#5367,.F.);
#5553 = ADVANCED_FACE('',(#5554),#5460,.T.);
#5554 = FACE_BOUND('',#5555,.T.);
#5555 = EDGE_LOOP('',(#5556,#5557,#5580,#5601));
#5556 = ORIENTED_EDGE('',*,*,#5481,.F.);
#5557 = ORIENTED_EDGE('',*,*,#5558,.T.);
#5558 = EDGE_CURVE('',#5482,#5559,#5561,.T.);
#5559 = VERTEX_POINT('',#5560);
#5560 = CARTESIAN_POINT('',(-12.2,4.47,15.6));
#5561 = SURFACE_CURVE('',#5562,(#5566,#5573),.PCURVE_S1.);
#5562 = LINE('',#5563,#5564);
#5563 = CARTESIAN_POINT('',(-12.2,-4.47,15.6));
#5564 = VECTOR('',#5565,1.);
#5565 = DIRECTION('',(-0.,1.,0.));
#5566 = PCURVE('',#5460,#5567);
#5567 = DEFINITIONAL_REPRESENTATION('',(#5568),#5572);
#5568 = LINE('',#5569,#5570);
#5569 = CARTESIAN_POINT('',(0.,0.));
#5570 = VECTOR('',#5571,1.);
#5571 = DIRECTION('',(0.,-1.));
#5572 = ( GEOMETRIC_REPRESENTATION_CONTEXT(2) 
PARAMETRIC_REPRESENTATION_CONTEXT() REPRESENTATION_CONTEXT('2D SPACE',''
  ) );
#5573 = PCURVE('',#5520,#5574);
#5574 = DEFINITIONAL_REPRESENTATION('',(#5575),#5579);
#5575 = LINE('',#5576,#5577);
#5576 = CARTESIAN_POINT('',(3.2,0.));
#5577 = VECTOR('',#5578,1.);
#5578 = DIRECTION('',(0.,1.));
#5579 = ( GEOMETRIC_REPRESENTATION_CONTEXT(2) 
PARAMETRIC_REPRESENTATION_CONTEXT() REPRESENTATION_CONTEXT('2D SPACE',''
  ) );
#5580 = ORIENTED_EDGE('',*,*,#5581,.T.);
#5581 = EDGE_CURVE('',#5559,#5422,#5582,.T.);
#5582 = SURFACE_CURVE('',#5583,(#5587,#5594),.PCURVE_S1.);
#5583 = LINE('',#5584,#5585);
#5584 = CARTESIAN_POINT('',(-12.2,4.47,15.6));
#5585 = VECTOR('',#5586,1.);
#5586 = DIRECTION('',(0.,0.,1.));
#5587 = PCURVE('',#5460,#5588);
#5588 = DEFINITIONAL_REPRESENTATION('',(#5589),#5593);
#5589 = LINE('',#5590,#5591);
#5590 = CARTESIAN_POINT('',(0.,-8.94));
#5591 = VECTOR('',#5592,1.);
#5592 = DIRECTION('',(1.,0.));
#5593 = ( GEOMETRIC_REPRESENTATION_CONTEXT(2) 
PARAMETRIC_REPRESENTATION_CONTEXT() REPRESENTATION_CONTEXT('2D SPACE',''
  ) );
#5594 = PCURVE('',#5436,#5595);
#5595 = DEFINITIONAL_REPRESENTATION('',(#5596),#5600);
#5596 = LINE('',#5597,#5598);
#5597 = CARTESIAN_POINT('',(0.,3.2));
#5598 = VECTOR('',#5599,1.);
#5599 = DIRECTION('',(1.,0.));
#5600 = ( GEOMETRIC_REPRESENTATION_CONTEXT(2) 
PARAMETRIC_REPRESENTATION_CONTEXT() REPRESENTATION_CONTEXT('2D SPACE',''
  ) );
#5601 = ORIENTED_EDGE('',*,*,#5447,.F.);
#5602 = ADVANCED_FACE('',(#5603),#5436,.T.);
#5603 = FACE_BOUND('',#5604,.T.);
#5604 = EDGE_LOOP('',(#5605,#5606,#5629,#5650));
#5605 = ORIENTED_EDGE('',*,*,#5581,.F.);
#5606 = ORIENTED_EDGE('',*,*,#5607,.F.);
#5607 = EDGE_CURVE('',#5608,#5559,#5610,.T.);
#5608 = VERTEX_POINT('',#5609);
#5609 = CARTESIAN_POINT('',(-15.4,4.47,15.6));
#5610 = SURFACE_CURVE('',#5611,(#5615,#5622),.PCURVE_S1.);
#5611 = LINE('',#5612,#5613);
#5612 = CARTESIAN_POINT('',(-15.4,4.47,15.6));
#5613 = VECTOR('',#5614,1.);
#5614 = DIRECTION('',(1.,0.,-0.));
#5615 = PCURVE('',#5436,#5616);
#5616 = DEFINITIONAL_REPRESENTATION('',(#5617),#5621);
#5617 = LINE('',#5618,#5619);
#5618 = CARTESIAN_POINT('',(0.,0.));
#5619 = VECTOR('',#5620,1.);
#5620 = DIRECTION('',(0.,1.));
#5621 = ( GEOMETRIC_REPRESENTATION_CONTEXT(2) 
PARAMETRIC_REPRESENTATION_CONTEXT() REPRESENTATION_CONTEXT('2D SPACE',''
  ) );
#5622 = PCURVE('',#5520,#5623);
#5623 = DEFINITIONAL_REPRESENTATION('',(#5624),#5628);
#5624 = LINE('',#5625,#5626);
#5625 = CARTESIAN_POINT('',(0.,8.94));
#5626 = VECTOR('',#5627,1.);
#5627 = DIRECTION('',(1.,0.));
#5628 = ( GEOMETRIC_REPRESENTATION_CONTEXT(2) 
PARAMETRIC_REPRESENTATION_CONTEXT() REPRESENTATION_CONTEXT('2D SPACE',''
  ) );
#5629 = ORIENTED_EDGE('',*,*,#5630,.T.);
#5630 = EDGE_CURVE('',#5608,#5396,#5631,.T.);
#5631 = SURFACE_CURVE('',#5632,(#5636,#5643),.PCURVE_S1.);
#5632 = LINE('',#5633,#5634);
#5633 = CARTESIAN_POINT('',(-15.4,4.47,15.6));
#5634 = VECTOR('',#5635,1.);
#5635 = DIRECTION('',(0.,0.,1.));
#5636 = PCURVE('',#5436,#5637);
#5637 = DEFINITIONAL_REPRESENTATION('',(#5638),#5642);
#5638 = LINE('',#5639,#5640);
#5639 = CARTESIAN_POINT('',(0.,0.));
#5640 = VECTOR('',#5641,1.);
#5641 = DIRECTION('',(1.,0.));
#5642 = ( GEOMETRIC_REPRESENTATION_CONTEXT(2) 
PARAMETRIC_REPRESENTATION_CONTEXT() REPRESENTATION_CONTEXT('2D SPACE',''
  ) );
#5643 = PCURVE('',#5410,#5644);
#5644 = DEFINITIONAL_REPRESENTATION('',(#5645),#5649);
#5645 = LINE('',#5646,#5647);
#5646 = CARTESIAN_POINT('',(0.,-8.94));
#5647 = VECTOR('',#5648,1.);
#5648 = DIRECTION('',(1.,0.));
#5649 = ( GEOMETRIC_REPRESENTATION_CONTEXT(2) 
PARAMETRIC_REPRESENTATION_CONTEXT() REPRESENTATION_CONTEXT('2D SPACE',''
  ) );
#5650 = ORIENTED_EDGE('',*,*,#5421,.F.);
#5651 = ADVANCED_FACE('',(#5652),#5410,.F.);
#5652 = FACE_BOUND('',#5653,.F.);
#5653 = EDGE_LOOP('',(#5654,#5655,#5676,#5677));
#5654 = ORIENTED_EDGE('',*,*,#5532,.F.);
#5655 = ORIENTED_EDGE('',*,*,#5656,.T.);
#5656 = EDGE_CURVE('',#5505,#5608,#5657,.T.);
#5657 = SURFACE_CURVE('',#5658,(#5662,#5669),.PCURVE_S1.);
#5658 = LINE('',#5659,#5660);
#5659 = CARTESIAN_POINT('',(-15.4,-4.47,15.6));
#5660 = VECTOR('',#5661,1.);
#5661 = DIRECTION('',(-0.,1.,0.));
#5662 = PCURVE('',#5410,#5663);
#5663 = DEFINITIONAL_REPRESENTATION('',(#5664),#5668);
#5664 = LINE('',#5665,#5666);
#5665 = CARTESIAN_POINT('',(0.,0.));
#5666 = VECTOR('',#5667,1.);
#5667 = DIRECTION('',(0.,-1.));
#5668 = ( GEOMETRIC_REPRESENTATION_CONTEXT(2) 
PARAMETRIC_REPRESENTATION_CONTEXT() REPRESENTATION_CONTEXT('2D SPACE',''
  ) );
#5669 = PCURVE('',#5520,#5670);
#5670 = DEFINITIONAL_REPRESENTATION('',(#5671),#5675);
#5671 = LINE('',#5672,#5673);
#5672 = CARTESIAN_POINT('',(0.,0.));
#5673 = VECTOR('',#5674,1.);
#5674 = DIRECTION('',(0.,1.));
#5675 = ( GEOMETRIC_REPRESENTATION_CONTEXT(2) 
PARAMETRIC_REPRESENTATION_CONTEXT() REPRESENTATION_CONTEXT('2D SPACE',''
  ) );
#5676 = ORIENTED_EDGE('',*,*,#5630,.T.);
#5677 = ORIENTED_EDGE('',*,*,#5395,.F.);
#5678 = ADVANCED_FACE('',(#5679),#5520,.F.);
#5679 = FACE_BOUND('',#5680,.F.);
#5680 = EDGE_LOOP('',(#5681,#5682,#5683,#5684));
#5681 = ORIENTED_EDGE('',*,*,#5656,.F.);
#5682 = ORIENTED_EDGE('',*,*,#5504,.T.);
#5683 = ORIENTED_EDGE('',*,*,#5558,.T.);
#5684 = ORIENTED_EDGE('',*,*,#5607,.F.);
#5685 = ( GEOMETRIC_REPRESENTATION_CONTEXT(3) 
GLOBAL_UNCERTAINTY_ASSIGNED_CONTEXT((#5689)) 
GLOBAL_UNIT_ASSIGNED_CONTEXT((#5686,#5687,#5688)) REPRESENTATION_CONTEXT
('Context #1','3D Context with UNIT and UNCERTAINTY') );
#5686 = ( LENGTH_UNIT() NAMED_UNIT(*) SI_UNIT(.MILLI.,.METRE.) );
#5687 = ( NAMED_UNIT(*) PLANE_ANGLE_UNIT() SI_UNIT($,.RADIAN.) );
#5688 = ( NAMED_UNIT(*) SI_UNIT($,.STERADIAN.) SOLID_ANGLE_UNIT() );
#5689 = UNCERTAINTY_MEASURE_WITH_UNIT(LENGTH_MEASURE(2.E-07),#5686,
  'distance_accuracy_value','confusion accuracy');
#5690 = CONTEXT_DEPENDENT_SHAPE_REPRESENTATION(#5691,#5693);
#5691 = ( REPRESENTATION_RELATIONSHIP('','',#5040,#10) 
REPRESENTATION_RELATIONSHIP_WITH_TRANSFORMATION(#5692) 
SHAPE_REPRESENTATION_RELATIONSHIP() );
#5692 = ITEM_DEFINED_TRANSFORMATION('','',#11,#27);
#5693 = PRODUCT_DEFINITION_SHAPE('Placement','Placement of an item',
  #5694);
#5694 = NEXT_ASSEMBLY_USAGE_OCCURRENCE('4','=>[0:1:1:5]','',#5,#5035,$);
#5695 = PRODUCT_RELATED_PRODUCT_CATEGORY('part',$,(#5037));
#5696 = SHAPE_DEFINITION_REPRESENTATION(#5697,#5703);
#5697 = PRODUCT_DEFINITION_SHAPE('','',#5698);
#5698 = PRODUCT_DEFINITION('design','',#5699,#5702);
#5699 = PRODUCT_DEFINITION_FORMATION('','',#5700);
#5700 = PRODUCT('COMPOUND','COMPOUND','',(#5701));
#5701 = PRODUCT_CONTEXT('',#2,'mechanical');
#5702 = PRODUCT_DEFINITION_CONTEXT('part definition',#2,'design');
#5703 = ADVANCED_BREP_SHAPE_REPRESENTATION('',(#11,#5704),#6034);
#5704 = MANIFOLD_SOLID_BREP('',#5705);
#5705 = CLOSED_SHELL('',(#5706,#5826,#5926,#5973,#6020,#6027));
#5706 = ADVANCED_FACE('',(#5707),#5721,.F.);
#5707 = FACE_BOUND('',#5708,.F.);
#5708 = EDGE_LOOP('',(#5709,#5744,#5772,#5800));
#5709 = ORIENTED_EDGE('',*,*,#5710,.F.);
#5710 = EDGE_CURVE('',#5711,#5713,#5715,.T.);
#5711 = VERTEX_POINT('',#5712);
#5712 = CARTESIAN_POINT('',(-0.25,-7.,-7.5));
#5713 = VERTEX_POINT('',#5714);
#5714 = CARTESIAN_POINT('',(-0.25,-7.,7.5));
#5715 = SURFACE_CURVE('',#5716,(#5720,#5732),.PCURVE_S1.);
#5716 = LINE('',#5717,#5718);
#5717 = CARTESIAN_POINT('',(-0.25,-7.,-7.5));
#5718 = VECTOR('',#5719,1.);
#5719 = DIRECTION('',(0.,0.,1.));
#5720 = PCURVE('',#5721,#5726);
#5721 = PLANE('',#5722);
#5722 = AXIS2_PLACEMENT_3D('',#5723,#5724,#5725);
#5723 = CARTESIAN_POINT('',(-0.25,-7.,-7.5));
#5724 = DIRECTION('',(1.,0.,-0.));
#5725 = DIRECTION('',(0.,0.,1.));
#5726 = DEFINITIONAL_REPRESENTATION('',(#5727),#5731);
#5727 = LINE('',#5728,#5729);
#5728 = CARTESIAN_POINT('',(0.,0.));
#5729 = VECTOR('',#5730,1.);
#5730 = DIRECTION('',(1.,0.));
#5731 = ( GEOMETRIC_REPRESENTATION_CONTEXT(2) 
PARAMETRIC_REPRESENTATION_CONTEXT() REPRESENTATION_CONTEXT('2D SPACE',''
  ) );
#5732 = PCURVE('',#5733,#5738);
#5733 = PLANE('',#5734);
#5734 = AXIS2_PLACEMENT_3D('',#5735,#5736,#5737);
#5735 = CARTESIAN_POINT('',(-0.25,-7.,-7.5));
#5736 = DIRECTION('',(-0.,1.,0.));
#5737 = DIRECTION('',(0.,0.,1.));
#5738 = DEFINITIONAL_REPRESENTATION('',(#5739),#5743);
#5739 = LINE('',#5740,#5741);
#5740 = CARTESIAN_POINT('',(0.,0.));
#5741 = VECTOR('',#5742,1.);
#5742 = DIRECTION('',(1.,0.));
#5743 = ( GEOMETRIC_REPRESENTATION_CONTEXT(2) 
PARAMETRIC_REPRESENTATION_CONTEXT() REPRESENTATION_CONTEXT('2D SPACE',''
  ) );
#5744 = ORIENTED_EDGE('',*,*,#5745,.T.);
#5745 = EDGE_CURVE('',#5711,#5746,#5748,.T.);
#5746 = VERTEX_POINT('',#5747);
#5747 = CARTESIAN_POINT('',(-0.25,7.,-7.5));
#5748 = SURFACE_CURVE('',#5749,(#5753,#5760),.PCURVE_S1.);
#5749 = LINE('',#5750,#5751);
#5750 = CARTESIAN_POINT('',(-0.25,-7.,-7.5));
#5751 = VECTOR('',#5752,1.);
#5752 = DIRECTION('',(-0.,1.,0.));
#5753 = PCURVE('',#5721,#5754);
#5754 = DEFINITIONAL_REPRESENTATION('',(#5755),#5759);
#5755 = LINE('',#5756,#5757);
#5756 = CARTESIAN_POINT('',(0.,0.));
#5757 = VECTOR('',#5758,1.);
#5758 = DIRECTION('',(0.,-1.));
#5759 = ( GEOMETRIC_REPRESENTATION_CONTEXT(2) 
PARAMETRIC_REPRESENTATION_CONTEXT() REPRESENTATION_CONTEXT('2D SPACE',''
  ) );
#5760 = PCURVE('',#5761,#5766);
#5761 = PLANE('',#5762);
#5762 = AXIS2_PLACEMENT_3D('',#5763,#5764,#5765);
#5763 = CARTESIAN_POINT('',(-0.25,-7.,-7.5));
#5764 = DIRECTION('',(0.,0.,1.));
#5765 = DIRECTION('',(1.,0.,-0.));
#5766 = DEFINITIONAL_REPRESENTATION('',(#5767),#5771);
#5767 = LINE('',#5768,#5769);
#5768 = CARTESIAN_POINT('',(0.,0.));
#5769 = VECTOR('',#5770,1.);
#5770 = DIRECTION('',(0.,1.));
#5771 = ( GEOMETRIC_REPRESENTATION_CONTEXT(2) 
PARAMETRIC_REPRESENTATION_CONTEXT() REPRESENTATION_CONTEXT('2D SPACE',''
  ) );
#5772 = ORIENTED_EDGE('',*,*,#5773,.T.);
#5773 = EDGE_CURVE('',#5746,#5774,#5776,.T.);
#5774 = VERTEX_POINT('',#5775);
#5775 = CARTESIAN_POINT('',(-0.25,7.,7.5));
#5776 = SURFACE_CURVE('',#5777,(#5781,#5788),.PCURVE_S1.);
#5777 = LINE('',#5778,#5779);
#5778 = CARTESIAN_POINT('',(-0.25,7.,-7.5));
#5779 = VECTOR('',#5780,1.);
#5780 = DIRECTION('',(0.,0.,1.));
#5781 = PCURVE('',#5721,#5782);
#5782 = DEFINITIONAL_REPRESENTATION('',(#5783),#5787);
#5783 = LINE('',#5784,#5785);
#5784 = CARTESIAN_POINT('',(0.,-14.));
#5785 = VECTOR('',#5786,1.);
#5786 = DIRECTION('',(1.,0.));
#5787 = ( GEOMETRIC_REPRESENTATION_CONTEXT(2) 
PARAMETRIC_REPRESENTATION_CONTEXT() REPRESENTATION_CONTEXT('2D SPACE',''
  ) );
#5788 = PCURVE('',#5789,#5794);
#5789 = PLANE('',#5790);
#5790 = AXIS2_PLACEMENT_3D('',#5791,#5792,#5793);
#5791 = CARTESIAN_POINT('',(-0.25,7.,-7.5));
#5792 = DIRECTION('',(-0.,1.,0.));
#5793 = DIRECTION('',(0.,0.,1.));
#5794 = DEFINITIONAL_REPRESENTATION('',(#5795),#5799);
#5795 = LINE('',#5796,#5797);
#5796 = CARTESIAN_POINT('',(0.,0.));
#5797 = VECTOR('',#5798,1.);
#5798 = DIRECTION('',(1.,0.));
#5799 = ( GEOMETRIC_REPRESENTATION_CONTEXT(2) 
PARAMETRIC_REPRESENTATION_CONTEXT() REPRESENTATION_CONTEXT('2D SPACE',''
  ) );
#5800 = ORIENTED_EDGE('',*,*,#5801,.F.);
#5801 = EDGE_CURVE('',#5713,#5774,#5802,.T.);
#5802 = SURFACE_CURVE('',#5803,(#5807,#5814),.PCURVE_S1.);
#5803 = LINE('',#5804,#5805);
#5804 = CARTESIAN_POINT('',(-0.25,-7.,7.5));
#5805 = VECTOR('',#5806,1.);
#5806 = DIRECTION('',(-0.,1.,0.));
#5807 = PCURVE('',#5721,#5808);
#5808 = DEFINITIONAL_REPRESENTATION('',(#5809),#5813);
#5809 = LINE('',#5810,#5811);
#5810 = CARTESIAN_POINT('',(15.,0.));
#5811 = VECTOR('',#5812,1.);
#5812 = DIRECTION('',(0.,-1.));
#5813 = ( GEOMETRIC_REPRESENTATION_CONTEXT(2) 
PARAMETRIC_REPRESENTATION_CONTEXT() REPRESENTATION_CONTEXT('2D SPACE',''
  ) );
#5814 = PCURVE('',#5815,#5820);
#5815 = PLANE('',#5816);
#5816 = AXIS2_PLACEMENT_3D('',#5817,#5818,#5819);
#5817 = CARTESIAN_POINT('',(-0.25,-7.,7.5));
#5818 = DIRECTION('',(0.,0.,1.));
#5819 = DIRECTION('',(1.,0.,-0.));
#5820 = DEFINITIONAL_REPRESENTATION('',(#5821),#5825);
#5821 = LINE('',#5822,#5823);
#5822 = CARTESIAN_POINT('',(0.,0.));
#5823 = VECTOR('',#5824,1.);
#5824 = DIRECTION('',(0.,1.));
#5825 = ( GEOMETRIC_REPRESENTATION_CONTEXT(2) 
PARAMETRIC_REPRESENTATION_CONTEXT() REPRESENTATION_CONTEXT('2D SPACE',''
  ) );
#5826 = ADVANCED_FACE('',(#5827),#5841,.T.);
#5827 = FACE_BOUND('',#5828,.T.);
#5828 = EDGE_LOOP('',(#5829,#5859,#5882,#5905));
#5829 = ORIENTED_EDGE('',*,*,#5830,.F.);
#5830 = EDGE_CURVE('',#5831,#5833,#5835,.T.);
#5831 = VERTEX_POINT('',#5832);
#5832 = CARTESIAN_POINT('',(0.25,-7.,-7.5));
#5833 = VERTEX_POINT('',#5834);
#5834 = CARTESIAN_POINT('',(0.25,-7.,7.5));
#5835 = SURFACE_CURVE('',#5836,(#5840,#5852),.PCURVE_S1.);
#5836 = LINE('',#5837,#5838);
#5837 = CARTESIAN_POINT('',(0.25,-7.,-7.5));
#5838 = VECTOR('',#5839,1.);
#5839 = DIRECTION('',(0.,0.,1.));
#5840 = PCURVE('',#5841,#5846);
#5841 = PLANE('',#5842);
#5842 = AXIS2_PLACEMENT_3D('',#5843,#5844,#5845);
#5843 = CARTESIAN_POINT('',(0.25,-7.,-7.5));
#5844 = DIRECTION('',(1.,0.,-0.));
#5845 = DIRECTION('',(0.,0.,1.));
#5846 = DEFINITIONAL_REPRESENTATION('',(#5847),#5851);
#5847 = LINE('',#5848,#5849);
#5848 = CARTESIAN_POINT('',(0.,0.));
#5849 = VECTOR('',#5850,1.);
#5850 = DIRECTION('',(1.,0.));
#5851 = ( GEOMETRIC_REPRESENTATION_CONTEXT(2) 
PARAMETRIC_REPRESENTATION_CONTEXT() REPRESENTATION_CONTEXT('2D SPACE',''
  ) );
#5852 = PCURVE('',#5733,#5853);
#5853 = DEFINITIONAL_REPRESENTATION('',(#5854),#5858);
#5854 = LINE('',#5855,#5856);
#5855 = CARTESIAN_POINT('',(0.,0.5));
#5856 = VECTOR('',#5857,1.);
#5857 = DIRECTION('',(1.,0.));
#5858 = ( GEOMETRIC_REPRESENTATION_CONTEXT(2) 
PARAMETRIC_REPRESENTATION_CONTEXT() REPRESENTATION_CONTEXT('2D SPACE',''
  ) );
#5859 = ORIENTED_EDGE('',*,*,#5860,.T.);
#5860 = EDGE_CURVE('',#5831,#5861,#5863,.T.);
#5861 = VERTEX_POINT('',#5862);
#5862 = CARTESIAN_POINT('',(0.25,7.,-7.5));
#5863 = SURFACE_CURVE('',#5864,(#5868,#5875),.PCURVE_S1.);
#5864 = LINE('',#5865,#5866);
#5865 = CARTESIAN_POINT('',(0.25,-7.,-7.5));
#5866 = VECTOR('',#5867,1.);
#5867 = DIRECTION('',(-0.,1.,0.));
#5868 = PCURVE('',#5841,#5869);
#5869 = DEFINITIONAL_REPRESENTATION('',(#5870),#5874);
#5870 = LINE('',#5871,#5872);
#5871 = CARTESIAN_POINT('',(0.,0.));
#5872 = VECTOR('',#5873,1.);
#5873 = DIRECTION('',(0.,-1.));
#5874 = ( GEOMETRIC_REPRESENTATION_CONTEXT(2) 
PARAMETRIC_REPRESENTATION_CONTEXT() REPRESENTATION_CONTEXT('2D SPACE',''
  ) );
#5875 = PCURVE('',#5761,#5876);
#5876 = DEFINITIONAL_REPRESENTATION('',(#5877),#5881);
#5877 = LINE('',#5878,#5879);
#5878 = CARTESIAN_POINT('',(0.5,0.));
#5879 = VECTOR('',#5880,1.);
#5880 = DIRECTION('',(0.,1.));
#5881 = ( GEOMETRIC_REPRESENTATION_CONTEXT(2) 
PARAMETRIC_REPRESENTATION_CONTEXT() REPRESENTATION_CONTEXT('2D SPACE',''
  ) );
#5882 = ORIENTED_EDGE('',*,*,#5883,.T.);
#5883 = EDGE_CURVE('',#5861,#5884,#5886,.T.);
#5884 = VERTEX_POINT('',#5885);
#5885 = CARTESIAN_POINT('',(0.25,7.,7.5));
#5886 = SURFACE_CURVE('',#5887,(#5891,#5898),.PCURVE_S1.);
#5887 = LINE('',#5888,#5889);
#5888 = CARTESIAN_POINT('',(0.25,7.,-7.5));
#5889 = VECTOR('',#5890,1.);
#5890 = DIRECTION('',(0.,0.,1.));
#5891 = PCURVE('',#5841,#5892);
#5892 = DEFINITIONAL_REPRESENTATION('',(#5893),#5897);
#5893 = LINE('',#5894,#5895);
#5894 = CARTESIAN_POINT('',(0.,-14.));
#5895 = VECTOR('',#5896,1.);
#5896 = DIRECTION('',(1.,0.));
#5897 = ( GEOMETRIC_REPRESENTATION_CONTEXT(2) 
PARAMETRIC_REPRESENTATION_CONTEXT() REPRESENTATION_CONTEXT('2D SPACE',''
  ) );
#5898 = PCURVE('',#5789,#5899);
#5899 = DEFINITIONAL_REPRESENTATION('',(#5900),#5904);
#5900 = LINE('',#5901,#5902);
#5901 = CARTESIAN_POINT('',(0.,0.5));
#5902 = VECTOR('',#5903,1.);
#5903 = DIRECTION('',(1.,0.));
#5904 = ( GEOMETRIC_REPRESENTATION_CONTEXT(2) 
PARAMETRIC_REPRESENTATION_CONTEXT() REPRESENTATION_CONTEXT('2D SPACE',''
  ) );
#5905 = ORIENTED_EDGE('',*,*,#5906,.F.);
#5906 = EDGE_CURVE('',#5833,#5884,#5907,.T.);
#5907 = SURFACE_CURVE('',#5908,(#5912,#5919),.PCURVE_S1.);
#5908 = LINE('',#5909,#5910);
#5909 = CARTESIAN_POINT('',(0.25,-7.,7.5));
#5910 = VECTOR('',#5911,1.);
#5911 = DIRECTION('',(-0.,1.,0.));
#5912 = PCURVE('',#5841,#5913);
#5913 = DEFINITIONAL_REPRESENTATION('',(#5914),#5918);
#5914 = LINE('',#5915,#5916);
#5915 = CARTESIAN_POINT('',(15.,0.));
#5916 = VECTOR('',#5917,1.);
#5917 = DIRECTION('',(0.,-1.));
#5918 = ( GEOMETRIC_REPRESENTATION_CONTEXT(2) 
PARAMETRIC_REPRESENTATION_CONTEXT() REPRESENTATION_CONTEXT('2D SPACE',''
  ) );
#5919 = PCURVE('',#5815,#5920);
#5920 = DEFINITIONAL_REPRESENTATION('',(#5921),#5925);
#5921 = LINE('',#5922,#5923);
#5922 = CARTESIAN_POINT('',(0.5,0.));
#5923 = VECTOR('',#5924,1.);
#5924 = DIRECTION('',(0.,1.));
#5925 = ( GEOMETRIC_REPRESENTATION_CONTEXT(2) 
PARAMETRIC_REPRESENTATION_CONTEXT() REPRESENTATION_CONTEXT('2D SPACE',''
  ) );
#5926 = ADVANCED_FACE('',(#5927),#5733,.F.);
#5927 = FACE_BOUND('',#5928,.F.);
#5928 = EDGE_LOOP('',(#5929,#5950,#5951,#5972));
#5929 = ORIENTED_EDGE('',*,*,#5930,.F.);
#5930 = EDGE_CURVE('',#5711,#5831,#5931,.T.);
#5931 = SURFACE_CURVE('',#5932,(#5936,#5943),.PCURVE_S1.);
#5932 = LINE('',#5933,#5934);
#5933 = CARTESIAN_POINT('',(-0.25,-7.,-7.5));
#5934 = VECTOR('',#5935,1.);
#5935 = DIRECTION('',(1.,0.,-0.));
#5936 = PCURVE('',#5733,#5937);
#5937 = DEFINITIONAL_REPRESENTATION('',(#5938),#5942);
#5938 = LINE('',#5939,#5940);
#5939 = CARTESIAN_POINT('',(0.,0.));
#5940 = VECTOR('',#5941,1.);
#5941 = DIRECTION('',(0.,1.));
#5942 = ( GEOMETRIC_REPRESENTATION_CONTEXT(2) 
PARAMETRIC_REPRESENTATION_CONTEXT() REPRESENTATION_CONTEXT('2D SPACE',''
  ) );
#5943 = PCURVE('',#5761,#5944);
#5944 = DEFINITIONAL_REPRESENTATION('',(#5945),#5949);
#5945 = LINE('',#5946,#5947);
#5946 = CARTESIAN_POINT('',(0.,0.));
#5947 = VECTOR('',#5948,1.);
#5948 = DIRECTION('',(1.,0.));
#5949 = ( GEOMETRIC_REPRESENTATION_CONTEXT(2) 
PARAMETRIC_REPRESENTATION_CONTEXT() REPRESENTATION_CONTEXT('2D SPACE',''
  ) );
#5950 = ORIENTED_EDGE('',*,*,#5710,.T.);
#5951 = ORIENTED_EDGE('',*,*,#5952,.T.);
#5952 = EDGE_CURVE('',#5713,#5833,#5953,.T.);
#5953 = SURFACE_CURVE('',#5954,(#5958,#5965),.PCURVE_S1.);
#5954 = LINE('',#5955,#5956);
#5955 = CARTESIAN_POINT('',(-0.25,-7.,7.5));
#5956 = VECTOR('',#5957,1.);
#5957 = DIRECTION('',(1.,0.,-0.));
#5958 = PCURVE('',#5733,#5959);
#5959 = DEFINITIONAL_REPRESENTATION('',(#5960),#5964);
#5960 = LINE('',#5961,#5962);
#5961 = CARTESIAN_POINT('',(15.,0.));
#5962 = VECTOR('',#5963,1.);
#5963 = DIRECTION('',(0.,1.));
#5964 = ( GEOMETRIC_REPRESENTATION_CONTEXT(2) 
PARAMETRIC_REPRESENTATION_CONTEXT() REPRESENTATION_CONTEXT('2D SPACE',''
  ) );
#5965 = PCURVE('',#5815,#5966);
#5966 = DEFINITIONAL_REPRESENTATION('',(#5967),#5971);
#5967 = LINE('',#5968,#5969);
#5968 = CARTESIAN_POINT('',(0.,0.));
#5969 = VECTOR('',#5970,1.);
#5970 = DIRECTION('',(1.,0.));
#5971 = ( GEOMETRIC_REPRESENTATION_CONTEXT(2) 
PARAMETRIC_REPRESENTATION_CONTEXT() REPRESENTATION_CONTEXT('2D SPACE',''
  ) );
#5972 = ORIENTED_EDGE('',*,*,#5830,.F.);
#5973 = ADVANCED_FACE('',(#5974),#5789,.T.);
#5974 = FACE_BOUND('',#5975,.T.);
#5975 = EDGE_LOOP('',(#5976,#5997,#5998,#6019));
#5976 = ORIENTED_EDGE('',*,*,#5977,.F.);
#5977 = EDGE_CURVE('',#5746,#5861,#5978,.T.);
#5978 = SURFACE_CURVE('',#5979,(#5983,#5990),.PCURVE_S1.);
#5979 = LINE('',#5980,#5981);
#5980 = CARTESIAN_POINT('',(-0.25,7.,-7.5));
#5981 = VECTOR('',#5982,1.);
#5982 = DIRECTION('',(1.,0.,-0.));
#5983 = PCURVE('',#5789,#5984);
#5984 = DEFINITIONAL_REPRESENTATION('',(#5985),#5989);
#5985 = LINE('',#5986,#5987);
#5986 = CARTESIAN_POINT('',(0.,0.));
#5987 = VECTOR('',#5988,1.);
#5988 = DIRECTION('',(0.,1.));
#5989 = ( GEOMETRIC_REPRESENTATION_CONTEXT(2) 
PARAMETRIC_REPRESENTATION_CONTEXT() REPRESENTATION_CONTEXT('2D SPACE',''
  ) );
#5990 = PCURVE('',#5761,#5991);
#5991 = DEFINITIONAL_REPRESENTATION('',(#5992),#5996);
#5992 = LINE('',#5993,#5994);
#5993 = CARTESIAN_POINT('',(0.,14.));
#5994 = VECTOR('',#5995,1.);
#5995 = DIRECTION('',(1.,0.));
#5996 = ( GEOMETRIC_REPRESENTATION_CONTEXT(2) 
PARAMETRIC_REPRESENTATION_CONTEXT() REPRESENTATION_CONTEXT('2D SPACE',''
  ) );
#5997 = ORIENTED_EDGE('',*,*,#5773,.T.);
#5998 = ORIENTED_EDGE('',*,*,#5999,.T.);
#5999 = EDGE_CURVE('',#5774,#5884,#6000,.T.);
#6000 = SURFACE_CURVE('',#6001,(#6005,#6012),.PCURVE_S1.);
#6001 = LINE('',#6002,#6003);
#6002 = CARTESIAN_POINT('',(-0.25,7.,7.5));
#6003 = VECTOR('',#6004,1.);
#6004 = DIRECTION('',(1.,0.,-0.));
#6005 = PCURVE('',#5789,#6006);
#6006 = DEFINITIONAL_REPRESENTATION('',(#6007),#6011);
#6007 = LINE('',#6008,#6009);
#6008 = CARTESIAN_POINT('',(15.,0.));
#6009 = VECTOR('',#6010,1.);
#6010 = DIRECTION('',(0.,1.));
#6011 = ( GEOMETRIC_REPRESENTATION_CONTEXT(2) 
PARAMETRIC_REPRESENTATION_CONTEXT() REPRESENTATION_CONTEXT('2D SPACE',''
  ) );
#6012 = PCURVE('',#5815,#6013);
#6013 = DEFINITIONAL_REPRESENTATION('',(#6014),#6018);
#6014 = LINE('',#6015,#6016);
#6015 = CARTESIAN_POINT('',(0.,14.));
#6016 = VECTOR('',#6017,1.);
#6017 = DIRECTION('',(1.,0.));
#6018 = ( GEOMETRIC_REPRESENTATION_CONTEXT(2) 
PARAMETRIC_REPRESENTATION_CONTEXT() REPRESENTATION_CONTEXT('2D SPACE',''
  ) );
#6019 = ORIENTED_EDGE('',*,*,#5883,.F.);
#6020 = ADVANCED_FACE('',(#6021),#5761,.F.);
#6021 = FACE_BOUND('',#6022,.F.);
#6022 = EDGE_LOOP('',(#6023,#6024,#6025,#6026));
#6023 = ORIENTED_EDGE('',*,*,#5745,.F.);
#6024 = ORIENTED_EDGE('',*,*,#5930,.T.);
#6025 = ORIENTED_EDGE('',*,*,#5860,.T.);
#6026 = ORIENTED_EDGE('',*,*,#5977,.F.);
#6027 = ADVANCED_FACE('',(#6028),#5815,.T.);
#6028 = FACE_BOUND('',#6029,.T.);
#6029 = EDGE_LOOP('',(#6030,#6031,#6032,#6033));
#6030 = ORIENTED_EDGE('',*,*,#5801,.F.);
#6031 = ORIENTED_EDGE('',*,*,#5952,.T.);
#6032 = ORIENTED_EDGE('',*,*,#5906,.T.);
#6033 = ORIENTED_EDGE('',*,*,#5999,.F.);
#6034 = ( GEOMETRIC_REPRESENTATION_CONTEXT(3) 
GLOBAL_UNCERTAINTY_ASSIGNED_CONTEXT((#6038)) 
GLOBAL_UNIT_ASSIGNED_CONTEXT((#6035,#6036,#6037)) REPRESENTATION_CONTEXT
('Context #1','3D Context with UNIT and UNCERTAINTY') );
#6035 = ( LENGTH_UNIT() NAMED_UNIT(*) SI_UNIT(.MILLI.,.METRE.) );
#6036 = ( NAMED_UNIT(*) PLANE_ANGLE_UNIT() SI_UNIT($,.RADIAN.) );
#6037 = ( NAMED_UNIT(*) SI_UNIT($,.STERADIAN.) SOLID_ANGLE_UNIT() );
#6038 = UNCERTAINTY_MEASURE_WITH_UNIT(LENGTH_MEASURE(1.E-07),#6035,
  'distance_accuracy_value','confusion accuracy');
#6039 = CONTEXT_DEPENDENT_SHAPE_REPRESENTATION(#6040,#6042);
#6040 = ( REPRESENTATION_RELATIONSHIP('','',#5703,#10) 
REPRESENTATION_RELATIONSHIP_WITH_TRANSFORMATION(#6041) 
SHAPE_REPRESENTATION_RELATIONSHIP() );
#6041 = ITEM_DEFINED_TRANSFORMATION('','',#11,#31);
#6042 = PRODUCT_DEFINITION_SHAPE('Placement','Placement of an item',
  #6043);
#6043 = NEXT_ASSEMBLY_USAGE_OCCURRENCE('5','=>[0:1:1:6]','',#5,#5698,$);
#6044 = PRODUCT_RELATED_PRODUCT_CATEGORY('part',$,(#5700));
#6045 = SHAPE_DEFINITION_REPRESENTATION(#6046,#6052);
#6046 = PRODUCT_DEFINITION_SHAPE('','',#6047);
#6047 = PRODUCT_DEFINITION('design','',#6048,#6051);
#6048 = PRODUCT_DEFINITION_FORMATION('','',#6049);
#6049 = PRODUCT('COMPOUND','COMPOUND','',(#6050));
#6050 = PRODUCT_CONTEXT('',#2,'mechanical');
#6051 = PRODUCT_DEFINITION_CONTEXT('part definition',#2,'design');
#6052 = ADVANCED_BREP_SHAPE_REPRESENTATION('',(#11,#6053),#6383);
#6053 = MANIFOLD_SOLID_BREP('',#6054);
#6054 = CLOSED_SHELL('',(#6055,#6175,#6275,#6322,#6369,#6376));
#6055 = ADVANCED_FACE('',(#6056),#6070,.F.);
#6056 = FACE_BOUND('',#6057,.F.);
#6057 = EDGE_LOOP('',(#6058,#6093,#6121,#6149));
#6058 = ORIENTED_EDGE('',*,*,#6059,.F.);
#6059 = EDGE_CURVE('',#6060,#6062,#6064,.T.);
#6060 = VERTEX_POINT('',#6061);
#6061 = CARTESIAN_POINT('',(-2.5,-10.,-6.));
#6062 = VERTEX_POINT('',#6063);
#6063 = CARTESIAN_POINT('',(-2.5,-10.,6.));
#6064 = SURFACE_CURVE('',#6065,(#6069,#6081),.PCURVE_S1.);
#6065 = LINE('',#6066,#6067);
#6066 = CARTESIAN_POINT('',(-2.5,-10.,-6.));
#6067 = VECTOR('',#6068,1.);
#6068 = DIRECTION('',(0.,0.,1.));
#6069 = PCURVE('',#6070,#6075);
#6070 = PLANE('',#6071);
#6071 = AXIS2_PLACEMENT_3D('',#6072,#6073,#6074);
#6072 = CARTESIAN_POINT('',(-2.5,-10.,-6.));
#6073 = DIRECTION('',(1.,0.,-0.));
#6074 = DIRECTION('',(0.,0.,1.));
#6075 = DEFINITIONAL_REPRESENTATION('',(#6076),#6080);
#6076 = LINE('',#6077,#6078);
#6077 = CARTESIAN_POINT('',(0.,0.));
#6078 = VECTOR('',#6079,1.);
#6079 = DIRECTION('',(1.,0.));
#6080 = ( GEOMETRIC_REPRESENTATION_CONTEXT(2) 
PARAMETRIC_REPRESENTATION_CONTEXT() REPRESENTATION_CONTEXT('2D SPACE',''
  ) );
#6081 = PCURVE('',#6082,#6087);
#6082 = PLANE('',#6083);
#6083 = AXIS2_PLACEMENT_3D('',#6084,#6085,#6086);
#6084 = CARTESIAN_POINT('',(-2.5,-10.,-6.));
#6085 = DIRECTION('',(-0.,1.,0.));
#6086 = DIRECTION('',(0.,0.,1.));
#6087 = DEFINITIONAL_REPRESENTATION('',(#6088),#6092);
#6088 = LINE('',#6089,#6090);
#6089 = CARTESIAN_POINT('',(0.,0.));
#6090 = VECTOR('',#6091,1.);
#6091 = DIRECTION('',(1.,0.));
#6092 = ( GEOMETRIC_REPRESENTATION_CONTEXT(2) 
PARAMETRIC_REPRESENTATION_CONTEXT() REPRESENTATION_CONTEXT('2D SPACE',''
  ) );
#6093 = ORIENTED_EDGE('',*,*,#6094,.T.);
#6094 = EDGE_CURVE('',#6060,#6095,#6097,.T.);
#6095 = VERTEX_POINT('',#6096);
#6096 = CARTESIAN_POINT('',(-2.5,10.,-6.));
#6097 = SURFACE_CURVE('',#6098,(#6102,#6109),.PCURVE_S1.);
#6098 = LINE('',#6099,#6100);
#6099 = CARTESIAN_POINT('',(-2.5,-10.,-6.));
#6100 = VECTOR('',#6101,1.);
#6101 = DIRECTION('',(-0.,1.,0.));
#6102 = PCURVE('',#6070,#6103);
#6103 = DEFINITIONAL_REPRESENTATION('',(#6104),#6108);
#6104 = LINE('',#6105,#6106);
#6105 = CARTESIAN_POINT('',(0.,0.));
#6106 = VECTOR('',#6107,1.);
#6107 = DIRECTION('',(0.,-1.));
#6108 = ( GEOMETRIC_REPRESENTATION_CONTEXT(2) 
PARAMETRIC_REPRESENTATION_CONTEXT() REPRESENTATION_CONTEXT('2D SPACE',''
  ) );
#6109 = PCURVE('',#6110,#6115);
#6110 = PLANE('',#6111);
#6111 = AXIS2_PLACEMENT_3D('',#6112,#6113,#6114);
#6112 = CARTESIAN_POINT('',(-2.5,-10.,-6.));
#6113 = DIRECTION('',(0.,0.,1.));
#6114 = DIRECTION('',(1.,0.,-0.));
#6115 = DEFINITIONAL_REPRESENTATION('',(#6116),#6120);
#6116 = LINE('',#6117,#6118);
#6117 = CARTESIAN_POINT('',(0.,0.));
#6118 = VECTOR('',#6119,1.);
#6119 = DIRECTION('',(0.,1.));
#6120 = ( GEOMETRIC_REPRESENTATION_CONTEXT(2) 
PARAMETRIC_REPRESENTATION_CONTEXT() REPRESENTATION_CONTEXT('2D SPACE',''
  ) );
#6121 = ORIENTED_EDGE('',*,*,#6122,.T.);
#6122 = EDGE_CURVE('',#6095,#6123,#6125,.T.);
#6123 = VERTEX_POINT('',#6124);
#6124 = CARTESIAN_POINT('',(-2.5,10.,6.));
#6125 = SURFACE_CURVE('',#6126,(#6130,#6137),.PCURVE_S1.);
#6126 = LINE('',#6127,#6128);
#6127 = CARTESIAN_POINT('',(-2.5,10.,-6.));
#6128 = VECTOR('',#6129,1.);
#6129 = DIRECTION('',(0.,0.,1.));
#6130 = PCURVE('',#6070,#6131);
#6131 = DEFINITIONAL_REPRESENTATION('',(#6132),#6136);
#6132 = LINE('',#6133,#6134);
#6133 = CARTESIAN_POINT('',(0.,-20.));
#6134 = VECTOR('',#6135,1.);
#6135 = DIRECTION('',(1.,0.));
#6136 = ( GEOMETRIC_REPRESENTATION_CONTEXT(2) 
PARAMETRIC_REPRESENTATION_CONTEXT() REPRESENTATION_CONTEXT('2D SPACE',''
  ) );
#6137 = PCURVE('',#6138,#6143);
#6138 = PLANE('',#6139);
#6139 = AXIS2_PLACEMENT_3D('',#6140,#6141,#6142);
#6140 = CARTESIAN_POINT('',(-2.5,10.,-6.));
#6141 = DIRECTION('',(-0.,1.,0.));
#6142 = DIRECTION('',(0.,0.,1.));
#6143 = DEFINITIONAL_REPRESENTATION('',(#6144),#6148);
#6144 = LINE('',#6145,#6146);
#6145 = CARTESIAN_POINT('',(0.,0.));
#6146 = VECTOR('',#6147,1.);
#6147 = DIRECTION('',(1.,0.));
#6148 = ( GEOMETRIC_REPRESENTATION_CONTEXT(2) 
PARAMETRIC_REPRESENTATION_CONTEXT() REPRESENTATION_CONTEXT('2D SPACE',''
  ) );
#6149 = ORIENTED_EDGE('',*,*,#6150,.F.);
#6150 = EDGE_CURVE('',#6062,#6123,#6151,.T.);
#6151 = SURFACE_CURVE('',#6152,(#6156,#6163),.PCURVE_S1.);
#6152 = LINE('',#6153,#6154);
#6153 = CARTESIAN_POINT('',(-2.5,-10.,6.));
#6154 = VECTOR('',#6155,1.);
#6155 = DIRECTION('',(-0.,1.,0.));
#6156 = PCURVE('',#6070,#6157);
#6157 = DEFINITIONAL_REPRESENTATION('',(#6158),#6162);
#6158 = LINE('',#6159,#6160);
#6159 = CARTESIAN_POINT('',(12.,0.));
#6160 = VECTOR('',#6161,1.);
#6161 = DIRECTION('',(0.,-1.));
#6162 = ( GEOMETRIC_REPRESENTATION_CONTEXT(2) 
PARAMETRIC_REPRESENTATION_CONTEXT() REPRESENTATION_CONTEXT('2D SPACE',''
  ) );
#6163 = PCURVE('',#6164,#6169);
#6164 = PLANE('',#6165);
#6165 = AXIS2_PLACEMENT_3D('',#6166,#6167,#6168);
#6166 = CARTESIAN_POINT('',(-2.5,-10.,6.));
#6167 = DIRECTION('',(0.,0.,1.));
#6168 = DIRECTION('',(1.,0.,-0.));
#6169 = DEFINITIONAL_REPRESENTATION('',(#6170),#6174);
#6170 = LINE('',#6171,#6172);
#6171 = CARTESIAN_POINT('',(0.,0.));
#6172 = VECTOR('',#6173,1.);
#6173 = DIRECTION('',(0.,1.));
#6174 = ( GEOMETRIC_REPRESENTATION_CONTEXT(2) 
PARAMETRIC_REPRESENTATION_CONTEXT() REPRESENTATION_CONTEXT('2D SPACE',''
  ) );
#6175 = ADVANCED_FACE('',(#6176),#6190,.T.);
#6176 = FACE_BOUND('',#6177,.T.);
#6177 = EDGE_LOOP('',(#6178,#6208,#6231,#6254));
#6178 = ORIENTED_EDGE('',*,*,#6179,.F.);
#6179 = EDGE_CURVE('',#6180,#6182,#6184,.T.);
#6180 = VERTEX_POINT('',#6181);
#6181 = CARTESIAN_POINT('',(2.5,-10.,-6.));
#6182 = VERTEX_POINT('',#6183);
#6183 = CARTESIAN_POINT('',(2.5,-10.,6.));
#6184 = SURFACE_CURVE('',#6185,(#6189,#6201),.PCURVE_S1.);
#6185 = LINE('',#6186,#6187);
#6186 = CARTESIAN_POINT('',(2.5,-10.,-6.));
#6187 = VECTOR('',#6188,1.);
#6188 = DIRECTION('',(0.,0.,1.));
#6189 = PCURVE('',#6190,#6195);
#6190 = PLANE('',#6191);
#6191 = AXIS2_PLACEMENT_3D('',#6192,#6193,#6194);
#6192 = CARTESIAN_POINT('',(2.5,-10.,-6.));
#6193 = DIRECTION('',(1.,0.,-0.));
#6194 = DIRECTION('',(0.,0.,1.));
#6195 = DEFINITIONAL_REPRESENTATION('',(#6196),#6200);
#6196 = LINE('',#6197,#6198);
#6197 = CARTESIAN_POINT('',(0.,0.));
#6198 = VECTOR('',#6199,1.);
#6199 = DIRECTION('',(1.,0.));
#6200 = ( GEOMETRIC_REPRESENTATION_CONTEXT(2) 
PARAMETRIC_REPRESENTATION_CONTEXT() REPRESENTATION_CONTEXT('2D SPACE',''
  ) );
#6201 = PCURVE('',#6082,#6202);
#6202 = DEFINITIONAL_REPRESENTATION('',(#6203),#6207);
#6203 = LINE('',#6204,#6205);
#6204 = CARTESIAN_POINT('',(0.,5.));
#6205 = VECTOR('',#6206,1.);
#6206 = DIRECTION('',(1.,0.));
#6207 = ( GEOMETRIC_REPRESENTATION_CONTEXT(2) 
PARAMETRIC_REPRESENTATION_CONTEXT() REPRESENTATION_CONTEXT('2D SPACE',''
  ) );
#6208 = ORIENTED_EDGE('',*,*,#6209,.T.);
#6209 = EDGE_CURVE('',#6180,#6210,#6212,.T.);
#6210 = VERTEX_POINT('',#6211);
#6211 = CARTESIAN_POINT('',(2.5,10.,-6.));
#6212 = SURFACE_CURVE('',#6213,(#6217,#6224),.PCURVE_S1.);
#6213 = LINE('',#6214,#6215);
#6214 = CARTESIAN_POINT('',(2.5,-10.,-6.));
#6215 = VECTOR('',#6216,1.);
#6216 = DIRECTION('',(-0.,1.,0.));
#6217 = PCURVE('',#6190,#6218);
#6218 = DEFINITIONAL_REPRESENTATION('',(#6219),#6223);
#6219 = LINE('',#6220,#6221);
#6220 = CARTESIAN_POINT('',(0.,0.));
#6221 = VECTOR('',#6222,1.);
#6222 = DIRECTION('',(0.,-1.));
#6223 = ( GEOMETRIC_REPRESENTATION_CONTEXT(2) 
PARAMETRIC_REPRESENTATION_CONTEXT() REPRESENTATION_CONTEXT('2D SPACE',''
  ) );
#6224 = PCURVE('',#6110,#6225);
#6225 = DEFINITIONAL_REPRESENTATION('',(#6226),#6230);
#6226 = LINE('',#6227,#6228);
#6227 = CARTESIAN_POINT('',(5.,0.));
#6228 = VECTOR('',#6229,1.);
#6229 = DIRECTION('',(0.,1.));
#6230 = ( GEOMETRIC_REPRESENTATION_CONTEXT(2) 
PARAMETRIC_REPRESENTATION_CONTEXT() REPRESENTATION_CONTEXT('2D SPACE',''
  ) );
#6231 = ORIENTED_EDGE('',*,*,#6232,.T.);
#6232 = EDGE_CURVE('',#6210,#6233,#6235,.T.);
#6233 = VERTEX_POINT('',#6234);
#6234 = CARTESIAN_POINT('',(2.5,10.,6.));
#6235 = SURFACE_CURVE('',#6236,(#6240,#6247),.PCURVE_S1.);
#6236 = LINE('',#6237,#6238);
#6237 = CARTESIAN_POINT('',(2.5,10.,-6.));
#6238 = VECTOR('',#6239,1.);
#6239 = DIRECTION('',(0.,0.,1.));
#6240 = PCURVE('',#6190,#6241);
#6241 = DEFINITIONAL_REPRESENTATION('',(#6242),#6246);
#6242 = LINE('',#6243,#6244);
#6243 = CARTESIAN_POINT('',(0.,-20.));
#6244 = VECTOR('',#6245,1.);
#6245 = DIRECTION('',(1.,0.));
#6246 = ( GEOMETRIC_REPRESENTATION_CONTEXT(2) 
PARAMETRIC_REPRESENTATION_CONTEXT() REPRESENTATION_CONTEXT('2D SPACE',''
  ) );
#6247 = PCURVE('',#6138,#6248);
#6248 = DEFINITIONAL_REPRESENTATION('',(#6249),#6253);
#6249 = LINE('',#6250,#6251);
#6250 = CARTESIAN_POINT('',(0.,5.));
#6251 = VECTOR('',#6252,1.);
#6252 = DIRECTION('',(1.,0.));
#6253 = ( GEOMETRIC_REPRESENTATION_CONTEXT(2) 
PARAMETRIC_REPRESENTATION_CONTEXT() REPRESENTATION_CONTEXT('2D SPACE',''
  ) );
#6254 = ORIENTED_EDGE('',*,*,#6255,.F.);
#6255 = EDGE_CURVE('',#6182,#6233,#6256,.T.);
#6256 = SURFACE_CURVE('',#6257,(#6261,#6268),.PCURVE_S1.);
#6257 = LINE('',#6258,#6259);
#6258 = CARTESIAN_POINT('',(2.5,-10.,6.));
#6259 = VECTOR('',#6260,1.);
#6260 = DIRECTION('',(-0.,1.,0.));
#6261 = PCURVE('',#6190,#6262);
#6262 = DEFINITIONAL_REPRESENTATION('',(#6263),#6267);
#6263 = LINE('',#6264,#6265);
#6264 = CARTESIAN_POINT('',(12.,0.));
#6265 = VECTOR('',#6266,1.);
#6266 = DIRECTION('',(0.,-1.));
#6267 = ( GEOMETRIC_REPRESENTATION_CONTEXT(2) 
PARAMETRIC_REPRESENTATION_CONTEXT() REPRESENTATION_CONTEXT('2D SPACE',''
  ) );
#6268 = PCURVE('',#6164,#6269);
#6269 = DEFINITIONAL_REPRESENTATION('',(#6270),#6274);
#6270 = LINE('',#6271,#6272);
#6271 = CARTESIAN_POINT('',(5.,0.));
#6272 = VECTOR('',#6273,1.);
#6273 = DIRECTION('',(0.,1.));
#6274 = ( GEOMETRIC_REPRESENTATION_CONTEXT(2) 
PARAMETRIC_REPRESENTATION_CONTEXT() REPRESENTATION_CONTEXT('2D SPACE',''
  ) );
#6275 = ADVANCED_FACE('',(#6276),#6082,.F.);
#6276 = FACE_BOUND('',#6277,.F.);
#6277 = EDGE_LOOP('',(#6278,#6299,#6300,#6321));
#6278 = ORIENTED_EDGE('',*,*,#6279,.F.);
#6279 = EDGE_CURVE('',#6060,#6180,#6280,.T.);
#6280 = SURFACE_CURVE('',#6281,(#6285,#6292),.PCURVE_S1.);
#6281 = LINE('',#6282,#6283);
#6282 = CARTESIAN_POINT('',(-2.5,-10.,-6.));
#6283 = VECTOR('',#6284,1.);
#6284 = DIRECTION('',(1.,0.,-0.));
#6285 = PCURVE('',#6082,#6286);
#6286 = DEFINITIONAL_REPRESENTATION('',(#6287),#6291);
#6287 = LINE('',#6288,#6289);
#6288 = CARTESIAN_POINT('',(0.,0.));
#6289 = VECTOR('',#6290,1.);
#6290 = DIRECTION('',(0.,1.));
#6291 = ( GEOMETRIC_REPRESENTATION_CONTEXT(2) 
PARAMETRIC_REPRESENTATION_CONTEXT() REPRESENTATION_CONTEXT('2D SPACE',''
  ) );
#6292 = PCURVE('',#6110,#6293);
#6293 = DEFINITIONAL_REPRESENTATION('',(#6294),#6298);
#6294 = LINE('',#6295,#6296);
#6295 = CARTESIAN_POINT('',(0.,0.));
#6296 = VECTOR('',#6297,1.);
#6297 = DIRECTION('',(1.,0.));
#6298 = ( GEOMETRIC_REPRESENTATION_CONTEXT(2) 
PARAMETRIC_REPRESENTATION_CONTEXT() REPRESENTATION_CONTEXT('2D SPACE',''
  ) );
#6299 = ORIENTED_EDGE('',*,*,#6059,.T.);
#6300 = ORIENTED_EDGE('',*,*,#6301,.T.);
#6301 = EDGE_CURVE('',#6062,#6182,#6302,.T.);
#6302 = SURFACE_CURVE('',#6303,(#6307,#6314),.PCURVE_S1.);
#6303 = LINE('',#6304,#6305);
#6304 = CARTESIAN_POINT('',(-2.5,-10.,6.));
#6305 = VECTOR('',#6306,1.);
#6306 = DIRECTION('',(1.,0.,-0.));
#6307 = PCURVE('',#6082,#6308);
#6308 = DEFINITIONAL_REPRESENTATION('',(#6309),#6313);
#6309 = LINE('',#6310,#6311);
#6310 = CARTESIAN_POINT('',(12.,0.));
#6311 = VECTOR('',#6312,1.);
#6312 = DIRECTION('',(0.,1.));
#6313 = ( GEOMETRIC_REPRESENTATION_CONTEXT(2) 
PARAMETRIC_REPRESENTATION_CONTEXT() REPRESENTATION_CONTEXT('2D SPACE',''
  ) );
#6314 = PCURVE('',#6164,#6315);
#6315 = DEFINITIONAL_REPRESENTATION('',(#6316),#6320);
#6316 = LINE('',#6317,#6318);
#6317 = CARTESIAN_POINT('',(0.,0.));
#6318 = VECTOR('',#6319,1.);
#6319 = DIRECTION('',(1.,0.));
#6320 = ( GEOMETRIC_REPRESENTATION_CONTEXT(2) 
PARAMETRIC_REPRESENTATION_CONTEXT() REPRESENTATION_CONTEXT('2D SPACE',''
  ) );
#6321 = ORIENTED_EDGE('',*,*,#6179,.F.);
#6322 = ADVANCED_FACE('',(#6323),#6138,.T.);
#6323 = FACE_BOUND('',#6324,.T.);
#6324 = EDGE_LOOP('',(#6325,#6346,#6347,#6368));
#6325 = ORIENTED_EDGE('',*,*,#6326,.F.);
#6326 = EDGE_CURVE('',#6095,#6210,#6327,.T.);
#6327 = SURFACE_CURVE('',#6328,(#6332,#6339),.PCURVE_S1.);
#6328 = LINE('',#6329,#6330);
#6329 = CARTESIAN_POINT('',(-2.5,10.,-6.));
#6330 = VECTOR('',#6331,1.);
#6331 = DIRECTION('',(1.,0.,-0.));
#6332 = PCURVE('',#6138,#6333);
#6333 = DEFINITIONAL_REPRESENTATION('',(#6334),#6338);
#6334 = LINE('',#6335,#6336);
#6335 = CARTESIAN_POINT('',(0.,0.));
#6336 = VECTOR('',#6337,1.);
#6337 = DIRECTION('',(0.,1.));
#6338 = ( GEOMETRIC_REPRESENTATION_CONTEXT(2) 
PARAMETRIC_REPRESENTATION_CONTEXT() REPRESENTATION_CONTEXT('2D SPACE',''
  ) );
#6339 = PCURVE('',#6110,#6340);
#6340 = DEFINITIONAL_REPRESENTATION('',(#6341),#6345);
#6341 = LINE('',#6342,#6343);
#6342 = CARTESIAN_POINT('',(0.,20.));
#6343 = VECTOR('',#6344,1.);
#6344 = DIRECTION('',(1.,0.));
#6345 = ( GEOMETRIC_REPRESENTATION_CONTEXT(2) 
PARAMETRIC_REPRESENTATION_CONTEXT() REPRESENTATION_CONTEXT('2D SPACE',''
  ) );
#6346 = ORIENTED_EDGE('',*,*,#6122,.T.);
#6347 = ORIENTED_EDGE('',*,*,#6348,.T.);
#6348 = EDGE_CURVE('',#6123,#6233,#6349,.T.);
#6349 = SURFACE_CURVE('',#6350,(#6354,#6361),.PCURVE_S1.);
#6350 = LINE('',#6351,#6352);
#6351 = CARTESIAN_POINT('',(-2.5,10.,6.));
#6352 = VECTOR('',#6353,1.);
#6353 = DIRECTION('',(1.,0.,-0.));
#6354 = PCURVE('',#6138,#6355);
#6355 = DEFINITIONAL_REPRESENTATION('',(#6356),#6360);
#6356 = LINE('',#6357,#6358);
#6357 = CARTESIAN_POINT('',(12.,0.));
#6358 = VECTOR('',#6359,1.);
#6359 = DIRECTION('',(0.,1.));
#6360 = ( GEOMETRIC_REPRESENTATION_CONTEXT(2) 
PARAMETRIC_REPRESENTATION_CONTEXT() REPRESENTATION_CONTEXT('2D SPACE',''
  ) );
#6361 = PCURVE('',#6164,#6362);
#6362 = DEFINITIONAL_REPRESENTATION('',(#6363),#6367);
#6363 = LINE('',#6364,#6365);
#6364 = CARTESIAN_POINT('',(0.,20.));
#6365 = VECTOR('',#6366,1.);
#6366 = DIRECTION('',(1.,0.));
#6367 = ( GEOMETRIC_REPRESENTATION_CONTEXT(2) 
PARAMETRIC_REPRESENTATION_CONTEXT() REPRESENTATION_CONTEXT('2D SPACE',''
  ) );
#6368 = ORIENTED_EDGE('',*,*,#6232,.F.);
#6369 = ADVANCED_FACE('',(#6370),#6110,.F.);
#6370 = FACE_BOUND('',#6371,.F.);
#6371 = EDGE_LOOP('',(#6372,#6373,#6374,#6375));
#6372 = ORIENTED_EDGE('',*,*,#6094,.F.);
#6373 = ORIENTED_EDGE('',*,*,#6279,.T.);
#6374 = ORIENTED_EDGE('',*,*,#6209,.T.);
#6375 = ORIENTED_EDGE('',*,*,#6326,.F.);
#6376 = ADVANCED_FACE('',(#6377),#6164,.T.);
#6377 = FACE_BOUND('',#6378,.T.);
#6378 = EDGE_LOOP('',(#6379,#6380,#6381,#6382));
#6379 = ORIENTED_EDGE('',*,*,#6150,.F.);
#6380 = ORIENTED_EDGE('',*,*,#6301,.T.);
#6381 = ORIENTED_EDGE('',*,*,#6255,.T.);
#6382 = ORIENTED_EDGE('',*,*,#6348,.F.);
#6383 = ( GEOMETRIC_REPRESENTATION_CONTEXT(3) 
GLOBAL_UNCERTAINTY_ASSIGNED_CONTEXT((#6387)) 
GLOBAL_UNIT_ASSIGNED_CONTEXT((#6384,#6385,#6386)) REPRESENTATION_CONTEXT
('Context #1','3D Context with UNIT and UNCERTAINTY') );
#6384 = ( LENGTH_UNIT() NAMED_UNIT(*) SI_UNIT(.MILLI.,.METRE.) );
#6385 = ( NAMED_UNIT(*) PLANE_ANGLE_UNIT() SI_UNIT($,.RADIAN.) );
#6386 = ( NAMED_UNIT(*) SI_UNIT($,.STERADIAN.) SOLID_ANGLE_UNIT() );
#6387 = UNCERTAINTY_MEASURE_WITH_UNIT(LENGTH_MEASURE(1.E-07),#6384,
  'distance_accuracy_value','confusion accuracy');
#6388 = CONTEXT_DEPENDENT_SHAPE_REPRESENTATION(#6389,#6391);
#6389 = ( REPRESENTATION_RELATIONSHIP('','',#6052,#10) 
REPRESENTATION_RELATIONSHIP_WITH_TRANSFORMATION(#6390) 
SHAPE_REPRESENTATION_RELATIONSHIP() );
#6390 = ITEM_DEFINED_TRANSFORMATION('','',#11,#35);
#6391 = PRODUCT_DEFINITION_SHAPE('Placement','Placement of an item',
  #6392);
#6392 = NEXT_ASSEMBLY_USAGE_OCCURRENCE('6','=>[0:1:1:7]','',#5,#6047,$);
#6393 = PRODUCT_RELATED_PRODUCT_CATEGORY('part',$,(#6049));
#6394 = SHAPE_DEFINITION_REPRESENTATION(#6395,#6401);
#6395 = PRODUCT_DEFINITION_SHAPE('','',#6396);
#6396 = PRODUCT_DEFINITION('design','',#6397,#6400);
#6397 = PRODUCT_DEFINITION_FORMATION('','',#6398);
#6398 = PRODUCT('COMPOUND','COMPOUND','',(#6399));
#6399 = PRODUCT_CONTEXT('',#2,'mechanical');
#6400 = PRODUCT_DEFINITION_CONTEXT('part definition',#2,'design');
#6401 = ADVANCED_BREP_SHAPE_REPRESENTATION('',(#11,#6402),#6732);
#6402 = MANIFOLD_SOLID_BREP('',#6403);
#6403 = CLOSED_SHELL('',(#6404,#6524,#6624,#6671,#6718,#6725));
#6404 = ADVANCED_FACE('',(#6405),#6419,.F.);
#6405 = FACE_BOUND('',#6406,.F.);
#6406 = EDGE_LOOP('',(#6407,#6442,#6470,#6498));
#6407 = ORIENTED_EDGE('',*,*,#6408,.F.);
#6408 = EDGE_CURVE('',#6409,#6411,#6413,.T.);
#6409 = VERTEX_POINT('',#6410);
#6410 = CARTESIAN_POINT('',(-0.25,-7.,-4.));
#6411 = VERTEX_POINT('',#6412);
#6412 = CARTESIAN_POINT('',(-0.25,-7.,4.));
#6413 = SURFACE_CURVE('',#6414,(#6418,#6430),.PCURVE_S1.);
#6414 = LINE('',#6415,#6416);
#6415 = CARTESIAN_POINT('',(-0.25,-7.,-4.));
#6416 = VECTOR('',#6417,1.);
#6417 = DIRECTION('',(0.,0.,1.));
#6418 = PCURVE('',#6419,#6424);
#6419 = PLANE('',#6420);
#6420 = AXIS2_PLACEMENT_3D('',#6421,#6422,#6423);
#6421 = CARTESIAN_POINT('',(-0.25,-7.,-4.));
#6422 = DIRECTION('',(1.,0.,-0.));
#6423 = DIRECTION('',(0.,0.,1.));
#6424 = DEFINITIONAL_REPRESENTATION('',(#6425),#6429);
#6425 = LINE('',#6426,#6427);
#6426 = CARTESIAN_POINT('',(0.,0.));
#6427 = VECTOR('',#6428,1.);
#6428 = DIRECTION('',(1.,0.));
#6429 = ( GEOMETRIC_REPRESENTATION_CONTEXT(2) 
PARAMETRIC_REPRESENTATION_CONTEXT() REPRESENTATION_CONTEXT('2D SPACE',''
  ) );
#6430 = PCURVE('',#6431,#6436);
#6431 = PLANE('',#6432);
#6432 = AXIS2_PLACEMENT_3D('',#6433,#6434,#6435);
#6433 = CARTESIAN_POINT('',(-0.25,-7.,-4.));
#6434 = DIRECTION('',(-0.,1.,0.));
#6435 = DIRECTION('',(0.,0.,1.));
#6436 = DEFINITIONAL_REPRESENTATION('',(#6437),#6441);
#6437 = LINE('',#6438,#6439);
#6438 = CARTESIAN_POINT('',(0.,0.));
#6439 = VECTOR('',#6440,1.);
#6440 = DIRECTION('',(1.,0.));
#6441 = ( GEOMETRIC_REPRESENTATION_CONTEXT(2) 
PARAMETRIC_REPRESENTATION_CONTEXT() REPRESENTATION_CONTEXT('2D SPACE',''
  ) );
#6442 = ORIENTED_EDGE('',*,*,#6443,.T.);
#6443 = EDGE_CURVE('',#6409,#6444,#6446,.T.);
#6444 = VERTEX_POINT('',#6445);
#6445 = CARTESIAN_POINT('',(-0.25,7.,-4.));
#6446 = SURFACE_CURVE('',#6447,(#6451,#6458),.PCURVE_S1.);
#6447 = LINE('',#6448,#6449);
#6448 = CARTESIAN_POINT('',(-0.25,-7.,-4.));
#6449 = VECTOR('',#6450,1.);
#6450 = DIRECTION('',(-0.,1.,0.));
#6451 = PCURVE('',#6419,#6452);
#6452 = DEFINITIONAL_REPRESENTATION('',(#6453),#6457);
#6453 = LINE('',#6454,#6455);
#6454 = CARTESIAN_POINT('',(0.,0.));
#6455 = VECTOR('',#6456,1.);
#6456 = DIRECTION('',(0.,-1.));
#6457 = ( GEOMETRIC_REPRESENTATION_CONTEXT(2) 
PARAMETRIC_REPRESENTATION_CONTEXT() REPRESENTATION_CONTEXT('2D SPACE',''
  ) );
#6458 = PCURVE('',#6459,#6464);
#6459 = PLANE('',#6460);
#6460 = AXIS2_PLACEMENT_3D('',#6461,#6462,#6463);
#6461 = CARTESIAN_POINT('',(-0.25,-7.,-4.));
#6462 = DIRECTION('',(0.,0.,1.));
#6463 = DIRECTION('',(1.,0.,-0.));
#6464 = DEFINITIONAL_REPRESENTATION('',(#6465),#6469);
#6465 = LINE('',#6466,#6467);
#6466 = CARTESIAN_POINT('',(0.,0.));
#6467 = VECTOR('',#6468,1.);
#6468 = DIRECTION('',(0.,1.));
#6469 = ( GEOMETRIC_REPRESENTATION_CONTEXT(2) 
PARAMETRIC_REPRESENTATION_CONTEXT() REPRESENTATION_CONTEXT('2D SPACE',''
  ) );
#6470 = ORIENTED_EDGE('',*,*,#6471,.T.);
#6471 = EDGE_CURVE('',#6444,#6472,#6474,.T.);
#6472 = VERTEX_POINT('',#6473);
#6473 = CARTESIAN_POINT('',(-0.25,7.,4.));
#6474 = SURFACE_CURVE('',#6475,(#6479,#6486),.PCURVE_S1.);
#6475 = LINE('',#6476,#6477);
#6476 = CARTESIAN_POINT('',(-0.25,7.,-4.));
#6477 = VECTOR('',#6478,1.);
#6478 = DIRECTION('',(0.,0.,1.));
#6479 = PCURVE('',#6419,#6480);
#6480 = DEFINITIONAL_REPRESENTATION('',(#6481),#6485);
#6481 = LINE('',#6482,#6483);
#6482 = CARTESIAN_POINT('',(0.,-14.));
#6483 = VECTOR('',#6484,1.);
#6484 = DIRECTION('',(1.,0.));
#6485 = ( GEOMETRIC_REPRESENTATION_CONTEXT(2) 
PARAMETRIC_REPRESENTATION_CONTEXT() REPRESENTATION_CONTEXT('2D SPACE',''
  ) );
#6486 = PCURVE('',#6487,#6492);
#6487 = PLANE('',#6488);
#6488 = AXIS2_PLACEMENT_3D('',#6489,#6490,#6491);
#6489 = CARTESIAN_POINT('',(-0.25,7.,-4.));
#6490 = DIRECTION('',(-0.,1.,0.));
#6491 = DIRECTION('',(0.,0.,1.));
#6492 = DEFINITIONAL_REPRESENTATION('',(#6493),#6497);
#6493 = LINE('',#6494,#6495);
#6494 = CARTESIAN_POINT('',(0.,0.));
#6495 = VECTOR('',#6496,1.);
#6496 = DIRECTION('',(1.,0.));
#6497 = ( GEOMETRIC_REPRESENTATION_CONTEXT(2) 
PARAMETRIC_REPRESENTATION_CONTEXT() REPRESENTATION_CONTEXT('2D SPACE',''
  ) );
#6498 = ORIENTED_EDGE('',*,*,#6499,.F.);
#6499 = EDGE_CURVE('',#6411,#6472,#6500,.T.);
#6500 = SURFACE_CURVE('',#6501,(#6505,#6512),.PCURVE_S1.);
#6501 = LINE('',#6502,#6503);
#6502 = CARTESIAN_POINT('',(-0.25,-7.,4.));
#6503 = VECTOR('',#6504,1.);
#6504 = DIRECTION('',(-0.,1.,0.));
#6505 = PCURVE('',#6419,#6506);
#6506 = DEFINITIONAL_REPRESENTATION('',(#6507),#6511);
#6507 = LINE('',#6508,#6509);
#6508 = CARTESIAN_POINT('',(8.,0.));
#6509 = VECTOR('',#6510,1.);
#6510 = DIRECTION('',(0.,-1.));
#6511 = ( GEOMETRIC_REPRESENTATION_CONTEXT(2) 
PARAMETRIC_REPRESENTATION_CONTEXT() REPRESENTATION_CONTEXT('2D SPACE',''
  ) );
#6512 = PCURVE('',#6513,#6518);
#6513 = PLANE('',#6514);
#6514 = AXIS2_PLACEMENT_3D('',#6515,#6516,#6517);
#6515 = CARTESIAN_POINT('',(-0.25,-7.,4.));
#6516 = DIRECTION('',(0.,0.,1.));
#6517 = DIRECTION('',(1.,0.,-0.));
#6518 = DEFINITIONAL_REPRESENTATION('',(#6519),#6523);
#6519 = LINE('',#6520,#6521);
#6520 = CARTESIAN_POINT('',(0.,0.));
#6521 = VECTOR('',#6522,1.);
#6522 = DIRECTION('',(0.,1.));
#6523 = ( GEOMETRIC_REPRESENTATION_CONTEXT(2) 
PARAMETRIC_REPRESENTATION_CONTEXT() REPRESENTATION_CONTEXT('2D SPACE',''
  ) );
#6524 = ADVANCED_FACE('',(#6525),#6539,.T.);
#6525 = FACE_BOUND('',#6526,.T.);
#6526 = EDGE_LOOP('',(#6527,#6557,#6580,#6603));
#6527 = ORIENTED_EDGE('',*,*,#6528,.F.);
#6528 = EDGE_CURVE('',#6529,#6531,#6533,.T.);
#6529 = VERTEX_POINT('',#6530);
#6530 = CARTESIAN_POINT('',(0.25,-7.,-4.));
#6531 = VERTEX_POINT('',#6532);
#6532 = CARTESIAN_POINT('',(0.25,-7.,4.));
#6533 = SURFACE_CURVE('',#6534,(#6538,#6550),.PCURVE_S1.);
#6534 = LINE('',#6535,#6536);
#6535 = CARTESIAN_POINT('',(0.25,-7.,-4.));
#6536 = VECTOR('',#6537,1.);
#6537 = DIRECTION('',(0.,0.,1.));
#6538 = PCURVE('',#6539,#6544);
#6539 = PLANE('',#6540);
#6540 = AXIS2_PLACEMENT_3D('',#6541,#6542,#6543);
#6541 = CARTESIAN_POINT('',(0.25,-7.,-4.));
#6542 = DIRECTION('',(1.,0.,-0.));
#6543 = DIRECTION('',(0.,0.,1.));
#6544 = DEFINITIONAL_REPRESENTATION('',(#6545),#6549);
#6545 = LINE('',#6546,#6547);
#6546 = CARTESIAN_POINT('',(0.,0.));
#6547 = VECTOR('',#6548,1.);
#6548 = DIRECTION('',(1.,0.));
#6549 = ( GEOMETRIC_REPRESENTATION_CONTEXT(2) 
PARAMETRIC_REPRESENTATION_CONTEXT() REPRESENTATION_CONTEXT('2D SPACE',''
  ) );
#6550 = PCURVE('',#6431,#6551);
#6551 = DEFINITIONAL_REPRESENTATION('',(#6552),#6556);
#6552 = LINE('',#6553,#6554);
#6553 = CARTESIAN_POINT('',(0.,0.5));
#6554 = VECTOR('',#6555,1.);
#6555 = DIRECTION('',(1.,0.));
#6556 = ( GEOMETRIC_REPRESENTATION_CONTEXT(2) 
PARAMETRIC_REPRESENTATION_CONTEXT() REPRESENTATION_CONTEXT('2D SPACE',''
  ) );
#6557 = ORIENTED_EDGE('',*,*,#6558,.T.);
#6558 = EDGE_CURVE('',#6529,#6559,#6561,.T.);
#6559 = VERTEX_POINT('',#6560);
#6560 = CARTESIAN_POINT('',(0.25,7.,-4.));
#6561 = SURFACE_CURVE('',#6562,(#6566,#6573),.PCURVE_S1.);
#6562 = LINE('',#6563,#6564);
#6563 = CARTESIAN_POINT('',(0.25,-7.,-4.));
#6564 = VECTOR('',#6565,1.);
#6565 = DIRECTION('',(-0.,1.,0.));
#6566 = PCURVE('',#6539,#6567);
#6567 = DEFINITIONAL_REPRESENTATION('',(#6568),#6572);
#6568 = LINE('',#6569,#6570);
#6569 = CARTESIAN_POINT('',(0.,0.));
#6570 = VECTOR('',#6571,1.);
#6571 = DIRECTION('',(0.,-1.));
#6572 = ( GEOMETRIC_REPRESENTATION_CONTEXT(2) 
PARAMETRIC_REPRESENTATION_CONTEXT() REPRESENTATION_CONTEXT('2D SPACE',''
  ) );
#6573 = PCURVE('',#6459,#6574);
#6574 = DEFINITIONAL_REPRESENTATION('',(#6575),#6579);
#6575 = LINE('',#6576,#6577);
#6576 = CARTESIAN_POINT('',(0.5,0.));
#6577 = VECTOR('',#6578,1.);
#6578 = DIRECTION('',(0.,1.));
#6579 = ( GEOMETRIC_REPRESENTATION_CONTEXT(2) 
PARAMETRIC_REPRESENTATION_CONTEXT() REPRESENTATION_CONTEXT('2D SPACE',''
  ) );
#6580 = ORIENTED_EDGE('',*,*,#6581,.T.);
#6581 = EDGE_CURVE('',#6559,#6582,#6584,.T.);
#6582 = VERTEX_POINT('',#6583);
#6583 = CARTESIAN_POINT('',(0.25,7.,4.));
#6584 = SURFACE_CURVE('',#6585,(#6589,#6596),.PCURVE_S1.);
#6585 = LINE('',#6586,#6587);
#6586 = CARTESIAN_POINT('',(0.25,7.,-4.));
#6587 = VECTOR('',#6588,1.);
#6588 = DIRECTION('',(0.,0.,1.));
#6589 = PCURVE('',#6539,#6590);
#6590 = DEFINITIONAL_REPRESENTATION('',(#6591),#6595);
#6591 = LINE('',#6592,#6593);
#6592 = CARTESIAN_POINT('',(0.,-14.));
#6593 = VECTOR('',#6594,1.);
#6594 = DIRECTION('',(1.,0.));
#6595 = ( GEOMETRIC_REPRESENTATION_CONTEXT(2) 
PARAMETRIC_REPRESENTATION_CONTEXT() REPRESENTATION_CONTEXT('2D SPACE',''
  ) );
#6596 = PCURVE('',#6487,#6597);
#6597 = DEFINITIONAL_REPRESENTATION('',(#6598),#6602);
#6598 = LINE('',#6599,#6600);
#6599 = CARTESIAN_POINT('',(0.,0.5));
#6600 = VECTOR('',#6601,1.);
#6601 = DIRECTION('',(1.,0.));
#6602 = ( GEOMETRIC_REPRESENTATION_CONTEXT(2) 
PARAMETRIC_REPRESENTATION_CONTEXT() REPRESENTATION_CONTEXT('2D SPACE',''
  ) );
#6603 = ORIENTED_EDGE('',*,*,#6604,.F.);
#6604 = EDGE_CURVE('',#6531,#6582,#6605,.T.);
#6605 = SURFACE_CURVE('',#6606,(#6610,#6617),.PCURVE_S1.);
#6606 = LINE('',#6607,#6608);
#6607 = CARTESIAN_POINT('',(0.25,-7.,4.));
#6608 = VECTOR('',#6609,1.);
#6609 = DIRECTION('',(-0.,1.,0.));
#6610 = PCURVE('',#6539,#6611);
#6611 = DEFINITIONAL_REPRESENTATION('',(#6612),#6616);
#6612 = LINE('',#6613,#6614);
#6613 = CARTESIAN_POINT('',(8.,0.));
#6614 = VECTOR('',#6615,1.);
#6615 = DIRECTION('',(0.,-1.));
#6616 = ( GEOMETRIC_REPRESENTATION_CONTEXT(2) 
PARAMETRIC_REPRESENTATION_CONTEXT() REPRESENTATION_CONTEXT('2D SPACE',''
  ) );
#6617 = PCURVE('',#6513,#6618);
#6618 = DEFINITIONAL_REPRESENTATION('',(#6619),#6623);
#6619 = LINE('',#6620,#6621);
#6620 = CARTESIAN_POINT('',(0.5,0.));
#6621 = VECTOR('',#6622,1.);
#6622 = DIRECTION('',(0.,1.));
#6623 = ( GEOMETRIC_REPRESENTATION_CONTEXT(2) 
PARAMETRIC_REPRESENTATION_CONTEXT() REPRESENTATION_CONTEXT('2D SPACE',''
  ) );
#6624 = ADVANCED_FACE('',(#6625),#6431,.F.);
#6625 = FACE_BOUND('',#6626,.F.);
#6626 = EDGE_LOOP('',(#6627,#6648,#6649,#6670));
#6627 = ORIENTED_EDGE('',*,*,#6628,.F.);
#6628 = EDGE_CURVE('',#6409,#6529,#6629,.T.);
#6629 = SURFACE_CURVE('',#6630,(#6634,#6641),.PCURVE_S1.);
#6630 = LINE('',#6631,#6632);
#6631 = CARTESIAN_POINT('',(-0.25,-7.,-4.));
#6632 = VECTOR('',#6633,1.);
#6633 = DIRECTION('',(1.,0.,-0.));
#6634 = PCURVE('',#6431,#6635);
#6635 = DEFINITIONAL_REPRESENTATION('',(#6636),#6640);
#6636 = LINE('',#6637,#6638);
#6637 = CARTESIAN_POINT('',(0.,0.));
#6638 = VECTOR('',#6639,1.);
#6639 = DIRECTION('',(0.,1.));
#6640 = ( GEOMETRIC_REPRESENTATION_CONTEXT(2) 
PARAMETRIC_REPRESENTATION_CONTEXT() REPRESENTATION_CONTEXT('2D SPACE',''
  ) );
#6641 = PCURVE('',#6459,#6642);
#6642 = DEFINITIONAL_REPRESENTATION('',(#6643),#6647);
#6643 = LINE('',#6644,#6645);
#6644 = CARTESIAN_POINT('',(0.,0.));
#6645 = VECTOR('',#6646,1.);
#6646 = DIRECTION('',(1.,0.));
#6647 = ( GEOMETRIC_REPRESENTATION_CONTEXT(2) 
PARAMETRIC_REPRESENTATION_CONTEXT() REPRESENTATION_CONTEXT('2D SPACE',''
  ) );
#6648 = ORIENTED_EDGE('',*,*,#6408,.T.);
#6649 = ORIENTED_EDGE('',*,*,#6650,.T.);
#6650 = EDGE_CURVE('',#6411,#6531,#6651,.T.);
#6651 = SURFACE_CURVE('',#6652,(#6656,#6663),.PCURVE_S1.);
#6652 = LINE('',#6653,#6654);
#6653 = CARTESIAN_POINT('',(-0.25,-7.,4.));
#6654 = VECTOR('',#6655,1.);
#6655 = DIRECTION('',(1.,0.,-0.));
#6656 = PCURVE('',#6431,#6657);
#6657 = DEFINITIONAL_REPRESENTATION('',(#6658),#6662);
#6658 = LINE('',#6659,#6660);
#6659 = CARTESIAN_POINT('',(8.,0.));
#6660 = VECTOR('',#6661,1.);
#6661 = DIRECTION('',(0.,1.));
#6662 = ( GEOMETRIC_REPRESENTATION_CONTEXT(2) 
PARAMETRIC_REPRESENTATION_CONTEXT() REPRESENTATION_CONTEXT('2D SPACE',''
  ) );
#6663 = PCURVE('',#6513,#6664);
#6664 = DEFINITIONAL_REPRESENTATION('',(#6665),#6669);
#6665 = LINE('',#6666,#6667);
#6666 = CARTESIAN_POINT('',(0.,0.));
#6667 = VECTOR('',#6668,1.);
#6668 = DIRECTION('',(1.,0.));
#6669 = ( GEOMETRIC_REPRESENTATION_CONTEXT(2) 
PARAMETRIC_REPRESENTATION_CONTEXT() REPRESENTATION_CONTEXT('2D SPACE',''
  ) );
#6670 = ORIENTED_EDGE('',*,*,#6528,.F.);
#6671 = ADVANCED_FACE('',(#6672),#6487,.T.);
#6672 = FACE_BOUND('',#6673,.T.);
#6673 = EDGE_LOOP('',(#6674,#6695,#6696,#6717));
#6674 = ORIENTED_EDGE('',*,*,#6675,.F.);
#6675 = EDGE_CURVE('',#6444,#6559,#6676,.T.);
#6676 = SURFACE_CURVE('',#6677,(#6681,#6688),.PCURVE_S1.);
#6677 = LINE('',#6678,#6679);
#6678 = CARTESIAN_POINT('',(-0.25,7.,-4.));
#6679 = VECTOR('',#6680,1.);
#6680 = DIRECTION('',(1.,0.,-0.));
#6681 = PCURVE('',#6487,#6682);
#6682 = DEFINITIONAL_REPRESENTATION('',(#6683),#6687);
#6683 = LINE('',#6684,#6685);
#6684 = CARTESIAN_POINT('',(0.,0.));
#6685 = VECTOR('',#6686,1.);
#6686 = DIRECTION('',(0.,1.));
#6687 = ( GEOMETRIC_REPRESENTATION_CONTEXT(2) 
PARAMETRIC_REPRESENTATION_CONTEXT() REPRESENTATION_CONTEXT('2D SPACE',''
  ) );
#6688 = PCURVE('',#6459,#6689);
#6689 = DEFINITIONAL_REPRESENTATION('',(#6690),#6694);
#6690 = LINE('',#6691,#6692);
#6691 = CARTESIAN_POINT('',(0.,14.));
#6692 = VECTOR('',#6693,1.);
#6693 = DIRECTION('',(1.,0.));
#6694 = ( GEOMETRIC_REPRESENTATION_CONTEXT(2) 
PARAMETRIC_REPRESENTATION_CONTEXT() REPRESENTATION_CONTEXT('2D SPACE',''
  ) );
#6695 = ORIENTED_EDGE('',*,*,#6471,.T.);
#6696 = ORIENTED_EDGE('',*,*,#6697,.T.);
#6697 = EDGE_CURVE('',#6472,#6582,#6698,.T.);
#6698 = SURFACE_CURVE('',#6699,(#6703,#6710),.PCURVE_S1.);
#6699 = LINE('',#6700,#6701);
#6700 = CARTESIAN_POINT('',(-0.25,7.,4.));
#6701 = VECTOR('',#6702,1.);
#6702 = DIRECTION('',(1.,0.,-0.));
#6703 = PCURVE('',#6487,#6704);
#6704 = DEFINITIONAL_REPRESENTATION('',(#6705),#6709);
#6705 = LINE('',#6706,#6707);
#6706 = CARTESIAN_POINT('',(8.,0.));
#6707 = VECTOR('',#6708,1.);
#6708 = DIRECTION('',(0.,1.));
#6709 = ( GEOMETRIC_REPRESENTATION_CONTEXT(2) 
PARAMETRIC_REPRESENTATION_CONTEXT() REPRESENTATION_CONTEXT('2D SPACE',''
  ) );
#6710 = PCURVE('',#6513,#6711);
#6711 = DEFINITIONAL_REPRESENTATION('',(#6712),#6716);
#6712 = LINE('',#6713,#6714);
#6713 = CARTESIAN_POINT('',(0.,14.));
#6714 = VECTOR('',#6715,1.);
#6715 = DIRECTION('',(1.,0.));
#6716 = ( GEOMETRIC_REPRESENTATION_CONTEXT(2) 
PARAMETRIC_REPRESENTATION_CONTEXT() REPRESENTATION_CONTEXT('2D SPACE',''
  ) );
#6717 = ORIENTED_EDGE('',*,*,#6581,.F.);
#6718 = ADVANCED_FACE('',(#6719),#6459,.F.);
#6719 = FACE_BOUND('',#6720,.F.);
#6720 = EDGE_LOOP('',(#6721,#6722,#6723,#6724));
#6721 = ORIENTED_EDGE('',*,*,#6443,.F.);
#6722 = ORIENTED_EDGE('',*,*,#6628,.T.);
#6723 = ORIENTED_EDGE('',*,*,#6558,.T.);
#6724 = ORIENTED_EDGE('',*,*,#6675,.F.);
#6725 = ADVANCED_FACE('',(#6726),#6513,.T.);
#6726 = FACE_BOUND('',#6727,.T.);
#6727 = EDGE_LOOP('',(#6728,#6729,#6730,#6731));
#6728 = ORIENTED_EDGE('',*,*,#6499,.F.);
#6729 = ORIENTED_EDGE('',*,*,#6650,.T.);
#6730 = ORIENTED_EDGE('',*,*,#6604,.T.);
#6731 = ORIENTED_EDGE('',*,*,#6697,.F.);
#6732 = ( GEOMETRIC_REPRESENTATION_CONTEXT(3) 
GLOBAL_UNCERTAINTY_ASSIGNED_CONTEXT((#6736)) 
GLOBAL_UNIT_ASSIGNED_CONTEXT((#6733,#6734,#6735)) REPRESENTATION_CONTEXT
('Context #1','3D Context with UNIT and UNCERTAINTY') );
#6733 = ( LENGTH_UNIT() NAMED_UNIT(*) SI_UNIT(.MILLI.,.METRE.) );
#6734 = ( NAMED_UNIT(*) PLANE_ANGLE_UNIT() SI_UNIT($,.RADIAN.) );
#6735 = ( NAMED_UNIT(*) SI_UNIT($,.STERADIAN.) SOLID_ANGLE_UNIT() );
#6736 = UNCERTAINTY_MEASURE_WITH_UNIT(LENGTH_MEASURE(1.E-07),#6733,
  'distance_accuracy_value','confusion accuracy');
#6737 = CONTEXT_DEPENDENT_SHAPE_REPRESENTATION(#6738,#6740);
#6738 = ( REPRESENTATION_RELATIONSHIP('','',#6401,#10) 
REPRESENTATION_RELATIONSHIP_WITH_TRANSFORMATION(#6739) 
SHAPE_REPRESENTATION_RELATIONSHIP() );
#6739 = ITEM_DEFINED_TRANSFORMATION('','',#11,#39);
#6740 = PRODUCT_DEFINITION_SHAPE('Placement','Placement of an item',
  #6741);
#6741 = NEXT_ASSEMBLY_USAGE_OCCURRENCE('7','=>[0:1:1:8]','',#5,#6396,$);
#6742 = PRODUCT_RELATED_PRODUCT_CATEGORY('part',$,(#6398));
#6743 = SHAPE_DEFINITION_REPRESENTATION(#6744,#6750);
#6744 = PRODUCT_DEFINITION_SHAPE('','',#6745);
#6745 = PRODUCT_DEFINITION('design','',#6746,#6749);
#6746 = PRODUCT_DEFINITION_FORMATION('','',#6747);
#6747 = PRODUCT('COMPOUND','COMPOUND','',(#6748));
#6748 = PRODUCT_CONTEXT('',#2,'mechanical');
#6749 = PRODUCT_DEFINITION_CONTEXT('part definition',#2,'design');
#6750 = ADVANCED_BREP_SHAPE_REPRESENTATION('',(#11,#6751),#7081);
#6751 = MANIFOLD_SOLID_BREP('',#6752);
#6752 = CLOSED_SHELL('',(#6753,#6873,#6973,#7020,#7067,#7074));
#6753 = ADVANCED_FACE('',(#6754),#6768,.F.);
#6754 = FACE_BOUND('',#6755,.F.);
#6755 = EDGE_LOOP('',(#6756,#6791,#6819,#6847));
#6756 = ORIENTED_EDGE('',*,*,#6757,.F.);
#6757 = EDGE_CURVE('',#6758,#6760,#6762,.T.);
#6758 = VERTEX_POINT('',#6759);
#6759 = CARTESIAN_POINT('',(-2.,-7.,-1.5));
#6760 = VERTEX_POINT('',#6761);
#6761 = CARTESIAN_POINT('',(-2.,-7.,1.5));
#6762 = SURFACE_CURVE('',#6763,(#6767,#6779),.PCURVE_S1.);
#6763 = LINE('',#6764,#6765);
#6764 = CARTESIAN_POINT('',(-2.,-7.,-1.5));
#6765 = VECTOR('',#6766,1.);
#6766 = DIRECTION('',(0.,0.,1.));
#6767 = PCURVE('',#6768,#6773);
#6768 = PLANE('',#6769);
#6769 = AXIS2_PLACEMENT_3D('',#6770,#6771,#6772);
#6770 = CARTESIAN_POINT('',(-2.,-7.,-1.5));
#6771 = DIRECTION('',(1.,0.,-0.));
#6772 = DIRECTION('',(0.,0.,1.));
#6773 = DEFINITIONAL_REPRESENTATION('',(#6774),#6778);
#6774 = LINE('',#6775,#6776);
#6775 = CARTESIAN_POINT('',(0.,0.));
#6776 = VECTOR('',#6777,1.);
#6777 = DIRECTION('',(1.,0.));
#6778 = ( GEOMETRIC_REPRESENTATION_CONTEXT(2) 
PARAMETRIC_REPRESENTATION_CONTEXT() REPRESENTATION_CONTEXT('2D SPACE',''
  ) );
#6779 = PCURVE('',#6780,#6785);
#6780 = PLANE('',#6781);
#6781 = AXIS2_PLACEMENT_3D('',#6782,#6783,#6784);
#6782 = CARTESIAN_POINT('',(-2.,-7.,-1.5));
#6783 = DIRECTION('',(-0.,1.,0.));
#6784 = DIRECTION('',(0.,0.,1.));
#6785 = DEFINITIONAL_REPRESENTATION('',(#6786),#6790);
#6786 = LINE('',#6787,#6788);
#6787 = CARTESIAN_POINT('',(0.,0.));
#6788 = VECTOR('',#6789,1.);
#6789 = DIRECTION('',(1.,0.));
#6790 = ( GEOMETRIC_REPRESENTATION_CONTEXT(2) 
PARAMETRIC_REPRESENTATION_CONTEXT() REPRESENTATION_CONTEXT('2D SPACE',''
  ) );
#6791 = ORIENTED_EDGE('',*,*,#6792,.T.);
#6792 = EDGE_CURVE('',#6758,#6793,#6795,.T.);
#6793 = VERTEX_POINT('',#6794);
#6794 = CARTESIAN_POINT('',(-2.,7.,-1.5));
#6795 = SURFACE_CURVE('',#6796,(#6800,#6807),.PCURVE_S1.);
#6796 = LINE('',#6797,#6798);
#6797 = CARTESIAN_POINT('',(-2.,-7.,-1.5));
#6798 = VECTOR('',#6799,1.);
#6799 = DIRECTION('',(-0.,1.,0.));
#6800 = PCURVE('',#6768,#6801);
#6801 = DEFINITIONAL_REPRESENTATION('',(#6802),#6806);
#6802 = LINE('',#6803,#6804);
#6803 = CARTESIAN_POINT('',(0.,0.));
#6804 = VECTOR('',#6805,1.);
#6805 = DIRECTION('',(0.,-1.));
#6806 = ( GEOMETRIC_REPRESENTATION_CONTEXT(2) 
PARAMETRIC_REPRESENTATION_CONTEXT() REPRESENTATION_CONTEXT('2D SPACE',''
  ) );
#6807 = PCURVE('',#6808,#6813);
#6808 = PLANE('',#6809);
#6809 = AXIS2_PLACEMENT_3D('',#6810,#6811,#6812);
#6810 = CARTESIAN_POINT('',(-2.,-7.,-1.5));
#6811 = DIRECTION('',(0.,0.,1.));
#6812 = DIRECTION('',(1.,0.,-0.));
#6813 = DEFINITIONAL_REPRESENTATION('',(#6814),#6818);
#6814 = LINE('',#6815,#6816);
#6815 = CARTESIAN_POINT('',(0.,0.));
#6816 = VECTOR('',#6817,1.);
#6817 = DIRECTION('',(0.,1.));
#6818 = ( GEOMETRIC_REPRESENTATION_CONTEXT(2) 
PARAMETRIC_REPRESENTATION_CONTEXT() REPRESENTATION_CONTEXT('2D SPACE',''
  ) );
#6819 = ORIENTED_EDGE('',*,*,#6820,.T.);
#6820 = EDGE_CURVE('',#6793,#6821,#6823,.T.);
#6821 = VERTEX_POINT('',#6822);
#6822 = CARTESIAN_POINT('',(-2.,7.,1.5));
#6823 = SURFACE_CURVE('',#6824,(#6828,#6835),.PCURVE_S1.);
#6824 = LINE('',#6825,#6826);
#6825 = CARTESIAN_POINT('',(-2.,7.,-1.5));
#6826 = VECTOR('',#6827,1.);
#6827 = DIRECTION('',(0.,0.,1.));
#6828 = PCURVE('',#6768,#6829);
#6829 = DEFINITIONAL_REPRESENTATION('',(#6830),#6834);
#6830 = LINE('',#6831,#6832);
#6831 = CARTESIAN_POINT('',(0.,-14.));
#6832 = VECTOR('',#6833,1.);
#6833 = DIRECTION('',(1.,0.));
#6834 = ( GEOMETRIC_REPRESENTATION_CONTEXT(2) 
PARAMETRIC_REPRESENTATION_CONTEXT() REPRESENTATION_CONTEXT('2D SPACE',''
  ) );
#6835 = PCURVE('',#6836,#6841);
#6836 = PLANE('',#6837);
#6837 = AXIS2_PLACEMENT_3D('',#6838,#6839,#6840);
#6838 = CARTESIAN_POINT('',(-2.,7.,-1.5));
#6839 = DIRECTION('',(-0.,1.,0.));
#6840 = DIRECTION('',(0.,0.,1.));
#6841 = DEFINITIONAL_REPRESENTATION('',(#6842),#6846);
#6842 = LINE('',#6843,#6844);
#6843 = CARTESIAN_POINT('',(0.,0.));
#6844 = VECTOR('',#6845,1.);
#6845 = DIRECTION('',(1.,0.));
#6846 = ( GEOMETRIC_REPRESENTATION_CONTEXT(2) 
PARAMETRIC_REPRESENTATION_CONTEXT() REPRESENTATION_CONTEXT('2D SPACE',''
  ) );
#6847 = ORIENTED_EDGE('',*,*,#6848,.F.);
#6848 = EDGE_CURVE('',#6760,#6821,#6849,.T.);
#6849 = SURFACE_CURVE('',#6850,(#6854,#6861),.PCURVE_S1.);
#6850 = LINE('',#6851,#6852);
#6851 = CARTESIAN_POINT('',(-2.,-7.,1.5));
#6852 = VECTOR('',#6853,1.);
#6853 = DIRECTION('',(-0.,1.,0.));
#6854 = PCURVE('',#6768,#6855);
#6855 = DEFINITIONAL_REPRESENTATION('',(#6856),#6860);
#6856 = LINE('',#6857,#6858);
#6857 = CARTESIAN_POINT('',(3.,0.));
#6858 = VECTOR('',#6859,1.);
#6859 = DIRECTION('',(0.,-1.));
#6860 = ( GEOMETRIC_REPRESENTATION_CONTEXT(2) 
PARAMETRIC_REPRESENTATION_CONTEXT() REPRESENTATION_CONTEXT('2D SPACE',''
  ) );
#6861 = PCURVE('',#6862,#6867);
#6862 = PLANE('',#6863);
#6863 = AXIS2_PLACEMENT_3D('',#6864,#6865,#6866);
#6864 = CARTESIAN_POINT('',(-2.,-7.,1.5));
#6865 = DIRECTION('',(0.,0.,1.));
#6866 = DIRECTION('',(1.,0.,-0.));
#6867 = DEFINITIONAL_REPRESENTATION('',(#6868),#6872);
#6868 = LINE('',#6869,#6870);
#6869 = CARTESIAN_POINT('',(0.,0.));
#6870 = VECTOR('',#6871,1.);
#6871 = DIRECTION('',(0.,1.));
#6872 = ( GEOMETRIC_REPRESENTATION_CONTEXT(2) 
PARAMETRIC_REPRESENTATION_CONTEXT() REPRESENTATION_CONTEXT('2D SPACE',''
  ) );
#6873 = ADVANCED_FACE('',(#6874),#6888,.T.);
#6874 = FACE_BOUND('',#6875,.T.);
#6875 = EDGE_LOOP('',(#6876,#6906,#6929,#6952));
#6876 = ORIENTED_EDGE('',*,*,#6877,.F.);
#6877 = EDGE_CURVE('',#6878,#6880,#6882,.T.);
#6878 = VERTEX_POINT('',#6879);
#6879 = CARTESIAN_POINT('',(2.,-7.,-1.5));
#6880 = VERTEX_POINT('',#6881);
#6881 = CARTESIAN_POINT('',(2.,-7.,1.5));
#6882 = SURFACE_CURVE('',#6883,(#6887,#6899),.PCURVE_S1.);
#6883 = LINE('',#6884,#6885);
#6884 = CARTESIAN_POINT('',(2.,-7.,-1.5));
#6885 = VECTOR('',#6886,1.);
#6886 = DIRECTION('',(0.,0.,1.));
#6887 = PCURVE('',#6888,#6893);
#6888 = PLANE('',#6889);
#6889 = AXIS2_PLACEMENT_3D('',#6890,#6891,#6892);
#6890 = CARTESIAN_POINT('',(2.,-7.,-1.5));
#6891 = DIRECTION('',(1.,0.,-0.));
#6892 = DIRECTION('',(0.,0.,1.));
#6893 = DEFINITIONAL_REPRESENTATION('',(#6894),#6898);
#6894 = LINE('',#6895,#6896);
#6895 = CARTESIAN_POINT('',(0.,0.));
#6896 = VECTOR('',#6897,1.);
#6897 = DIRECTION('',(1.,0.));
#6898 = ( GEOMETRIC_REPRESENTATION_CONTEXT(2) 
PARAMETRIC_REPRESENTATION_CONTEXT() REPRESENTATION_CONTEXT('2D SPACE',''
  ) );
#6899 = PCURVE('',#6780,#6900);
#6900 = DEFINITIONAL_REPRESENTATION('',(#6901),#6905);
#6901 = LINE('',#6902,#6903);
#6902 = CARTESIAN_POINT('',(0.,4.));
#6903 = VECTOR('',#6904,1.);
#6904 = DIRECTION('',(1.,0.));
#6905 = ( GEOMETRIC_REPRESENTATION_CONTEXT(2) 
PARAMETRIC_REPRESENTATION_CONTEXT() REPRESENTATION_CONTEXT('2D SPACE',''
  ) );
#6906 = ORIENTED_EDGE('',*,*,#6907,.T.);
#6907 = EDGE_CURVE('',#6878,#6908,#6910,.T.);
#6908 = VERTEX_POINT('',#6909);
#6909 = CARTESIAN_POINT('',(2.,7.,-1.5));
#6910 = SURFACE_CURVE('',#6911,(#6915,#6922),.PCURVE_S1.);
#6911 = LINE('',#6912,#6913);
#6912 = CARTESIAN_POINT('',(2.,-7.,-1.5));
#6913 = VECTOR('',#6914,1.);
#6914 = DIRECTION('',(-0.,1.,0.));
#6915 = PCURVE('',#6888,#6916);
#6916 = DEFINITIONAL_REPRESENTATION('',(#6917),#6921);
#6917 = LINE('',#6918,#6919);
#6918 = CARTESIAN_POINT('',(0.,0.));
#6919 = VECTOR('',#6920,1.);
#6920 = DIRECTION('',(0.,-1.));
#6921 = ( GEOMETRIC_REPRESENTATION_CONTEXT(2) 
PARAMETRIC_REPRESENTATION_CONTEXT() REPRESENTATION_CONTEXT('2D SPACE',''
  ) );
#6922 = PCURVE('',#6808,#6923);
#6923 = DEFINITIONAL_REPRESENTATION('',(#6924),#6928);
#6924 = LINE('',#6925,#6926);
#6925 = CARTESIAN_POINT('',(4.,0.));
#6926 = VECTOR('',#6927,1.);
#6927 = DIRECTION('',(0.,1.));
#6928 = ( GEOMETRIC_REPRESENTATION_CONTEXT(2) 
PARAMETRIC_REPRESENTATION_CONTEXT() REPRESENTATION_CONTEXT('2D SPACE',''
  ) );
#6929 = ORIENTED_EDGE('',*,*,#6930,.T.);
#6930 = EDGE_CURVE('',#6908,#6931,#6933,.T.);
#6931 = VERTEX_POINT('',#6932);
#6932 = CARTESIAN_POINT('',(2.,7.,1.5));
#6933 = SURFACE_CURVE('',#6934,(#6938,#6945),.PCURVE_S1.);
#6934 = LINE('',#6935,#6936);
#6935 = CARTESIAN_POINT('',(2.,7.,-1.5));
#6936 = VECTOR('',#6937,1.);
#6937 = DIRECTION('',(0.,0.,1.));
#6938 = PCURVE('',#6888,#6939);
#6939 = DEFINITIONAL_REPRESENTATION('',(#6940),#6944);
#6940 = LINE('',#6941,#6942);
#6941 = CARTESIAN_POINT('',(0.,-14.));
#6942 = VECTOR('',#6943,1.);
#6943 = DIRECTION('',(1.,0.));
#6944 = ( GEOMETRIC_REPRESENTATION_CONTEXT(2) 
PARAMETRIC_REPRESENTATION_CONTEXT() REPRESENTATION_CONTEXT('2D SPACE',''
  ) );
#6945 = PCURVE('',#6836,#6946);
#6946 = DEFINITIONAL_REPRESENTATION('',(#6947),#6951);
#6947 = LINE('',#6948,#6949);
#6948 = CARTESIAN_POINT('',(0.,4.));
#6949 = VECTOR('',#6950,1.);
#6950 = DIRECTION('',(1.,0.));
#6951 = ( GEOMETRIC_REPRESENTATION_CONTEXT(2) 
PARAMETRIC_REPRESENTATION_CONTEXT() REPRESENTATION_CONTEXT('2D SPACE',''
  ) );
#6952 = ORIENTED_EDGE('',*,*,#6953,.F.);
#6953 = EDGE_CURVE('',#6880,#6931,#6954,.T.);
#6954 = SURFACE_CURVE('',#6955,(#6959,#6966),.PCURVE_S1.);
#6955 = LINE('',#6956,#6957);
#6956 = CARTESIAN_POINT('',(2.,-7.,1.5));
#6957 = VECTOR('',#6958,1.);
#6958 = DIRECTION('',(-0.,1.,0.));
#6959 = PCURVE('',#6888,#6960);
#6960 = DEFINITIONAL_REPRESENTATION('',(#6961),#6965);
#6961 = LINE('',#6962,#6963);
#6962 = CARTESIAN_POINT('',(3.,0.));
#6963 = VECTOR('',#6964,1.);
#6964 = DIRECTION('',(0.,-1.));
#6965 = ( GEOMETRIC_REPRESENTATION_CONTEXT(2) 
PARAMETRIC_REPRESENTATION_CONTEXT() REPRESENTATION_CONTEXT('2D SPACE',''
  ) );
#6966 = PCURVE('',#6862,#6967);
#6967 = DEFINITIONAL_REPRESENTATION('',(#6968),#6972);
#6968 = LINE('',#6969,#6970);
#6969 = CARTESIAN_POINT('',(4.,0.));
#6970 = VECTOR('',#6971,1.);
#6971 = DIRECTION('',(0.,1.));
#6972 = ( GEOMETRIC_REPRESENTATION_CONTEXT(2) 
PARAMETRIC_REPRESENTATION_CONTEXT() REPRESENTATION_CONTEXT('2D SPACE',''
  ) );
#6973 = ADVANCED_FACE('',(#6974),#6780,.F.);
#6974 = FACE_BOUND('',#6975,.F.);
#6975 = EDGE_LOOP('',(#6976,#6997,#6998,#7019));
#6976 = ORIENTED_EDGE('',*,*,#6977,.F.);
#6977 = EDGE_CURVE('',#6758,#6878,#6978,.T.);
#6978 = SURFACE_CURVE('',#6979,(#6983,#6990),.PCURVE_S1.);
#6979 = LINE('',#6980,#6981);
#6980 = CARTESIAN_POINT('',(-2.,-7.,-1.5));
#6981 = VECTOR('',#6982,1.);
#6982 = DIRECTION('',(1.,0.,-0.));
#6983 = PCURVE('',#6780,#6984);
#6984 = DEFINITIONAL_REPRESENTATION('',(#6985),#6989);
#6985 = LINE('',#6986,#6987);
#6986 = CARTESIAN_POINT('',(0.,0.));
#6987 = VECTOR('',#6988,1.);
#6988 = DIRECTION('',(0.,1.));
#6989 = ( GEOMETRIC_REPRESENTATION_CONTEXT(2) 
PARAMETRIC_REPRESENTATION_CONTEXT() REPRESENTATION_CONTEXT('2D SPACE',''
  ) );
#6990 = PCURVE('',#6808,#6991);
#6991 = DEFINITIONAL_REPRESENTATION('',(#6992),#6996);
#6992 = LINE('',#6993,#6994);
#6993 = CARTESIAN_POINT('',(0.,0.));
#6994 = VECTOR('',#6995,1.);
#6995 = DIRECTION('',(1.,0.));
#6996 = ( GEOMETRIC_REPRESENTATION_CONTEXT(2) 
PARAMETRIC_REPRESENTATION_CONTEXT() REPRESENTATION_CONTEXT('2D SPACE',''
  ) );
#6997 = ORIENTED_EDGE('',*,*,#6757,.T.);
#6998 = ORIENTED_EDGE('',*,*,#6999,.T.);
#6999 = EDGE_CURVE('',#6760,#6880,#7000,.T.);
#7000 = SURFACE_CURVE('',#7001,(#7005,#7012),.PCURVE_S1.);
#7001 = LINE('',#7002,#7003);
#7002 = CARTESIAN_POINT('',(-2.,-7.,1.5));
#7003 = VECTOR('',#7004,1.);
#7004 = DIRECTION('',(1.,0.,-0.));
#7005 = PCURVE('',#6780,#7006);
#7006 = DEFINITIONAL_REPRESENTATION('',(#7007),#7011);
#7007 = LINE('',#7008,#7009);
#7008 = CARTESIAN_POINT('',(3.,0.));
#7009 = VECTOR('',#7010,1.);
#7010 = DIRECTION('',(0.,1.));
#7011 = ( GEOMETRIC_REPRESENTATION_CONTEXT(2) 
PARAMETRIC_REPRESENTATION_CONTEXT() REPRESENTATION_CONTEXT('2D SPACE',''
  ) );
#7012 = PCURVE('',#6862,#7013);
#7013 = DEFINITIONAL_REPRESENTATION('',(#7014),#7018);
#7014 = LINE('',#7015,#7016);
#7015 = CARTESIAN_POINT('',(0.,0.));
#7016 = VECTOR('',#7017,1.);
#7017 = DIRECTION('',(1.,0.));
#7018 = ( GEOMETRIC_REPRESENTATION_CONTEXT(2) 
PARAMETRIC_REPRESENTATION_CONTEXT() REPRESENTATION_CONTEXT('2D SPACE',''
  ) );
#7019 = ORIENTED_EDGE('',*,*,#6877,.F.);
#7020 = ADVANCED_FACE('',(#7021),#6836,.T.);
#7021 = FACE_BOUND('',#7022,.T.);
#7022 = EDGE_LOOP('',(#7023,#7044,#7045,#7066));
#7023 = ORIENTED_EDGE('',*,*,#7024,.F.);
#7024 = EDGE_CURVE('',#6793,#6908,#7025,.T.);
#7025 = SURFACE_CURVE('',#7026,(#7030,#7037),.PCURVE_S1.);
#7026 = LINE('',#7027,#7028);
#7027 = CARTESIAN_POINT('',(-2.,7.,-1.5));
#7028 = VECTOR('',#7029,1.);
#7029 = DIRECTION('',(1.,0.,-0.));
#7030 = PCURVE('',#6836,#7031);
#7031 = DEFINITIONAL_REPRESENTATION('',(#7032),#7036);
#7032 = LINE('',#7033,#7034);
#7033 = CARTESIAN_POINT('',(0.,0.));
#7034 = VECTOR('',#7035,1.);
#7035 = DIRECTION('',(0.,1.));
#7036 = ( GEOMETRIC_REPRESENTATION_CONTEXT(2) 
PARAMETRIC_REPRESENTATION_CONTEXT() REPRESENTATION_CONTEXT('2D SPACE',''
  ) );
#7037 = PCURVE('',#6808,#7038);
#7038 = DEFINITIONAL_REPRESENTATION('',(#7039),#7043);
#7039 = LINE('',#7040,#7041);
#7040 = CARTESIAN_POINT('',(0.,14.));
#7041 = VECTOR('',#7042,1.);
#7042 = DIRECTION('',(1.,0.));
#7043 = ( GEOMETRIC_REPRESENTATION_CONTEXT(2) 
PARAMETRIC_REPRESENTATION_CONTEXT() REPRESENTATION_CONTEXT('2D SPACE',''
  ) );
#7044 = ORIENTED_EDGE('',*,*,#6820,.T.);
#7045 = ORIENTED_EDGE('',*,*,#7046,.T.);
#7046 = EDGE_CURVE('',#6821,#6931,#7047,.T.);
#7047 = SURFACE_CURVE('',#7048,(#7052,#7059),.PCURVE_S1.);
#7048 = LINE('',#7049,#7050);
#7049 = CARTESIAN_POINT('',(-2.,7.,1.5));
#7050 = VECTOR('',#7051,1.);
#7051 = DIRECTION('',(1.,0.,-0.));
#7052 = PCURVE('',#6836,#7053);
#7053 = DEFINITIONAL_REPRESENTATION('',(#7054),#7058);
#7054 = LINE('',#7055,#7056);
#7055 = CARTESIAN_POINT('',(3.,0.));
#7056 = VECTOR('',#7057,1.);
#7057 = DIRECTION('',(0.,1.));
#7058 = ( GEOMETRIC_REPRESENTATION_CONTEXT(2) 
PARAMETRIC_REPRESENTATION_CONTEXT() REPRESENTATION_CONTEXT('2D SPACE',''
  ) );
#7059 = PCURVE('',#6862,#7060);
#7060 = DEFINITIONAL_REPRESENTATION('',(#7061),#7065);
#7061 = LINE('',#7062,#7063);
#7062 = CARTESIAN_POINT('',(0.,14.));
#7063 = VECTOR('',#7064,1.);
#7064 = DIRECTION('',(1.,0.));
#7065 = ( GEOMETRIC_REPRESENTATION_CONTEXT(2) 
PARAMETRIC_REPRESENTATION_CONTEXT() REPRESENTATION_CONTEXT('2D SPACE',''
  ) );
#7066 = ORIENTED_EDGE('',*,*,#6930,.F.);
#7067 = ADVANCED_FACE('',(#7068),#6808,.F.);
#7068 = FACE_BOUND('',#7069,.F.);
#7069 = EDGE_LOOP('',(#7070,#7071,#7072,#7073));
#7070 = ORIENTED_EDGE('',*,*,#6792,.F.);
#7071 = ORIENTED_EDGE('',*,*,#6977,.T.);
#7072 = ORIENTED_EDGE('',*,*,#6907,.T.);
#7073 = ORIENTED_EDGE('',*,*,#7024,.F.);
#7074 = ADVANCED_FACE('',(#7075),#6862,.T.);
#7075 = FACE_BOUND('',#7076,.T.);
#7076 = EDGE_LOOP('',(#7077,#7078,#7079,#7080));
#7077 = ORIENTED_EDGE('',*,*,#6848,.F.);
#7078 = ORIENTED_EDGE('',*,*,#6999,.T.);
#7079 = ORIENTED_EDGE('',*,*,#6953,.T.);
#7080 = ORIENTED_EDGE('',*,*,#7046,.F.);
#7081 = ( GEOMETRIC_REPRESENTATION_CONTEXT(3) 
GLOBAL_UNCERTAINTY_ASSIGNED_CONTEXT((#7085)) 
GLOBAL_UNIT_ASSIGNED_CONTEXT((#7082,#7083,#7084)) REPRESENTATION_CONTEXT
('Context #1','3D Context with UNIT and UNCERTAINTY') );
#7082 = ( LENGTH_UNIT() NAMED_UNIT(*) SI_UNIT(.MILLI.,.METRE.) );
#7083 = ( NAMED_UNIT(*) PLANE_ANGLE_UNIT() SI_UNIT($,.RADIAN.) );
#7084 = ( NAMED_UNIT(*) SI_UNIT($,.STERADIAN.) SOLID_ANGLE_UNIT() );
#7085 = UNCERTAINTY_MEASURE_WITH_UNIT(LENGTH_MEASURE(1.E-07),#7082,
  'distance_accuracy_value','confusion accuracy');
#7086 = CONTEXT_DEPENDENT_SHAPE_REPRESENTATION(#7087,#7089);
#7087 = ( REPRESENTATION_RELATIONSHIP('','',#6750,#10) 
REPRESENTATION_RELATIONSHIP_WITH_TRANSFORMATION(#7088) 
SHAPE_REPRESENTATION_RELATIONSHIP() );
#7088 = ITEM_DEFINED_TRANSFORMATION('','',#11,#43);
#7089 = PRODUCT_DEFINITION_SHAPE('Placement','Placement of an item',
  #7090);
#7090 = NEXT_ASSEMBLY_USAGE_OCCURRENCE('8','=>[0:1:1:9]','',#5,#6745,$);
#7091 = PRODUCT_RELATED_PRODUCT_CATEGORY('part',$,(#6747));
#7092 = SHAPE_DEFINITION_REPRESENTATION(#7093,#7099);
#7093 = PRODUCT_DEFINITION_SHAPE('','',#7094);
#7094 = PRODUCT_DEFINITION('design','',#7095,#7098);
#7095 = PRODUCT_DEFINITION_FORMATION('','',#7096);
#7096 = PRODUCT('COMPOUND','COMPOUND','',(#7097));
#7097 = PRODUCT_CONTEXT('',#2,'mechanical');
#7098 = PRODUCT_DEFINITION_CONTEXT('part definition',#2,'design');
#7099 = ADVANCED_BREP_SHAPE_REPRESENTATION('',(#11,#7100),#7198);
#7100 = MANIFOLD_SOLID_BREP('',#7101);
#7101 = CLOSED_SHELL('',(#7102,#7190,#7194));
#7102 = ADVANCED_FACE('',(#7103),#7116,.T.);
#7103 = FACE_BOUND('',#7104,.T.);
#7104 = EDGE_LOOP('',(#7105,#7139,#7162,#7189));
#7105 = ORIENTED_EDGE('',*,*,#7106,.F.);
#7106 = EDGE_CURVE('',#7107,#7107,#7109,.T.);
#7107 = VERTEX_POINT('',#7108);
#7108 = CARTESIAN_POINT('',(4.7,-1.151167991199E-15,1.75));
#7109 = SURFACE_CURVE('',#7110,(#7115,#7127),.PCURVE_S1.);
#7110 = CIRCLE('',#7111,4.7);
#7111 = AXIS2_PLACEMENT_3D('',#7112,#7113,#7114);
#7112 = CARTESIAN_POINT('',(0.,0.,1.75));
#7113 = DIRECTION('',(0.,0.,1.));
#7114 = DIRECTION('',(1.,0.,-0.));
#7115 = PCURVE('',#7116,#7121);
#7116 = CYLINDRICAL_SURFACE('',#7117,4.7);
#7117 = AXIS2_PLACEMENT_3D('',#7118,#7119,#7120);
#7118 = CARTESIAN_POINT('',(0.,0.,-1.75));
#7119 = DIRECTION('',(0.,0.,1.));
#7120 = DIRECTION('',(1.,0.,-0.));
#7121 = DEFINITIONAL_REPRESENTATION('',(#7122),#7126);
#7122 = LINE('',#7123,#7124);
#7123 = CARTESIAN_POINT('',(0.,3.5));
#7124 = VECTOR('',#7125,1.);
#7125 = DIRECTION('',(1.,0.));
#7126 = ( GEOMETRIC_REPRESENTATION_CONTEXT(2) 
PARAMETRIC_REPRESENTATION_CONTEXT() REPRESENTATION_CONTEXT('2D SPACE',''
  ) );
#7127 = PCURVE('',#7128,#7133);
#7128 = PLANE('',#7129);
#7129 = AXIS2_PLACEMENT_3D('',#7130,#7131,#7132);
#7130 = CARTESIAN_POINT('',(0.,0.,1.75));
#7131 = DIRECTION('',(0.,0.,1.));
#7132 = DIRECTION('',(1.,0.,-0.));
#7133 = DEFINITIONAL_REPRESENTATION('',(#7134),#7138);
#7134 = CIRCLE('',#7135,4.7);
#7135 = AXIS2_PLACEMENT_2D('',#7136,#7137);
#7136 = CARTESIAN_POINT('',(0.,0.));
#7137 = DIRECTION('',(1.,0.));
#7138 = ( GEOMETRIC_REPRESENTATION_CONTEXT(2) 
PARAMETRIC_REPRESENTATION_CONTEXT() REPRESENTATION_CONTEXT('2D SPACE',''
  ) );
#7139 = ORIENTED_EDGE('',*,*,#7140,.F.);
#7140 = EDGE_CURVE('',#7141,#7107,#7143,.T.);
#7141 = VERTEX_POINT('',#7142);
#7142 = CARTESIAN_POINT('',(4.7,-1.151167991199E-15,-1.75));
#7143 = SEAM_CURVE('',#7144,(#7148,#7155),.PCURVE_S1.);
#7144 = LINE('',#7145,#7146);
#7145 = CARTESIAN_POINT('',(4.7,-1.151167991199E-15,-1.75));
#7146 = VECTOR('',#7147,1.);
#7147 = DIRECTION('',(0.,0.,1.));
#7148 = PCURVE('',#7116,#7149);
#7149 = DEFINITIONAL_REPRESENTATION('',(#7150),#7154);
#7150 = LINE('',#7151,#7152);
#7151 = CARTESIAN_POINT('',(6.28318530718,-0.));
#7152 = VECTOR('',#7153,1.);
#7153 = DIRECTION('',(0.,1.));
#7154 = ( GEOMETRIC_REPRESENTATION_CONTEXT(2) 
PARAMETRIC_REPRESENTATION_CONTEXT() REPRESENTATION_CONTEXT('2D SPACE',''
  ) );
#7155 = PCURVE('',#7116,#7156);
#7156 = DEFINITIONAL_REPRESENTATION('',(#7157),#7161);
#7157 = LINE('',#7158,#7159);
#7158 = CARTESIAN_POINT('',(0.,-0.));
#7159 = VECTOR('',#7160,1.);
#7160 = DIRECTION('',(0.,1.));
#7161 = ( GEOMETRIC_REPRESENTATION_CONTEXT(2) 
PARAMETRIC_REPRESENTATION_CONTEXT() REPRESENTATION_CONTEXT('2D SPACE',''
  ) );
#7162 = ORIENTED_EDGE('',*,*,#7163,.T.);
#7163 = EDGE_CURVE('',#7141,#7141,#7164,.T.);
#7164 = SURFACE_CURVE('',#7165,(#7170,#7177),.PCURVE_S1.);
#7165 = CIRCLE('',#7166,4.7);
#7166 = AXIS2_PLACEMENT_3D('',#7167,#7168,#7169);
#7167 = CARTESIAN_POINT('',(0.,0.,-1.75));
#7168 = DIRECTION('',(0.,0.,1.));
#7169 = DIRECTION('',(1.,0.,-0.));
#7170 = PCURVE('',#7116,#7171);
#7171 = DEFINITIONAL_REPRESENTATION('',(#7172),#7176);
#7172 = LINE('',#7173,#7174);
#7173 = CARTESIAN_POINT('',(0.,0.));
#7174 = VECTOR('',#7175,1.);
#7175 = DIRECTION('',(1.,0.));
#7176 = ( GEOMETRIC_REPRESENTATION_CONTEXT(2) 
PARAMETRIC_REPRESENTATION_CONTEXT() REPRESENTATION_CONTEXT('2D SPACE',''
  ) );
#7177 = PCURVE('',#7178,#7183);
#7178 = PLANE('',#7179);
#7179 = AXIS2_PLACEMENT_3D('',#7180,#7181,#7182);
#7180 = CARTESIAN_POINT('',(0.,0.,-1.75));
#7181 = DIRECTION('',(0.,0.,1.));
#7182 = DIRECTION('',(1.,0.,-0.));
#7183 = DEFINITIONAL_REPRESENTATION('',(#7184),#7188);
#7184 = CIRCLE('',#7185,4.7);
#7185 = AXIS2_PLACEMENT_2D('',#7186,#7187);
#7186 = CARTESIAN_POINT('',(0.,0.));
#7187 = DIRECTION('',(1.,0.));
#7188 = ( GEOMETRIC_REPRESENTATION_CONTEXT(2) 
PARAMETRIC_REPRESENTATION_CONTEXT() REPRESENTATION_CONTEXT('2D SPACE',''
  ) );
#7189 = ORIENTED_EDGE('',*,*,#7140,.T.);
#7190 = ADVANCED_FACE('',(#7191),#7128,.T.);
#7191 = FACE_BOUND('',#7192,.T.);
#7192 = EDGE_LOOP('',(#7193));
#7193 = ORIENTED_EDGE('',*,*,#7106,.T.);
#7194 = ADVANCED_FACE('',(#7195),#7178,.F.);
#7195 = FACE_BOUND('',#7196,.T.);
#7196 = EDGE_LOOP('',(#7197));
#7197 = ORIENTED_EDGE('',*,*,#7163,.F.);
#7198 = ( GEOMETRIC_REPRESENTATION_CONTEXT(3) 
GLOBAL_UNCERTAINTY_ASSIGNED_CONTEXT((#7202)) 
GLOBAL_UNIT_ASSIGNED_CONTEXT((#7199,#7200,#7201)) REPRESENTATION_CONTEXT
('Context #1','3D Context with UNIT and UNCERTAINTY') );
#7199 = ( LENGTH_UNIT() NAMED_UNIT(*) SI_UNIT(.MILLI.,.METRE.) );
#7200 = ( NAMED_UNIT(*) PLANE_ANGLE_UNIT() SI_UNIT($,.RADIAN.) );
#7201 = ( NAMED_UNIT(*) SI_UNIT($,.STERADIAN.) SOLID_ANGLE_UNIT() );
#7202 = UNCERTAINTY_MEASURE_WITH_UNIT(LENGTH_MEASURE(1.E-07),#7199,
  'distance_accuracy_value','confusion accuracy');
#7203 = CONTEXT_DEPENDENT_SHAPE_REPRESENTATION(#7204,#7206);
#7204 = ( REPRESENTATION_RELATIONSHIP('','',#7099,#10) 
REPRESENTATION_RELATIONSHIP_WITH_TRANSFORMATION(#7205) 
SHAPE_REPRESENTATION_RELATIONSHIP() );
#7205 = ITEM_DEFINED_TRANSFORMATION('','',#11,#47);
#7206 = PRODUCT_DEFINITION_SHAPE('Placement','Placement of an item',
  #7207);
#7207 = NEXT_ASSEMBLY_USAGE_OCCURRENCE('9','=>[0:1:1:10]','',#5,#7094,$
  );
#7208 = PRODUCT_RELATED_PRODUCT_CATEGORY('part',$,(#7096));
#7209 = SHAPE_DEFINITION_REPRESENTATION(#7210,#7216);
#7210 = PRODUCT_DEFINITION_SHAPE('','',#7211);
#7211 = PRODUCT_DEFINITION('design','',#7212,#7215);
#7212 = PRODUCT_DEFINITION_FORMATION('','',#7213);
#7213 = PRODUCT('COMPOUND','COMPOUND','',(#7214));
#7214 = PRODUCT_CONTEXT('',#2,'mechanical');
#7215 = PRODUCT_DEFINITION_CONTEXT('part definition',#2,'design');
#7216 = ADVANCED_BREP_SHAPE_REPRESENTATION('',(#11,#7217),#8607);
#7217 = MANIFOLD_SOLID_BREP('',#7218);
#7218 = CLOSED_SHELL('',(#7219,#7649,#7725,#7775,#7829,#7878,#7927,#7981
    ,#8031,#8058,#8113,#8168,#8218,#8273,#8323,#8378,#8499,#8526,#8553,
    #8580));
#7219 = ADVANCED_FACE('',(#7220,#7463,#7494,#7525,#7556,#7587,#7618),
  #7234,.F.);
#7220 = FACE_BOUND('',#7221,.F.);
#7221 = EDGE_LOOP('',(#7222,#7257,#7286,#7314,#7347,#7375,#7404,#7432));
#7222 = ORIENTED_EDGE('',*,*,#7223,.F.);
#7223 = EDGE_CURVE('',#7224,#7226,#7228,.T.);
#7224 = VERTEX_POINT('',#7225);
#7225 = CARTESIAN_POINT('',(-18.5,-18.5,20.3));
#7226 = VERTEX_POINT('',#7227);
#7227 = CARTESIAN_POINT('',(-18.5,-18.5,52.3));
#7228 = SURFACE_CURVE('',#7229,(#7233,#7245),.PCURVE_S1.);
#7229 = LINE('',#7230,#7231);
#7230 = CARTESIAN_POINT('',(-18.5,-18.5,15.3));
#7231 = VECTOR('',#7232,1.);
#7232 = DIRECTION('',(0.,0.,1.));
#7233 = PCURVE('',#7234,#7239);
#7234 = PLANE('',#7235);
#7235 = AXIS2_PLACEMENT_3D('',#7236,#7237,#7238);
#7236 = CARTESIAN_POINT('',(-18.5,-18.5,15.3));
#7237 = DIRECTION('',(1.,0.,-0.));
#7238 = DIRECTION('',(0.,0.,1.));
#7239 = DEFINITIONAL_REPRESENTATION('',(#7240),#7244);
#7240 = LINE('',#7241,#7242);
#7241 = CARTESIAN_POINT('',(0.,0.));
#7242 = VECTOR('',#7243,1.);
#7243 = DIRECTION('',(1.,0.));
#7244 = ( GEOMETRIC_REPRESENTATION_CONTEXT(2) 
PARAMETRIC_REPRESENTATION_CONTEXT() REPRESENTATION_CONTEXT('2D SPACE',''
  ) );
#7245 = PCURVE('',#7246,#7251);
#7246 = PLANE('',#7247);
#7247 = AXIS2_PLACEMENT_3D('',#7248,#7249,#7250);
#7248 = CARTESIAN_POINT('',(-18.5,-18.5,15.3));
#7249 = DIRECTION('',(-0.,1.,0.));
#7250 = DIRECTION('',(0.,0.,1.));
#7251 = DEFINITIONAL_REPRESENTATION('',(#7252),#7256);
#7252 = LINE('',#7253,#7254);
#7253 = CARTESIAN_POINT('',(0.,0.));
#7254 = VECTOR('',#7255,1.);
#7255 = DIRECTION('',(1.,0.));
#7256 = ( GEOMETRIC_REPRESENTATION_CONTEXT(2) 
PARAMETRIC_REPRESENTATION_CONTEXT() REPRESENTATION_CONTEXT('2D SPACE',''
  ) );
#7257 = ORIENTED_EDGE('',*,*,#7258,.T.);
#7258 = EDGE_CURVE('',#7224,#7259,#7261,.T.);
#7259 = VERTEX_POINT('',#7260);
#7260 = CARTESIAN_POINT('',(-18.5,-13.5,15.3));
#7261 = SURFACE_CURVE('',#7262,(#7267,#7274),.PCURVE_S1.);
#7262 = CIRCLE('',#7263,5.);
#7263 = AXIS2_PLACEMENT_3D('',#7264,#7265,#7266);
#7264 = CARTESIAN_POINT('',(-18.5,-13.5,20.3));
#7265 = DIRECTION('',(1.,0.,-0.));
#7266 = DIRECTION('',(0.,0.,1.));
#7267 = PCURVE('',#7234,#7268);
#7268 = DEFINITIONAL_REPRESENTATION('',(#7269),#7273);
#7269 = CIRCLE('',#7270,5.);
#7270 = AXIS2_PLACEMENT_2D('',#7271,#7272);
#7271 = CARTESIAN_POINT('',(5.,-5.));
#7272 = DIRECTION('',(1.,0.));
#7273 = ( GEOMETRIC_REPRESENTATION_CONTEXT(2) 
PARAMETRIC_REPRESENTATION_CONTEXT() REPRESENTATION_CONTEXT('2D SPACE',''
  ) );
#7274 = PCURVE('',#7275,#7280);
#7275 = CYLINDRICAL_SURFACE('',#7276,5.);
#7276 = AXIS2_PLACEMENT_3D('',#7277,#7278,#7279);
#7277 = CARTESIAN_POINT('',(-18.5,-13.5,20.3));
#7278 = DIRECTION('',(1.,0.,-0.));
#7279 = DIRECTION('',(0.,-1.,0.));
#7280 = DEFINITIONAL_REPRESENTATION('',(#7281),#7285);
#7281 = LINE('',#7282,#7283);
#7282 = CARTESIAN_POINT('',(-1.570796326795,0.));
#7283 = VECTOR('',#7284,1.);
#7284 = DIRECTION('',(1.,0.));
#7285 = ( GEOMETRIC_REPRESENTATION_CONTEXT(2) 
PARAMETRIC_REPRESENTATION_CONTEXT() REPRESENTATION_CONTEXT('2D SPACE',''
  ) );
#7286 = ORIENTED_EDGE('',*,*,#7287,.T.);
#7287 = EDGE_CURVE('',#7259,#7288,#7290,.T.);
#7288 = VERTEX_POINT('',#7289);
#7289 = CARTESIAN_POINT('',(-18.5,13.5,15.3));
#7290 = SURFACE_CURVE('',#7291,(#7295,#7302),.PCURVE_S1.);
#7291 = LINE('',#7292,#7293);
#7292 = CARTESIAN_POINT('',(-18.5,-18.5,15.3));
#7293 = VECTOR('',#7294,1.);
#7294 = DIRECTION('',(-0.,1.,0.));
#7295 = PCURVE('',#7234,#7296);
#7296 = DEFINITIONAL_REPRESENTATION('',(#7297),#7301);
#7297 = LINE('',#7298,#7299);
#7298 = CARTESIAN_POINT('',(0.,0.));
#7299 = VECTOR('',#7300,1.);
#7300 = DIRECTION('',(0.,-1.));
#7301 = ( GEOMETRIC_REPRESENTATION_CONTEXT(2) 
PARAMETRIC_REPRESENTATION_CONTEXT() REPRESENTATION_CONTEXT('2D SPACE',''
  ) );
#7302 = PCURVE('',#7303,#7308);
#7303 = PLANE('',#7304);
#7304 = AXIS2_PLACEMENT_3D('',#7305,#7306,#7307);
#7305 = CARTESIAN_POINT('',(-18.5,-18.5,15.3));
#7306 = DIRECTION('',(0.,0.,1.));
#7307 = DIRECTION('',(1.,0.,-0.));
#7308 = DEFINITIONAL_REPRESENTATION('',(#7309),#7313);
#7309 = LINE('',#7310,#7311);
#7310 = CARTESIAN_POINT('',(0.,0.));
#7311 = VECTOR('',#7312,1.);
#7312 = DIRECTION('',(0.,1.));
#7313 = ( GEOMETRIC_REPRESENTATION_CONTEXT(2) 
PARAMETRIC_REPRESENTATION_CONTEXT() REPRESENTATION_CONTEXT('2D SPACE',''
  ) );
#7314 = ORIENTED_EDGE('',*,*,#7315,.F.);
#7315 = EDGE_CURVE('',#7316,#7288,#7318,.T.);
#7316 = VERTEX_POINT('',#7317);
#7317 = CARTESIAN_POINT('',(-18.5,18.5,20.3));
#7318 = SURFACE_CURVE('',#7319,(#7324,#7335),.PCURVE_S1.);
#7319 = CIRCLE('',#7320,5.);
#7320 = AXIS2_PLACEMENT_3D('',#7321,#7322,#7323);
#7321 = CARTESIAN_POINT('',(-18.5,13.5,20.3));
#7322 = DIRECTION('',(-1.,-0.,0.));
#7323 = DIRECTION('',(0.,0.,1.));
#7324 = PCURVE('',#7234,#7325);
#7325 = DEFINITIONAL_REPRESENTATION('',(#7326),#7334);
#7326 = ( BOUNDED_CURVE() B_SPLINE_CURVE(2,(#7327,#7328,#7329,#7330,
#7331,#7332,#7333),.UNSPECIFIED.,.T.,.F.) B_SPLINE_CURVE_WITH_KNOTS((1,2
    ,2,2,2,1),(-2.094395102393,0.,2.094395102393,4.188790204786,
6.28318530718,8.377580409573),.UNSPECIFIED.) CURVE() 
GEOMETRIC_REPRESENTATION_ITEM() RATIONAL_B_SPLINE_CURVE((1.,0.5,1.,0.5,
1.,0.5,1.)) REPRESENTATION_ITEM('') );
#7327 = CARTESIAN_POINT('',(10.,-32.));
#7328 = CARTESIAN_POINT('',(10.,-40.66025403784));
#7329 = CARTESIAN_POINT('',(2.5,-36.33012701892));
#7330 = CARTESIAN_POINT('',(-5.,-32.));
#7331 = CARTESIAN_POINT('',(2.5,-27.66987298107));
#7332 = CARTESIAN_POINT('',(10.,-23.33974596215));
#7333 = CARTESIAN_POINT('',(10.,-32.));
#7334 = ( GEOMETRIC_REPRESENTATION_CONTEXT(2) 
PARAMETRIC_REPRESENTATION_CONTEXT() REPRESENTATION_CONTEXT('2D SPACE',''
  ) );
#7335 = PCURVE('',#7336,#7341);
#7336 = CYLINDRICAL_SURFACE('',#7337,5.);
#7337 = AXIS2_PLACEMENT_3D('',#7338,#7339,#7340);
#7338 = CARTESIAN_POINT('',(-18.5,13.5,20.3));
#7339 = DIRECTION('',(1.,0.,-0.));
#7340 = DIRECTION('',(0.,1.,0.));
#7341 = DEFINITIONAL_REPRESENTATION('',(#7342),#7346);
#7342 = LINE('',#7343,#7344);
#7343 = CARTESIAN_POINT('',(1.570796326795,-0.));
#7344 = VECTOR('',#7345,1.);
#7345 = DIRECTION('',(-1.,0.));
#7346 = ( GEOMETRIC_REPRESENTATION_CONTEXT(2) 
PARAMETRIC_REPRESENTATION_CONTEXT() REPRESENTATION_CONTEXT('2D SPACE',''
  ) );
#7347 = ORIENTED_EDGE('',*,*,#7348,.T.);
#7348 = EDGE_CURVE('',#7316,#7349,#7351,.T.);
#7349 = VERTEX_POINT('',#7350);
#7350 = CARTESIAN_POINT('',(-18.5,18.5,52.3));
#7351 = SURFACE_CURVE('',#7352,(#7356,#7363),.PCURVE_S1.);
#7352 = LINE('',#7353,#7354);
#7353 = CARTESIAN_POINT('',(-18.5,18.5,15.3));
#7354 = VECTOR('',#7355,1.);
#7355 = DIRECTION('',(0.,0.,1.));
#7356 = PCURVE('',#7234,#7357);
#7357 = DEFINITIONAL_REPRESENTATION('',(#7358),#7362);
#7358 = LINE('',#7359,#7360);
#7359 = CARTESIAN_POINT('',(0.,-37.));
#7360 = VECTOR('',#7361,1.);
#7361 = DIRECTION('',(1.,0.));
#7362 = ( GEOMETRIC_REPRESENTATION_CONTEXT(2) 
PARAMETRIC_REPRESENTATION_CONTEXT() REPRESENTATION_CONTEXT('2D SPACE',''
  ) );
#7363 = PCURVE('',#7364,#7369);
#7364 = PLANE('',#7365);
#7365 = AXIS2_PLACEMENT_3D('',#7366,#7367,#7368);
#7366 = CARTESIAN_POINT('',(-18.5,18.5,15.3));
#7367 = DIRECTION('',(-0.,1.,0.));
#7368 = DIRECTION('',(0.,0.,1.));
#7369 = DEFINITIONAL_REPRESENTATION('',(#7370),#7374);
#7370 = LINE('',#7371,#7372);
#7371 = CARTESIAN_POINT('',(0.,0.));
#7372 = VECTOR('',#7373,1.);
#7373 = DIRECTION('',(1.,0.));
#7374 = ( GEOMETRIC_REPRESENTATION_CONTEXT(2) 
PARAMETRIC_REPRESENTATION_CONTEXT() REPRESENTATION_CONTEXT('2D SPACE',''
  ) );
#7375 = ORIENTED_EDGE('',*,*,#7376,.T.);
#7376 = EDGE_CURVE('',#7349,#7377,#7379,.T.);
#7377 = VERTEX_POINT('',#7378);
#7378 = CARTESIAN_POINT('',(-18.5,13.5,57.3));
#7379 = SURFACE_CURVE('',#7380,(#7385,#7392),.PCURVE_S1.);
#7380 = CIRCLE('',#7381,5.);
#7381 = AXIS2_PLACEMENT_3D('',#7382,#7383,#7384);
#7382 = CARTESIAN_POINT('',(-18.5,13.5,52.3));
#7383 = DIRECTION('',(1.,0.,-0.));
#7384 = DIRECTION('',(0.,0.,1.));
#7385 = PCURVE('',#7234,#7386);
#7386 = DEFINITIONAL_REPRESENTATION('',(#7387),#7391);
#7387 = CIRCLE('',#7388,5.);
#7388 = AXIS2_PLACEMENT_2D('',#7389,#7390);
#7389 = CARTESIAN_POINT('',(37.,-32.));
#7390 = DIRECTION('',(1.,0.));
#7391 = ( GEOMETRIC_REPRESENTATION_CONTEXT(2) 
PARAMETRIC_REPRESENTATION_CONTEXT() REPRESENTATION_CONTEXT('2D SPACE',''
  ) );
#7392 = PCURVE('',#7393,#7398);
#7393 = CYLINDRICAL_SURFACE('',#7394,5.);
#7394 = AXIS2_PLACEMENT_3D('',#7395,#7396,#7397);
#7395 = CARTESIAN_POINT('',(-18.5,13.5,52.3));
#7396 = DIRECTION('',(1.,0.,-0.));
#7397 = DIRECTION('',(0.,1.,0.));
#7398 = DEFINITIONAL_REPRESENTATION('',(#7399),#7403);
#7399 = LINE('',#7400,#7401);
#7400 = CARTESIAN_POINT('',(-4.712388980385,0.));
#7401 = VECTOR('',#7402,1.);
#7402 = DIRECTION('',(1.,0.));
#7403 = ( GEOMETRIC_REPRESENTATION_CONTEXT(2) 
PARAMETRIC_REPRESENTATION_CONTEXT() REPRESENTATION_CONTEXT('2D SPACE',''
  ) );
#7404 = ORIENTED_EDGE('',*,*,#7405,.F.);
#7405 = EDGE_CURVE('',#7406,#7377,#7408,.T.);
#7406 = VERTEX_POINT('',#7407);
#7407 = CARTESIAN_POINT('',(-18.5,-13.5,57.3));
#7408 = SURFACE_CURVE('',#7409,(#7413,#7420),.PCURVE_S1.);
#7409 = LINE('',#7410,#7411);
#7410 = CARTESIAN_POINT('',(-18.5,-18.5,57.3));
#7411 = VECTOR('',#7412,1.);
#7412 = DIRECTION('',(-0.,1.,0.));
#7413 = PCURVE('',#7234,#7414);
#7414 = DEFINITIONAL_REPRESENTATION('',(#7415),#7419);
#7415 = LINE('',#7416,#7417);
#7416 = CARTESIAN_POINT('',(42.,0.));
#7417 = VECTOR('',#7418,1.);
#7418 = DIRECTION('',(0.,-1.));
#7419 = ( GEOMETRIC_REPRESENTATION_CONTEXT(2) 
PARAMETRIC_REPRESENTATION_CONTEXT() REPRESENTATION_CONTEXT('2D SPACE',''
  ) );
#7420 = PCURVE('',#7421,#7426);
#7421 = PLANE('',#7422);
#7422 = AXIS2_PLACEMENT_3D('',#7423,#7424,#7425);
#7423 = CARTESIAN_POINT('',(-18.5,-18.5,57.3));
#7424 = DIRECTION('',(0.,0.,1.));
#7425 = DIRECTION('',(1.,0.,-0.));
#7426 = DEFINITIONAL_REPRESENTATION('',(#7427),#7431);
#7427 = LINE('',#7428,#7429);
#7428 = CARTESIAN_POINT('',(0.,0.));
#7429 = VECTOR('',#7430,1.);
#7430 = DIRECTION('',(0.,1.));
#7431 = ( GEOMETRIC_REPRESENTATION_CONTEXT(2) 
PARAMETRIC_REPRESENTATION_CONTEXT() REPRESENTATION_CONTEXT('2D SPACE',''
  ) );
#7432 = ORIENTED_EDGE('',*,*,#7433,.F.);
#7433 = EDGE_CURVE('',#7226,#7406,#7434,.T.);
#7434 = SURFACE_CURVE('',#7435,(#7440,#7451),.PCURVE_S1.);
#7435 = CIRCLE('',#7436,5.);
#7436 = AXIS2_PLACEMENT_3D('',#7437,#7438,#7439);
#7437 = CARTESIAN_POINT('',(-18.5,-13.5,52.3));
#7438 = DIRECTION('',(-1.,-0.,0.));
#7439 = DIRECTION('',(0.,0.,1.));
#7440 = PCURVE('',#7234,#7441);
#7441 = DEFINITIONAL_REPRESENTATION('',(#7442),#7450);
#7442 = ( BOUNDED_CURVE() B_SPLINE_CURVE(2,(#7443,#7444,#7445,#7446,
#7447,#7448,#7449),.UNSPECIFIED.,.T.,.F.) B_SPLINE_CURVE_WITH_KNOTS((1,2
    ,2,2,2,1),(-2.094395102393,0.,2.094395102393,4.188790204786,
6.28318530718,8.377580409573),.UNSPECIFIED.) CURVE() 
GEOMETRIC_REPRESENTATION_ITEM() RATIONAL_B_SPLINE_CURVE((1.,0.5,1.,0.5,
1.,0.5,1.)) REPRESENTATION_ITEM('') );
#7443 = CARTESIAN_POINT('',(42.,-5.));
#7444 = CARTESIAN_POINT('',(42.,-13.66025403784));
#7445 = CARTESIAN_POINT('',(34.5,-9.330127018922));
#7446 = CARTESIAN_POINT('',(27.,-5.));
#7447 = CARTESIAN_POINT('',(34.5,-0.669872981078));
#7448 = CARTESIAN_POINT('',(42.,3.660254037844));
#7449 = CARTESIAN_POINT('',(42.,-5.));
#7450 = ( GEOMETRIC_REPRESENTATION_CONTEXT(2) 
PARAMETRIC_REPRESENTATION_CONTEXT() REPRESENTATION_CONTEXT('2D SPACE',''
  ) );
#7451 = PCURVE('',#7452,#7457);
#7452 = CYLINDRICAL_SURFACE('',#7453,5.);
#7453 = AXIS2_PLACEMENT_3D('',#7454,#7455,#7456);
#7454 = CARTESIAN_POINT('',(-18.5,-13.5,52.3));
#7455 = DIRECTION('',(1.,0.,-0.));
#7456 = DIRECTION('',(0.,-1.,0.));
#7457 = DEFINITIONAL_REPRESENTATION('',(#7458),#7462);
#7458 = LINE('',#7459,#7460);
#7459 = CARTESIAN_POINT('',(4.712388980385,-0.));
#7460 = VECTOR('',#7461,1.);
#7461 = DIRECTION('',(-1.,0.));
#7462 = ( GEOMETRIC_REPRESENTATION_CONTEXT(2) 
PARAMETRIC_REPRESENTATION_CONTEXT() REPRESENTATION_CONTEXT('2D SPACE',''
  ) );
#7463 = FACE_BOUND('',#7464,.F.);
#7464 = EDGE_LOOP('',(#7465));
#7465 = ORIENTED_EDGE('',*,*,#7466,.F.);
#7466 = EDGE_CURVE('',#7467,#7467,#7469,.T.);
#7467 = VERTEX_POINT('',#7468);
#7468 = CARTESIAN_POINT('',(-18.5,15.2,16.695));
#7469 = SURFACE_CURVE('',#7470,(#7475,#7482),.PCURVE_S1.);
#7470 = CIRCLE('',#7471,1.905);
#7471 = AXIS2_PLACEMENT_3D('',#7472,#7473,#7474);
#7472 = CARTESIAN_POINT('',(-18.5,15.2,18.6));
#7473 = DIRECTION('',(1.,0.,2.22044604925E-16));
#7474 = DIRECTION('',(2.22044604925E-16,0.,-1.));
#7475 = PCURVE('',#7234,#7476);
#7476 = DEFINITIONAL_REPRESENTATION('',(#7477),#7481);
#7477 = CIRCLE('',#7478,1.905);
#7478 = AXIS2_PLACEMENT_2D('',#7479,#7480);
#7479 = CARTESIAN_POINT('',(3.3,-33.7));
#7480 = DIRECTION('',(-1.,0.));
#7481 = ( GEOMETRIC_REPRESENTATION_CONTEXT(2) 
PARAMETRIC_REPRESENTATION_CONTEXT() REPRESENTATION_CONTEXT('2D SPACE',''
  ) );
#7482 = PCURVE('',#7483,#7488);
#7483 = CONICAL_SURFACE('',#7484,1.95,0.732815101787);
#7484 = AXIS2_PLACEMENT_3D('',#7485,#7486,#7487);
#7485 = CARTESIAN_POINT('',(-18.55,15.2,18.6));
#7486 = DIRECTION('',(-1.,-0.,-2.22044604925E-16));
#7487 = DIRECTION('',(2.22044604925E-16,0.,-1.));
#7488 = DEFINITIONAL_REPRESENTATION('',(#7489),#7493);
#7489 = LINE('',#7490,#7491);
#7490 = CARTESIAN_POINT('',(-0.,-5.E-02));
#7491 = VECTOR('',#7492,1.);
#7492 = DIRECTION('',(-1.,-0.));
#7493 = ( GEOMETRIC_REPRESENTATION_CONTEXT(2) 
PARAMETRIC_REPRESENTATION_CONTEXT() REPRESENTATION_CONTEXT('2D SPACE',''
  ) );
#7494 = FACE_BOUND('',#7495,.F.);
#7495 = EDGE_LOOP('',(#7496));
#7496 = ORIENTED_EDGE('',*,*,#7497,.F.);
#7497 = EDGE_CURVE('',#7498,#7498,#7500,.T.);
#7498 = VERTEX_POINT('',#7499);
#7499 = CARTESIAN_POINT('',(-18.5,15.2,52.095));
#7500 = SURFACE_CURVE('',#7501,(#7506,#7513),.PCURVE_S1.);
#7501 = CIRCLE('',#7502,1.905);
#7502 = AXIS2_PLACEMENT_3D('',#7503,#7504,#7505);
#7503 = CARTESIAN_POINT('',(-18.5,15.2,54.));
#7504 = DIRECTION('',(1.,0.,2.22044604925E-16));
#7505 = DIRECTION('',(2.22044604925E-16,0.,-1.));
#7506 = PCURVE('',#7234,#7507);
#7507 = DEFINITIONAL_REPRESENTATION('',(#7508),#7512);
#7508 = CIRCLE('',#7509,1.905);
#7509 = AXIS2_PLACEMENT_2D('',#7510,#7511);
#7510 = CARTESIAN_POINT('',(38.7,-33.7));
#7511 = DIRECTION('',(-1.,0.));
#7512 = ( GEOMETRIC_REPRESENTATION_CONTEXT(2) 
PARAMETRIC_REPRESENTATION_CONTEXT() REPRESENTATION_CONTEXT('2D SPACE',''
  ) );
#7513 = PCURVE('',#7514,#7519);
#7514 = CONICAL_SURFACE('',#7515,1.95,0.732815101787);
#7515 = AXIS2_PLACEMENT_3D('',#7516,#7517,#7518);
#7516 = CARTESIAN_POINT('',(-18.55,15.2,54.));
#7517 = DIRECTION('',(-1.,-0.,-2.22044604925E-16));
#7518 = DIRECTION('',(2.22044604925E-16,0.,-1.));
#7519 = DEFINITIONAL_REPRESENTATION('',(#7520),#7524);
#7520 = LINE('',#7521,#7522);
#7521 = CARTESIAN_POINT('',(-0.,-5.E-02));
#7522 = VECTOR('',#7523,1.);
#7523 = DIRECTION('',(-1.,-0.));
#7524 = ( GEOMETRIC_REPRESENTATION_CONTEXT(2) 
PARAMETRIC_REPRESENTATION_CONTEXT() REPRESENTATION_CONTEXT('2D SPACE',''
  ) );
#7525 = FACE_BOUND('',#7526,.F.);
#7526 = EDGE_LOOP('',(#7527));
#7527 = ORIENTED_EDGE('',*,*,#7528,.F.);
#7528 = EDGE_CURVE('',#7529,#7529,#7531,.T.);
#7529 = VERTEX_POINT('',#7530);
#7530 = CARTESIAN_POINT('',(-18.5,-4.45,19.5));
#7531 = SURFACE_CURVE('',#7532,(#7537,#7544),.PCURVE_S1.);
#7532 = CIRCLE('',#7533,1.5);
#7533 = AXIS2_PLACEMENT_3D('',#7534,#7535,#7536);
#7534 = CARTESIAN_POINT('',(-18.5,-4.45,21.));
#7535 = DIRECTION('',(1.,0.,2.22044604925E-16));
#7536 = DIRECTION('',(2.22044604925E-16,0.,-1.));
#7537 = PCURVE('',#7234,#7538);
#7538 = DEFINITIONAL_REPRESENTATION('',(#7539),#7543);
#7539 = CIRCLE('',#7540,1.5);
#7540 = AXIS2_PLACEMENT_2D('',#7541,#7542);
#7541 = CARTESIAN_POINT('',(5.7,-14.05));
#7542 = DIRECTION('',(-1.,0.));
#7543 = ( GEOMETRIC_REPRESENTATION_CONTEXT(2) 
PARAMETRIC_REPRESENTATION_CONTEXT() REPRESENTATION_CONTEXT('2D SPACE',''
  ) );
#7544 = PCURVE('',#7545,#7550);
#7545 = CYLINDRICAL_SURFACE('',#7546,1.5);
#7546 = AXIS2_PLACEMENT_3D('',#7547,#7548,#7549);
#7547 = CARTESIAN_POINT('',(-19.5,-4.45,21.));
#7548 = DIRECTION('',(1.,0.,2.22044604925E-16));
#7549 = DIRECTION('',(2.22044604925E-16,0.,-1.));
#7550 = DEFINITIONAL_REPRESENTATION('',(#7551),#7555);
#7551 = LINE('',#7552,#7553);
#7552 = CARTESIAN_POINT('',(0.,1.));
#7553 = VECTOR('',#7554,1.);
#7554 = DIRECTION('',(1.,0.));
#7555 = ( GEOMETRIC_REPRESENTATION_CONTEXT(2) 
PARAMETRIC_REPRESENTATION_CONTEXT() REPRESENTATION_CONTEXT('2D SPACE',''
  ) );
#7556 = FACE_BOUND('',#7557,.F.);
#7557 = EDGE_LOOP('',(#7558));
#7558 = ORIENTED_EDGE('',*,*,#7559,.F.);
#7559 = EDGE_CURVE('',#7560,#7560,#7562,.T.);
#7560 = VERTEX_POINT('',#7561);
#7561 = CARTESIAN_POINT('',(-18.5,-15.2,16.695));
#7562 = SURFACE_CURVE('',#7563,(#7568,#7575),.PCURVE_S1.);
#7563 = CIRCLE('',#7564,1.905);
#7564 = AXIS2_PLACEMENT_3D('',#7565,#7566,#7567);
#7565 = CARTESIAN_POINT('',(-18.5,-15.2,18.6));
#7566 = DIRECTION('',(1.,0.,2.22044604925E-16));
#7567 = DIRECTION('',(2.22044604925E-16,0.,-1.));
#7568 = PCURVE('',#7234,#7569);
#7569 = DEFINITIONAL_REPRESENTATION('',(#7570),#7574);
#7570 = CIRCLE('',#7571,1.905);
#7571 = AXIS2_PLACEMENT_2D('',#7572,#7573);
#7572 = CARTESIAN_POINT('',(3.3,-3.3));
#7573 = DIRECTION('',(-1.,0.));
#7574 = ( GEOMETRIC_REPRESENTATION_CONTEXT(2) 
PARAMETRIC_REPRESENTATION_CONTEXT() REPRESENTATION_CONTEXT('2D SPACE',''
  ) );
#7575 = PCURVE('',#7576,#7581);
#7576 = CONICAL_SURFACE('',#7577,1.95,0.732815101787);
#7577 = AXIS2_PLACEMENT_3D('',#7578,#7579,#7580);
#7578 = CARTESIAN_POINT('',(-18.55,-15.2,18.6));
#7579 = DIRECTION('',(-1.,-0.,-2.22044604925E-16));
#7580 = DIRECTION('',(2.22044604925E-16,0.,-1.));
#7581 = DEFINITIONAL_REPRESENTATION('',(#7582),#7586);
#7582 = LINE('',#7583,#7584);
#7583 = CARTESIAN_POINT('',(-0.,-5.E-02));
#7584 = VECTOR('',#7585,1.);
#7585 = DIRECTION('',(-1.,-0.));
#7586 = ( GEOMETRIC_REPRESENTATION_CONTEXT(2) 
PARAMETRIC_REPRESENTATION_CONTEXT() REPRESENTATION_CONTEXT('2D SPACE',''
  ) );
#7587 = FACE_BOUND('',#7588,.F.);
#7588 = EDGE_LOOP('',(#7589));
#7589 = ORIENTED_EDGE('',*,*,#7590,.F.);
#7590 = EDGE_CURVE('',#7591,#7591,#7593,.T.);
#7591 = VERTEX_POINT('',#7592);
#7592 = CARTESIAN_POINT('',(-18.5,-1.224646799147E-15,39.3));
#7593 = SURFACE_CURVE('',#7594,(#7599,#7606),.PCURVE_S1.);
#7594 = CIRCLE('',#7595,5.);
#7595 = AXIS2_PLACEMENT_3D('',#7596,#7597,#7598);
#7596 = CARTESIAN_POINT('',(-18.5,0.,44.3));
#7597 = DIRECTION('',(1.,0.,2.22044604925E-16));
#7598 = DIRECTION('',(2.22044604925E-16,0.,-1.));
#7599 = PCURVE('',#7234,#7600);
#7600 = DEFINITIONAL_REPRESENTATION('',(#7601),#7605);
#7601 = CIRCLE('',#7602,5.);
#7602 = AXIS2_PLACEMENT_2D('',#7603,#7604);
#7603 = CARTESIAN_POINT('',(29.,-18.5));
#7604 = DIRECTION('',(-1.,0.));
#7605 = ( GEOMETRIC_REPRESENTATION_CONTEXT(2) 
PARAMETRIC_REPRESENTATION_CONTEXT() REPRESENTATION_CONTEXT('2D SPACE',''
  ) );
#7606 = PCURVE('',#7607,#7612);
#7607 = CYLINDRICAL_SURFACE('',#7608,5.);
#7608 = AXIS2_PLACEMENT_3D('',#7609,#7610,#7611);
#7609 = CARTESIAN_POINT('',(-19.5,0.,44.3));
#7610 = DIRECTION('',(1.,0.,2.22044604925E-16));
#7611 = DIRECTION('',(2.22044604925E-16,0.,-1.));
#7612 = DEFINITIONAL_REPRESENTATION('',(#7613),#7617);
#7613 = LINE('',#7614,#7615);
#7614 = CARTESIAN_POINT('',(0.,1.));
#7615 = VECTOR('',#7616,1.);
#7616 = DIRECTION('',(1.,0.));
#7617 = ( GEOMETRIC_REPRESENTATION_CONTEXT(2) 
PARAMETRIC_REPRESENTATION_CONTEXT() REPRESENTATION_CONTEXT('2D SPACE',''
  ) );
#7618 = FACE_BOUND('',#7619,.F.);
#7619 = EDGE_LOOP('',(#7620));
#7620 = ORIENTED_EDGE('',*,*,#7621,.F.);
#7621 = EDGE_CURVE('',#7622,#7622,#7624,.T.);
#7622 = VERTEX_POINT('',#7623);
#7623 = CARTESIAN_POINT('',(-18.5,-15.2,52.095));
#7624 = SURFACE_CURVE('',#7625,(#7630,#7637),.PCURVE_S1.);
#7625 = CIRCLE('',#7626,1.905);
#7626 = AXIS2_PLACEMENT_3D('',#7627,#7628,#7629);
#7627 = CARTESIAN_POINT('',(-18.5,-15.2,54.));
#7628 = DIRECTION('',(1.,0.,2.22044604925E-16));
#7629 = DIRECTION('',(2.22044604925E-16,0.,-1.));
#7630 = PCURVE('',#7234,#7631);
#7631 = DEFINITIONAL_REPRESENTATION('',(#7632),#7636);
#7632 = CIRCLE('',#7633,1.905);
#7633 = AXIS2_PLACEMENT_2D('',#7634,#7635);
#7634 = CARTESIAN_POINT('',(38.7,-3.3));
#7635 = DIRECTION('',(-1.,0.));
#7636 = ( GEOMETRIC_REPRESENTATION_CONTEXT(2) 
PARAMETRIC_REPRESENTATION_CONTEXT() REPRESENTATION_CONTEXT('2D SPACE',''
  ) );
#7637 = PCURVE('',#7638,#7643);
#7638 = CONICAL_SURFACE('',#7639,1.95,0.732815101787);
#7639 = AXIS2_PLACEMENT_3D('',#7640,#7641,#7642);
#7640 = CARTESIAN_POINT('',(-18.55,-15.2,54.));
#7641 = DIRECTION('',(-1.,-0.,-2.22044604925E-16));
#7642 = DIRECTION('',(2.22044604925E-16,0.,-1.));
#7643 = DEFINITIONAL_REPRESENTATION('',(#7644),#7648);
#7644 = LINE('',#7645,#7646);
#7645 = CARTESIAN_POINT('',(-0.,-5.E-02));
#7646 = VECTOR('',#7647,1.);
#7647 = DIRECTION('',(-1.,-0.));
#7648 = ( GEOMETRIC_REPRESENTATION_CONTEXT(2) 
PARAMETRIC_REPRESENTATION_CONTEXT() REPRESENTATION_CONTEXT('2D SPACE',''
  ) );
#7649 = ADVANCED_FACE('',(#7650),#7246,.F.);
#7650 = FACE_BOUND('',#7651,.F.);
#7651 = EDGE_LOOP('',(#7652,#7682,#7703,#7704));
#7652 = ORIENTED_EDGE('',*,*,#7653,.F.);
#7653 = EDGE_CURVE('',#7654,#7656,#7658,.T.);
#7654 = VERTEX_POINT('',#7655);
#7655 = CARTESIAN_POINT('',(-16.5,-18.5,20.3));
#7656 = VERTEX_POINT('',#7657);
#7657 = CARTESIAN_POINT('',(-16.5,-18.5,52.3));
#7658 = SURFACE_CURVE('',#7659,(#7663,#7670),.PCURVE_S1.);
#7659 = LINE('',#7660,#7661);
#7660 = CARTESIAN_POINT('',(-16.5,-18.5,15.3));
#7661 = VECTOR('',#7662,1.);
#7662 = DIRECTION('',(0.,0.,1.));
#7663 = PCURVE('',#7246,#7664);
#7664 = DEFINITIONAL_REPRESENTATION('',(#7665),#7669);
#7665 = LINE('',#7666,#7667);
#7666 = CARTESIAN_POINT('',(0.,2.));
#7667 = VECTOR('',#7668,1.);
#7668 = DIRECTION('',(1.,0.));
#7669 = ( GEOMETRIC_REPRESENTATION_CONTEXT(2) 
PARAMETRIC_REPRESENTATION_CONTEXT() REPRESENTATION_CONTEXT('2D SPACE',''
  ) );
#7670 = PCURVE('',#7671,#7676);
#7671 = PLANE('',#7672);
#7672 = AXIS2_PLACEMENT_3D('',#7673,#7674,#7675);
#7673 = CARTESIAN_POINT('',(-16.5,-18.5,15.3));
#7674 = DIRECTION('',(1.,0.,-0.));
#7675 = DIRECTION('',(0.,0.,1.));
#7676 = DEFINITIONAL_REPRESENTATION('',(#7677),#7681);
#7677 = LINE('',#7678,#7679);
#7678 = CARTESIAN_POINT('',(0.,0.));
#7679 = VECTOR('',#7680,1.);
#7680 = DIRECTION('',(1.,0.));
#7681 = ( GEOMETRIC_REPRESENTATION_CONTEXT(2) 
PARAMETRIC_REPRESENTATION_CONTEXT() REPRESENTATION_CONTEXT('2D SPACE',''
  ) );
#7682 = ORIENTED_EDGE('',*,*,#7683,.F.);
#7683 = EDGE_CURVE('',#7224,#7654,#7684,.T.);
#7684 = SURFACE_CURVE('',#7685,(#7689,#7696),.PCURVE_S1.);
#7685 = LINE('',#7686,#7687);
#7686 = CARTESIAN_POINT('',(-18.5,-18.5,20.3));
#7687 = VECTOR('',#7688,1.);
#7688 = DIRECTION('',(1.,0.,-0.));
#7689 = PCURVE('',#7246,#7690);
#7690 = DEFINITIONAL_REPRESENTATION('',(#7691),#7695);
#7691 = LINE('',#7692,#7693);
#7692 = CARTESIAN_POINT('',(5.,0.));
#7693 = VECTOR('',#7694,1.);
#7694 = DIRECTION('',(0.,1.));
#7695 = ( GEOMETRIC_REPRESENTATION_CONTEXT(2) 
PARAMETRIC_REPRESENTATION_CONTEXT() REPRESENTATION_CONTEXT('2D SPACE',''
  ) );
#7696 = PCURVE('',#7275,#7697);
#7697 = DEFINITIONAL_REPRESENTATION('',(#7698),#7702);
#7698 = LINE('',#7699,#7700);
#7699 = CARTESIAN_POINT('',(0.,0.));
#7700 = VECTOR('',#7701,1.);
#7701 = DIRECTION('',(0.,1.));
#7702 = ( GEOMETRIC_REPRESENTATION_CONTEXT(2) 
PARAMETRIC_REPRESENTATION_CONTEXT() REPRESENTATION_CONTEXT('2D SPACE',''
  ) );
#7703 = ORIENTED_EDGE('',*,*,#7223,.T.);
#7704 = ORIENTED_EDGE('',*,*,#7705,.T.);
#7705 = EDGE_CURVE('',#7226,#7656,#7706,.T.);
#7706 = SURFACE_CURVE('',#7707,(#7711,#7718),.PCURVE_S1.);
#7707 = LINE('',#7708,#7709);
#7708 = CARTESIAN_POINT('',(-18.5,-18.5,52.3));
#7709 = VECTOR('',#7710,1.);
#7710 = DIRECTION('',(1.,0.,-0.));
#7711 = PCURVE('',#7246,#7712);
#7712 = DEFINITIONAL_REPRESENTATION('',(#7713),#7717);
#7713 = LINE('',#7714,#7715);
#7714 = CARTESIAN_POINT('',(37.,0.));
#7715 = VECTOR('',#7716,1.);
#7716 = DIRECTION('',(0.,1.));
#7717 = ( GEOMETRIC_REPRESENTATION_CONTEXT(2) 
PARAMETRIC_REPRESENTATION_CONTEXT() REPRESENTATION_CONTEXT('2D SPACE',''
  ) );
#7718 = PCURVE('',#7452,#7719);
#7719 = DEFINITIONAL_REPRESENTATION('',(#7720),#7724);
#7720 = LINE('',#7721,#7722);
#7721 = CARTESIAN_POINT('',(-0.,0.));
#7722 = VECTOR('',#7723,1.);
#7723 = DIRECTION('',(-0.,1.));
#7724 = ( GEOMETRIC_REPRESENTATION_CONTEXT(2) 
PARAMETRIC_REPRESENTATION_CONTEXT() REPRESENTATION_CONTEXT('2D SPACE',''
  ) );
#7725 = ADVANCED_FACE('',(#7726),#7275,.T.);
#7726 = FACE_BOUND('',#7727,.T.);
#7727 = EDGE_LOOP('',(#7728,#7729,#7752,#7774));
#7728 = ORIENTED_EDGE('',*,*,#7258,.T.);
#7729 = ORIENTED_EDGE('',*,*,#7730,.T.);
#7730 = EDGE_CURVE('',#7259,#7731,#7733,.T.);
#7731 = VERTEX_POINT('',#7732);
#7732 = CARTESIAN_POINT('',(-16.5,-13.5,15.3));
#7733 = SURFACE_CURVE('',#7734,(#7738,#7745),.PCURVE_S1.);
#7734 = LINE('',#7735,#7736);
#7735 = CARTESIAN_POINT('',(-18.5,-13.5,15.3));
#7736 = VECTOR('',#7737,1.);
#7737 = DIRECTION('',(1.,0.,-0.));
#7738 = PCURVE('',#7275,#7739);
#7739 = DEFINITIONAL_REPRESENTATION('',(#7740),#7744);
#7740 = LINE('',#7741,#7742);
#7741 = CARTESIAN_POINT('',(1.570796326795,0.));
#7742 = VECTOR('',#7743,1.);
#7743 = DIRECTION('',(0.,1.));
#7744 = ( GEOMETRIC_REPRESENTATION_CONTEXT(2) 
PARAMETRIC_REPRESENTATION_CONTEXT() REPRESENTATION_CONTEXT('2D SPACE',''
  ) );
#7745 = PCURVE('',#7303,#7746);
#7746 = DEFINITIONAL_REPRESENTATION('',(#7747),#7751);
#7747 = LINE('',#7748,#7749);
#7748 = CARTESIAN_POINT('',(0.,5.));
#7749 = VECTOR('',#7750,1.);
#7750 = DIRECTION('',(1.,0.));
#7751 = ( GEOMETRIC_REPRESENTATION_CONTEXT(2) 
PARAMETRIC_REPRESENTATION_CONTEXT() REPRESENTATION_CONTEXT('2D SPACE',''
  ) );
#7752 = ORIENTED_EDGE('',*,*,#7753,.F.);
#7753 = EDGE_CURVE('',#7654,#7731,#7754,.T.);
#7754 = SURFACE_CURVE('',#7755,(#7760,#7767),.PCURVE_S1.);
#7755 = CIRCLE('',#7756,5.);
#7756 = AXIS2_PLACEMENT_3D('',#7757,#7758,#7759);
#7757 = CARTESIAN_POINT('',(-16.5,-13.5,20.3));
#7758 = DIRECTION('',(1.,0.,-0.));
#7759 = DIRECTION('',(0.,0.,1.));
#7760 = PCURVE('',#7275,#7761);
#7761 = DEFINITIONAL_REPRESENTATION('',(#7762),#7766);
#7762 = LINE('',#7763,#7764);
#7763 = CARTESIAN_POINT('',(-1.570796326795,2.));
#7764 = VECTOR('',#7765,1.);
#7765 = DIRECTION('',(1.,0.));
#7766 = ( GEOMETRIC_REPRESENTATION_CONTEXT(2) 
PARAMETRIC_REPRESENTATION_CONTEXT() REPRESENTATION_CONTEXT('2D SPACE',''
  ) );
#7767 = PCURVE('',#7671,#7768);
#7768 = DEFINITIONAL_REPRESENTATION('',(#7769),#7773);
#7769 = CIRCLE('',#7770,5.);
#7770 = AXIS2_PLACEMENT_2D('',#7771,#7772);
#7771 = CARTESIAN_POINT('',(5.,-5.));
#7772 = DIRECTION('',(1.,0.));
#7773 = ( GEOMETRIC_REPRESENTATION_CONTEXT(2) 
PARAMETRIC_REPRESENTATION_CONTEXT() REPRESENTATION_CONTEXT('2D SPACE',''
  ) );
#7774 = ORIENTED_EDGE('',*,*,#7683,.F.);
#7775 = ADVANCED_FACE('',(#7776),#7452,.T.);
#7776 = FACE_BOUND('',#7777,.F.);
#7777 = EDGE_LOOP('',(#7778,#7779,#7802,#7828));
#7778 = ORIENTED_EDGE('',*,*,#7433,.T.);
#7779 = ORIENTED_EDGE('',*,*,#7780,.T.);
#7780 = EDGE_CURVE('',#7406,#7781,#7783,.T.);
#7781 = VERTEX_POINT('',#7782);
#7782 = CARTESIAN_POINT('',(-16.5,-13.5,57.3));
#7783 = SURFACE_CURVE('',#7784,(#7788,#7795),.PCURVE_S1.);
#7784 = LINE('',#7785,#7786);
#7785 = CARTESIAN_POINT('',(-18.5,-13.5,57.3));
#7786 = VECTOR('',#7787,1.);
#7787 = DIRECTION('',(1.,0.,-0.));
#7788 = PCURVE('',#7452,#7789);
#7789 = DEFINITIONAL_REPRESENTATION('',(#7790),#7794);
#7790 = LINE('',#7791,#7792);
#7791 = CARTESIAN_POINT('',(-1.570796326795,0.));
#7792 = VECTOR('',#7793,1.);
#7793 = DIRECTION('',(-0.,1.));
#7794 = ( GEOMETRIC_REPRESENTATION_CONTEXT(2) 
PARAMETRIC_REPRESENTATION_CONTEXT() REPRESENTATION_CONTEXT('2D SPACE',''
  ) );
#7795 = PCURVE('',#7421,#7796);
#7796 = DEFINITIONAL_REPRESENTATION('',(#7797),#7801);
#7797 = LINE('',#7798,#7799);
#7798 = CARTESIAN_POINT('',(0.,5.));
#7799 = VECTOR('',#7800,1.);
#7800 = DIRECTION('',(1.,0.));
#7801 = ( GEOMETRIC_REPRESENTATION_CONTEXT(2) 
PARAMETRIC_REPRESENTATION_CONTEXT() REPRESENTATION_CONTEXT('2D SPACE',''
  ) );
#7802 = ORIENTED_EDGE('',*,*,#7803,.F.);
#7803 = EDGE_CURVE('',#7656,#7781,#7804,.T.);
#7804 = SURFACE_CURVE('',#7805,(#7810,#7817),.PCURVE_S1.);
#7805 = CIRCLE('',#7806,5.);
#7806 = AXIS2_PLACEMENT_3D('',#7807,#7808,#7809);
#7807 = CARTESIAN_POINT('',(-16.5,-13.5,52.3));
#7808 = DIRECTION('',(-1.,-0.,0.));
#7809 = DIRECTION('',(0.,0.,1.));
#7810 = PCURVE('',#7452,#7811);
#7811 = DEFINITIONAL_REPRESENTATION('',(#7812),#7816);
#7812 = LINE('',#7813,#7814);
#7813 = CARTESIAN_POINT('',(4.712388980385,2.));
#7814 = VECTOR('',#7815,1.);
#7815 = DIRECTION('',(-1.,0.));
#7816 = ( GEOMETRIC_REPRESENTATION_CONTEXT(2) 
PARAMETRIC_REPRESENTATION_CONTEXT() REPRESENTATION_CONTEXT('2D SPACE',''
  ) );
#7817 = PCURVE('',#7671,#7818);
#7818 = DEFINITIONAL_REPRESENTATION('',(#7819),#7827);
#7819 = ( BOUNDED_CURVE() B_SPLINE_CURVE(2,(#7820,#7821,#7822,#7823,
#7824,#7825,#7826),.UNSPECIFIED.,.T.,.F.) B_SPLINE_CURVE_WITH_KNOTS((1,2
    ,2,2,2,1),(-2.094395102393,0.,2.094395102393,4.188790204786,
6.28318530718,8.377580409573),.UNSPECIFIED.) CURVE() 
GEOMETRIC_REPRESENTATION_ITEM() RATIONAL_B_SPLINE_CURVE((1.,0.5,1.,0.5,
1.,0.5,1.)) REPRESENTATION_ITEM('') );
#7820 = CARTESIAN_POINT('',(42.,-5.));
#7821 = CARTESIAN_POINT('',(42.,-13.66025403784));
#7822 = CARTESIAN_POINT('',(34.5,-9.330127018922));
#7823 = CARTESIAN_POINT('',(27.,-5.));
#7824 = CARTESIAN_POINT('',(34.5,-0.669872981078));
#7825 = CARTESIAN_POINT('',(42.,3.660254037844));
#7826 = CARTESIAN_POINT('',(42.,-5.));
#7827 = ( GEOMETRIC_REPRESENTATION_CONTEXT(2) 
PARAMETRIC_REPRESENTATION_CONTEXT() REPRESENTATION_CONTEXT('2D SPACE',''
  ) );
#7828 = ORIENTED_EDGE('',*,*,#7705,.F.);
#7829 = ADVANCED_FACE('',(#7830),#7303,.F.);
#7830 = FACE_BOUND('',#7831,.F.);
#7831 = EDGE_LOOP('',(#7832,#7833,#7834,#7857));
#7832 = ORIENTED_EDGE('',*,*,#7287,.F.);
#7833 = ORIENTED_EDGE('',*,*,#7730,.T.);
#7834 = ORIENTED_EDGE('',*,*,#7835,.T.);
#7835 = EDGE_CURVE('',#7731,#7836,#7838,.T.);
#7836 = VERTEX_POINT('',#7837);
#7837 = CARTESIAN_POINT('',(-16.5,13.5,15.3));
#7838 = SURFACE_CURVE('',#7839,(#7843,#7850),.PCURVE_S1.);
#7839 = LINE('',#7840,#7841);
#7840 = CARTESIAN_POINT('',(-16.5,-18.5,15.3));
#7841 = VECTOR('',#7842,1.);
#7842 = DIRECTION('',(-0.,1.,0.));
#7843 = PCURVE('',#7303,#7844);
#7844 = DEFINITIONAL_REPRESENTATION('',(#7845),#7849);
#7845 = LINE('',#7846,#7847);
#7846 = CARTESIAN_POINT('',(2.,0.));
#7847 = VECTOR('',#7848,1.);
#7848 = DIRECTION('',(0.,1.));
#7849 = ( GEOMETRIC_REPRESENTATION_CONTEXT(2) 
PARAMETRIC_REPRESENTATION_CONTEXT() REPRESENTATION_CONTEXT('2D SPACE',''
  ) );
#7850 = PCURVE('',#7671,#7851);
#7851 = DEFINITIONAL_REPRESENTATION('',(#7852),#7856);
#7852 = LINE('',#7853,#7854);
#7853 = CARTESIAN_POINT('',(0.,0.));
#7854 = VECTOR('',#7855,1.);
#7855 = DIRECTION('',(0.,-1.));
#7856 = ( GEOMETRIC_REPRESENTATION_CONTEXT(2) 
PARAMETRIC_REPRESENTATION_CONTEXT() REPRESENTATION_CONTEXT('2D SPACE',''
  ) );
#7857 = ORIENTED_EDGE('',*,*,#7858,.F.);
#7858 = EDGE_CURVE('',#7288,#7836,#7859,.T.);
#7859 = SURFACE_CURVE('',#7860,(#7864,#7871),.PCURVE_S1.);
#7860 = LINE('',#7861,#7862);
#7861 = CARTESIAN_POINT('',(-18.5,13.5,15.3));
#7862 = VECTOR('',#7863,1.);
#7863 = DIRECTION('',(1.,0.,-0.));
#7864 = PCURVE('',#7303,#7865);
#7865 = DEFINITIONAL_REPRESENTATION('',(#7866),#7870);
#7866 = LINE('',#7867,#7868);
#7867 = CARTESIAN_POINT('',(0.,32.));
#7868 = VECTOR('',#7869,1.);
#7869 = DIRECTION('',(1.,0.));
#7870 = ( GEOMETRIC_REPRESENTATION_CONTEXT(2) 
PARAMETRIC_REPRESENTATION_CONTEXT() REPRESENTATION_CONTEXT('2D SPACE',''
  ) );
#7871 = PCURVE('',#7336,#7872);
#7872 = DEFINITIONAL_REPRESENTATION('',(#7873),#7877);
#7873 = LINE('',#7874,#7875);
#7874 = CARTESIAN_POINT('',(-1.570796326795,0.));
#7875 = VECTOR('',#7876,1.);
#7876 = DIRECTION('',(-0.,1.));
#7877 = ( GEOMETRIC_REPRESENTATION_CONTEXT(2) 
PARAMETRIC_REPRESENTATION_CONTEXT() REPRESENTATION_CONTEXT('2D SPACE',''
  ) );
#7878 = ADVANCED_FACE('',(#7879),#7421,.T.);
#7879 = FACE_BOUND('',#7880,.T.);
#7880 = EDGE_LOOP('',(#7881,#7882,#7883,#7906));
#7881 = ORIENTED_EDGE('',*,*,#7405,.F.);
#7882 = ORIENTED_EDGE('',*,*,#7780,.T.);
#7883 = ORIENTED_EDGE('',*,*,#7884,.T.);
#7884 = EDGE_CURVE('',#7781,#7885,#7887,.T.);
#7885 = VERTEX_POINT('',#7886);
#7886 = CARTESIAN_POINT('',(-16.5,13.5,57.3));
#7887 = SURFACE_CURVE('',#7888,(#7892,#7899),.PCURVE_S1.);
#7888 = LINE('',#7889,#7890);
#7889 = CARTESIAN_POINT('',(-16.5,-18.5,57.3));
#7890 = VECTOR('',#7891,1.);
#7891 = DIRECTION('',(-0.,1.,0.));
#7892 = PCURVE('',#7421,#7893);
#7893 = DEFINITIONAL_REPRESENTATION('',(#7894),#7898);
#7894 = LINE('',#7895,#7896);
#7895 = CARTESIAN_POINT('',(2.,0.));
#7896 = VECTOR('',#7897,1.);
#7897 = DIRECTION('',(0.,1.));
#7898 = ( GEOMETRIC_REPRESENTATION_CONTEXT(2) 
PARAMETRIC_REPRESENTATION_CONTEXT() REPRESENTATION_CONTEXT('2D SPACE',''
  ) );
#7899 = PCURVE('',#7671,#7900);
#7900 = DEFINITIONAL_REPRESENTATION('',(#7901),#7905);
#7901 = LINE('',#7902,#7903);
#7902 = CARTESIAN_POINT('',(42.,0.));
#7903 = VECTOR('',#7904,1.);
#7904 = DIRECTION('',(0.,-1.));
#7905 = ( GEOMETRIC_REPRESENTATION_CONTEXT(2) 
PARAMETRIC_REPRESENTATION_CONTEXT() REPRESENTATION_CONTEXT('2D SPACE',''
  ) );
#7906 = ORIENTED_EDGE('',*,*,#7907,.F.);
#7907 = EDGE_CURVE('',#7377,#7885,#7908,.T.);
#7908 = SURFACE_CURVE('',#7909,(#7913,#7920),.PCURVE_S1.);
#7909 = LINE('',#7910,#7911);
#7910 = CARTESIAN_POINT('',(-18.5,13.5,57.3));
#7911 = VECTOR('',#7912,1.);
#7912 = DIRECTION('',(1.,0.,-0.));
#7913 = PCURVE('',#7421,#7914);
#7914 = DEFINITIONAL_REPRESENTATION('',(#7915),#7919);
#7915 = LINE('',#7916,#7917);
#7916 = CARTESIAN_POINT('',(0.,32.));
#7917 = VECTOR('',#7918,1.);
#7918 = DIRECTION('',(1.,0.));
#7919 = ( GEOMETRIC_REPRESENTATION_CONTEXT(2) 
PARAMETRIC_REPRESENTATION_CONTEXT() REPRESENTATION_CONTEXT('2D SPACE',''
  ) );
#7920 = PCURVE('',#7393,#7921);
#7921 = DEFINITIONAL_REPRESENTATION('',(#7922),#7926);
#7922 = LINE('',#7923,#7924);
#7923 = CARTESIAN_POINT('',(1.570796326795,0.));
#7924 = VECTOR('',#7925,1.);
#7925 = DIRECTION('',(0.,1.));
#7926 = ( GEOMETRIC_REPRESENTATION_CONTEXT(2) 
PARAMETRIC_REPRESENTATION_CONTEXT() REPRESENTATION_CONTEXT('2D SPACE',''
  ) );
#7927 = ADVANCED_FACE('',(#7928),#7336,.T.);
#7928 = FACE_BOUND('',#7929,.F.);
#7929 = EDGE_LOOP('',(#7930,#7931,#7932,#7960));
#7930 = ORIENTED_EDGE('',*,*,#7315,.T.);
#7931 = ORIENTED_EDGE('',*,*,#7858,.T.);
#7932 = ORIENTED_EDGE('',*,*,#7933,.F.);
#7933 = EDGE_CURVE('',#7934,#7836,#7936,.T.);
#7934 = VERTEX_POINT('',#7935);
#7935 = CARTESIAN_POINT('',(-16.5,18.5,20.3));
#7936 = SURFACE_CURVE('',#7937,(#7942,#7949),.PCURVE_S1.);
#7937 = CIRCLE('',#7938,5.);
#7938 = AXIS2_PLACEMENT_3D('',#7939,#7940,#7941);
#7939 = CARTESIAN_POINT('',(-16.5,13.5,20.3));
#7940 = DIRECTION('',(-1.,-0.,0.));
#7941 = DIRECTION('',(0.,0.,1.));
#7942 = PCURVE('',#7336,#7943);
#7943 = DEFINITIONAL_REPRESENTATION('',(#7944),#7948);
#7944 = LINE('',#7945,#7946);
#7945 = CARTESIAN_POINT('',(1.570796326795,2.));
#7946 = VECTOR('',#7947,1.);
#7947 = DIRECTION('',(-1.,0.));
#7948 = ( GEOMETRIC_REPRESENTATION_CONTEXT(2) 
PARAMETRIC_REPRESENTATION_CONTEXT() REPRESENTATION_CONTEXT('2D SPACE',''
  ) );
#7949 = PCURVE('',#7671,#7950);
#7950 = DEFINITIONAL_REPRESENTATION('',(#7951),#7959);
#7951 = ( BOUNDED_CURVE() B_SPLINE_CURVE(2,(#7952,#7953,#7954,#7955,
#7956,#7957,#7958),.UNSPECIFIED.,.T.,.F.) B_SPLINE_CURVE_WITH_KNOTS((1,2
    ,2,2,2,1),(-2.094395102393,0.,2.094395102393,4.188790204786,
6.28318530718,8.377580409573),.UNSPECIFIED.) CURVE() 
GEOMETRIC_REPRESENTATION_ITEM() RATIONAL_B_SPLINE_CURVE((1.,0.5,1.,0.5,
1.,0.5,1.)) REPRESENTATION_ITEM('') );
#7952 = CARTESIAN_POINT('',(10.,-32.));
#7953 = CARTESIAN_POINT('',(10.,-40.66025403784));
#7954 = CARTESIAN_POINT('',(2.5,-36.33012701892));
#7955 = CARTESIAN_POINT('',(-5.,-32.));
#7956 = CARTESIAN_POINT('',(2.5,-27.66987298107));
#7957 = CARTESIAN_POINT('',(10.,-23.33974596215));
#7958 = CARTESIAN_POINT('',(10.,-32.));
#7959 = ( GEOMETRIC_REPRESENTATION_CONTEXT(2) 
PARAMETRIC_REPRESENTATION_CONTEXT() REPRESENTATION_CONTEXT('2D SPACE',''
  ) );
#7960 = ORIENTED_EDGE('',*,*,#7961,.F.);
#7961 = EDGE_CURVE('',#7316,#7934,#7962,.T.);
#7962 = SURFACE_CURVE('',#7963,(#7967,#7974),.PCURVE_S1.);
#7963 = LINE('',#7964,#7965);
#7964 = CARTESIAN_POINT('',(-18.5,18.5,20.3));
#7965 = VECTOR('',#7966,1.);
#7966 = DIRECTION('',(1.,0.,-0.));
#7967 = PCURVE('',#7336,#7968);
#7968 = DEFINITIONAL_REPRESENTATION('',(#7969),#7973);
#7969 = LINE('',#7970,#7971);
#7970 = CARTESIAN_POINT('',(-0.,0.));
#7971 = VECTOR('',#7972,1.);
#7972 = DIRECTION('',(-0.,1.));
#7973 = ( GEOMETRIC_REPRESENTATION_CONTEXT(2) 
PARAMETRIC_REPRESENTATION_CONTEXT() REPRESENTATION_CONTEXT('2D SPACE',''
  ) );
#7974 = PCURVE('',#7364,#7975);
#7975 = DEFINITIONAL_REPRESENTATION('',(#7976),#7980);
#7976 = LINE('',#7977,#7978);
#7977 = CARTESIAN_POINT('',(5.,0.));
#7978 = VECTOR('',#7979,1.);
#7979 = DIRECTION('',(0.,1.));
#7980 = ( GEOMETRIC_REPRESENTATION_CONTEXT(2) 
PARAMETRIC_REPRESENTATION_CONTEXT() REPRESENTATION_CONTEXT('2D SPACE',''
  ) );
#7981 = ADVANCED_FACE('',(#7982),#7393,.T.);
#7982 = FACE_BOUND('',#7983,.T.);
#7983 = EDGE_LOOP('',(#7984,#7985,#7986,#8010));
#7984 = ORIENTED_EDGE('',*,*,#7376,.T.);
#7985 = ORIENTED_EDGE('',*,*,#7907,.T.);
#7986 = ORIENTED_EDGE('',*,*,#7987,.F.);
#7987 = EDGE_CURVE('',#7988,#7885,#7990,.T.);
#7988 = VERTEX_POINT('',#7989);
#7989 = CARTESIAN_POINT('',(-16.5,18.5,52.3));
#7990 = SURFACE_CURVE('',#7991,(#7996,#8003),.PCURVE_S1.);
#7991 = CIRCLE('',#7992,5.);
#7992 = AXIS2_PLACEMENT_3D('',#7993,#7994,#7995);
#7993 = CARTESIAN_POINT('',(-16.5,13.5,52.3));
#7994 = DIRECTION('',(1.,0.,-0.));
#7995 = DIRECTION('',(0.,0.,1.));
#7996 = PCURVE('',#7393,#7997);
#7997 = DEFINITIONAL_REPRESENTATION('',(#7998),#8002);
#7998 = LINE('',#7999,#8000);
#7999 = CARTESIAN_POINT('',(-4.712388980385,2.));
#8000 = VECTOR('',#8001,1.);
#8001 = DIRECTION('',(1.,0.));
#8002 = ( GEOMETRIC_REPRESENTATION_CONTEXT(2) 
PARAMETRIC_REPRESENTATION_CONTEXT() REPRESENTATION_CONTEXT('2D SPACE',''
  ) );
#8003 = PCURVE('',#7671,#8004);
#8004 = DEFINITIONAL_REPRESENTATION('',(#8005),#8009);
#8005 = CIRCLE('',#8006,5.);
#8006 = AXIS2_PLACEMENT_2D('',#8007,#8008);
#8007 = CARTESIAN_POINT('',(37.,-32.));
#8008 = DIRECTION('',(1.,0.));
#8009 = ( GEOMETRIC_REPRESENTATION_CONTEXT(2) 
PARAMETRIC_REPRESENTATION_CONTEXT() REPRESENTATION_CONTEXT('2D SPACE',''
  ) );
#8010 = ORIENTED_EDGE('',*,*,#8011,.F.);
#8011 = EDGE_CURVE('',#7349,#7988,#8012,.T.);
#8012 = SURFACE_CURVE('',#8013,(#8017,#8024),.PCURVE_S1.);
#8013 = LINE('',#8014,#8015);
#8014 = CARTESIAN_POINT('',(-18.5,18.5,52.3));
#8015 = VECTOR('',#8016,1.);
#8016 = DIRECTION('',(1.,0.,-0.));
#8017 = PCURVE('',#7393,#8018);
#8018 = DEFINITIONAL_REPRESENTATION('',(#8019),#8023);
#8019 = LINE('',#8020,#8021);
#8020 = CARTESIAN_POINT('',(0.,0.));
#8021 = VECTOR('',#8022,1.);
#8022 = DIRECTION('',(0.,1.));
#8023 = ( GEOMETRIC_REPRESENTATION_CONTEXT(2) 
PARAMETRIC_REPRESENTATION_CONTEXT() REPRESENTATION_CONTEXT('2D SPACE',''
  ) );
#8024 = PCURVE('',#7364,#8025);
#8025 = DEFINITIONAL_REPRESENTATION('',(#8026),#8030);
#8026 = LINE('',#8027,#8028);
#8027 = CARTESIAN_POINT('',(37.,0.));
#8028 = VECTOR('',#8029,1.);
#8029 = DIRECTION('',(0.,1.));
#8030 = ( GEOMETRIC_REPRESENTATION_CONTEXT(2) 
PARAMETRIC_REPRESENTATION_CONTEXT() REPRESENTATION_CONTEXT('2D SPACE',''
  ) );
#8031 = ADVANCED_FACE('',(#8032),#7364,.T.);
#8032 = FACE_BOUND('',#8033,.T.);
#8033 = EDGE_LOOP('',(#8034,#8055,#8056,#8057));
#8034 = ORIENTED_EDGE('',*,*,#8035,.F.);
#8035 = EDGE_CURVE('',#7934,#7988,#8036,.T.);
#8036 = SURFACE_CURVE('',#8037,(#8041,#8048),.PCURVE_S1.);
#8037 = LINE('',#8038,#8039);
#8038 = CARTESIAN_POINT('',(-16.5,18.5,15.3));
#8039 = VECTOR('',#8040,1.);
#8040 = DIRECTION('',(0.,0.,1.));
#8041 = PCURVE('',#7364,#8042);
#8042 = DEFINITIONAL_REPRESENTATION('',(#8043),#8047);
#8043 = LINE('',#8044,#8045);
#8044 = CARTESIAN_POINT('',(0.,2.));
#8045 = VECTOR('',#8046,1.);
#8046 = DIRECTION('',(1.,0.));
#8047 = ( GEOMETRIC_REPRESENTATION_CONTEXT(2) 
PARAMETRIC_REPRESENTATION_CONTEXT() REPRESENTATION_CONTEXT('2D SPACE',''
  ) );
#8048 = PCURVE('',#7671,#8049);
#8049 = DEFINITIONAL_REPRESENTATION('',(#8050),#8054);
#8050 = LINE('',#8051,#8052);
#8051 = CARTESIAN_POINT('',(0.,-37.));
#8052 = VECTOR('',#8053,1.);
#8053 = DIRECTION('',(1.,0.));
#8054 = ( GEOMETRIC_REPRESENTATION_CONTEXT(2) 
PARAMETRIC_REPRESENTATION_CONTEXT() REPRESENTATION_CONTEXT('2D SPACE',''
  ) );
#8055 = ORIENTED_EDGE('',*,*,#7961,.F.);
#8056 = ORIENTED_EDGE('',*,*,#7348,.T.);
#8057 = ORIENTED_EDGE('',*,*,#8011,.T.);
#8058 = ADVANCED_FACE('',(#8059),#7483,.F.);
#8059 = FACE_BOUND('',#8060,.F.);
#8060 = EDGE_LOOP('',(#8061,#8090,#8111,#8112));
#8061 = ORIENTED_EDGE('',*,*,#8062,.F.);
#8062 = EDGE_CURVE('',#8063,#8063,#8065,.T.);
#8063 = VERTEX_POINT('',#8064);
#8064 = CARTESIAN_POINT('',(-17.60555555555,15.2,17.5));
#8065 = SURFACE_CURVE('',#8066,(#8071,#8078),.PCURVE_S1.);
#8066 = CIRCLE('',#8067,1.1);
#8067 = AXIS2_PLACEMENT_3D('',#8068,#8069,#8070);
#8068 = CARTESIAN_POINT('',(-17.60555555555,15.2,18.6));
#8069 = DIRECTION('',(1.,0.,2.22044604925E-16));
#8070 = DIRECTION('',(-2.22044604925E-16,0.,1.));
#8071 = PCURVE('',#7483,#8072);
#8072 = DEFINITIONAL_REPRESENTATION('',(#8073),#8077);
#8073 = LINE('',#8074,#8075);
#8074 = CARTESIAN_POINT('',(3.14159265359,-0.944444444444));
#8075 = VECTOR('',#8076,1.);
#8076 = DIRECTION('',(-1.,-0.));
#8077 = ( GEOMETRIC_REPRESENTATION_CONTEXT(2) 
PARAMETRIC_REPRESENTATION_CONTEXT() REPRESENTATION_CONTEXT('2D SPACE',''
  ) );
#8078 = PCURVE('',#8079,#8084);
#8079 = CYLINDRICAL_SURFACE('',#8080,1.1);
#8080 = AXIS2_PLACEMENT_3D('',#8081,#8082,#8083);
#8081 = CARTESIAN_POINT('',(-19.5,15.2,18.6));
#8082 = DIRECTION('',(1.,0.,2.22044604925E-16));
#8083 = DIRECTION('',(2.22044604925E-16,0.,-1.));
#8084 = DEFINITIONAL_REPRESENTATION('',(#8085),#8089);
#8085 = LINE('',#8086,#8087);
#8086 = CARTESIAN_POINT('',(-3.14159265359,1.894444444444));
#8087 = VECTOR('',#8088,1.);
#8088 = DIRECTION('',(1.,0.));
#8089 = ( GEOMETRIC_REPRESENTATION_CONTEXT(2) 
PARAMETRIC_REPRESENTATION_CONTEXT() REPRESENTATION_CONTEXT('2D SPACE',''
  ) );
#8090 = ORIENTED_EDGE('',*,*,#8091,.F.);
#8091 = EDGE_CURVE('',#7467,#8063,#8092,.T.);
#8092 = SEAM_CURVE('',#8093,(#8097,#8104),.PCURVE_S1.);
#8093 = LINE('',#8094,#8095);
#8094 = CARTESIAN_POINT('',(-18.55,15.2,16.65));
#8095 = VECTOR('',#8096,1.);
#8096 = DIRECTION('',(0.743294146247,1.638491034648E-16,0.668964731622)
  );
#8097 = PCURVE('',#7483,#8098);
#8098 = DEFINITIONAL_REPRESENTATION('',(#8099),#8103);
#8099 = LINE('',#8100,#8101);
#8100 = CARTESIAN_POINT('',(-6.28318530718,0.));
#8101 = VECTOR('',#8102,1.);
#8102 = DIRECTION('',(-0.,-1.));
#8103 = ( GEOMETRIC_REPRESENTATION_CONTEXT(2) 
PARAMETRIC_REPRESENTATION_CONTEXT() REPRESENTATION_CONTEXT('2D SPACE',''
  ) );
#8104 = PCURVE('',#7483,#8105);
#8105 = DEFINITIONAL_REPRESENTATION('',(#8106),#8110);
#8106 = LINE('',#8107,#8108);
#8107 = CARTESIAN_POINT('',(0.,-0.));
#8108 = VECTOR('',#8109,1.);
#8109 = DIRECTION('',(-0.,-1.));
#8110 = ( GEOMETRIC_REPRESENTATION_CONTEXT(2) 
PARAMETRIC_REPRESENTATION_CONTEXT() REPRESENTATION_CONTEXT('2D SPACE',''
  ) );
#8111 = ORIENTED_EDGE('',*,*,#7466,.T.);
#8112 = ORIENTED_EDGE('',*,*,#8091,.T.);
#8113 = ADVANCED_FACE('',(#8114),#7514,.F.);
#8114 = FACE_BOUND('',#8115,.F.);
#8115 = EDGE_LOOP('',(#8116,#8145,#8166,#8167));
#8116 = ORIENTED_EDGE('',*,*,#8117,.F.);
#8117 = EDGE_CURVE('',#8118,#8118,#8120,.T.);
#8118 = VERTEX_POINT('',#8119);
#8119 = CARTESIAN_POINT('',(-17.60555555555,15.2,52.9));
#8120 = SURFACE_CURVE('',#8121,(#8126,#8133),.PCURVE_S1.);
#8121 = CIRCLE('',#8122,1.1);
#8122 = AXIS2_PLACEMENT_3D('',#8123,#8124,#8125);
#8123 = CARTESIAN_POINT('',(-17.60555555555,15.2,54.));
#8124 = DIRECTION('',(1.,0.,2.22044604925E-16));
#8125 = DIRECTION('',(-2.22044604925E-16,0.,1.));
#8126 = PCURVE('',#7514,#8127);
#8127 = DEFINITIONAL_REPRESENTATION('',(#8128),#8132);
#8128 = LINE('',#8129,#8130);
#8129 = CARTESIAN_POINT('',(3.14159265359,-0.944444444444));
#8130 = VECTOR('',#8131,1.);
#8131 = DIRECTION('',(-1.,-0.));
#8132 = ( GEOMETRIC_REPRESENTATION_CONTEXT(2) 
PARAMETRIC_REPRESENTATION_CONTEXT() REPRESENTATION_CONTEXT('2D SPACE',''
  ) );
#8133 = PCURVE('',#8134,#8139);
#8134 = CYLINDRICAL_SURFACE('',#8135,1.1);
#8135 = AXIS2_PLACEMENT_3D('',#8136,#8137,#8138);
#8136 = CARTESIAN_POINT('',(-19.5,15.2,54.));
#8137 = DIRECTION('',(1.,0.,2.22044604925E-16));
#8138 = DIRECTION('',(2.22044604925E-16,0.,-1.));
#8139 = DEFINITIONAL_REPRESENTATION('',(#8140),#8144);
#8140 = LINE('',#8141,#8142);
#8141 = CARTESIAN_POINT('',(-3.14159265359,1.894444444444));
#8142 = VECTOR('',#8143,1.);
#8143 = DIRECTION('',(1.,0.));
#8144 = ( GEOMETRIC_REPRESENTATION_CONTEXT(2) 
PARAMETRIC_REPRESENTATION_CONTEXT() REPRESENTATION_CONTEXT('2D SPACE',''
  ) );
#8145 = ORIENTED_EDGE('',*,*,#8146,.F.);
#8146 = EDGE_CURVE('',#7498,#8118,#8147,.T.);
#8147 = SEAM_CURVE('',#8148,(#8152,#8159),.PCURVE_S1.);
#8148 = LINE('',#8149,#8150);
#8149 = CARTESIAN_POINT('',(-18.55,15.2,52.05));
#8150 = VECTOR('',#8151,1.);
#8151 = DIRECTION('',(0.743294146247,1.638491034648E-16,0.668964731622)
  );
#8152 = PCURVE('',#7514,#8153);
#8153 = DEFINITIONAL_REPRESENTATION('',(#8154),#8158);
#8154 = LINE('',#8155,#8156);
#8155 = CARTESIAN_POINT('',(-6.28318530718,0.));
#8156 = VECTOR('',#8157,1.);
#8157 = DIRECTION('',(-0.,-1.));
#8158 = ( GEOMETRIC_REPRESENTATION_CONTEXT(2) 
PARAMETRIC_REPRESENTATION_CONTEXT() REPRESENTATION_CONTEXT('2D SPACE',''
  ) );
#8159 = PCURVE('',#7514,#8160);
#8160 = DEFINITIONAL_REPRESENTATION('',(#8161),#8165);
#8161 = LINE('',#8162,#8163);
#8162 = CARTESIAN_POINT('',(0.,-0.));
#8163 = VECTOR('',#8164,1.);
#8164 = DIRECTION('',(-0.,-1.));
#8165 = ( GEOMETRIC_REPRESENTATION_CONTEXT(2) 
PARAMETRIC_REPRESENTATION_CONTEXT() REPRESENTATION_CONTEXT('2D SPACE',''
  ) );
#8166 = ORIENTED_EDGE('',*,*,#7497,.T.);
#8167 = ORIENTED_EDGE('',*,*,#8146,.T.);
#8168 = ADVANCED_FACE('',(#8169),#7545,.F.);
#8169 = FACE_BOUND('',#8170,.F.);
#8170 = EDGE_LOOP('',(#8171,#8195,#8216,#8217));
#8171 = ORIENTED_EDGE('',*,*,#8172,.F.);
#8172 = EDGE_CURVE('',#8173,#8173,#8175,.T.);
#8173 = VERTEX_POINT('',#8174);
#8174 = CARTESIAN_POINT('',(-16.5,-4.45,19.5));
#8175 = SURFACE_CURVE('',#8176,(#8181,#8188),.PCURVE_S1.);
#8176 = CIRCLE('',#8177,1.5);
#8177 = AXIS2_PLACEMENT_3D('',#8178,#8179,#8180);
#8178 = CARTESIAN_POINT('',(-16.5,-4.45,21.));
#8179 = DIRECTION('',(1.,0.,2.22044604925E-16));
#8180 = DIRECTION('',(2.22044604925E-16,0.,-1.));
#8181 = PCURVE('',#7545,#8182);
#8182 = DEFINITIONAL_REPRESENTATION('',(#8183),#8187);
#8183 = LINE('',#8184,#8185);
#8184 = CARTESIAN_POINT('',(0.,3.));
#8185 = VECTOR('',#8186,1.);
#8186 = DIRECTION('',(1.,0.));
#8187 = ( GEOMETRIC_REPRESENTATION_CONTEXT(2) 
PARAMETRIC_REPRESENTATION_CONTEXT() REPRESENTATION_CONTEXT('2D SPACE',''
  ) );
#8188 = PCURVE('',#7671,#8189);
#8189 = DEFINITIONAL_REPRESENTATION('',(#8190),#8194);
#8190 = CIRCLE('',#8191,1.5);
#8191 = AXIS2_PLACEMENT_2D('',#8192,#8193);
#8192 = CARTESIAN_POINT('',(5.7,-14.05));
#8193 = DIRECTION('',(-1.,0.));
#8194 = ( GEOMETRIC_REPRESENTATION_CONTEXT(2) 
PARAMETRIC_REPRESENTATION_CONTEXT() REPRESENTATION_CONTEXT('2D SPACE',''
  ) );
#8195 = ORIENTED_EDGE('',*,*,#8196,.F.);
#8196 = EDGE_CURVE('',#7529,#8173,#8197,.T.);
#8197 = SEAM_CURVE('',#8198,(#8202,#8209),.PCURVE_S1.);
#8198 = LINE('',#8199,#8200);
#8199 = CARTESIAN_POINT('',(-19.5,-4.45,19.5));
#8200 = VECTOR('',#8201,1.);
#8201 = DIRECTION('',(1.,0.,2.22044604925E-16));
#8202 = PCURVE('',#7545,#8203);
#8203 = DEFINITIONAL_REPRESENTATION('',(#8204),#8208);
#8204 = LINE('',#8205,#8206);
#8205 = CARTESIAN_POINT('',(6.28318530718,-0.));
#8206 = VECTOR('',#8207,1.);
#8207 = DIRECTION('',(0.,1.));
#8208 = ( GEOMETRIC_REPRESENTATION_CONTEXT(2) 
PARAMETRIC_REPRESENTATION_CONTEXT() REPRESENTATION_CONTEXT('2D SPACE',''
  ) );
#8209 = PCURVE('',#7545,#8210);
#8210 = DEFINITIONAL_REPRESENTATION('',(#8211),#8215);
#8211 = LINE('',#8212,#8213);
#8212 = CARTESIAN_POINT('',(0.,-0.));
#8213 = VECTOR('',#8214,1.);
#8214 = DIRECTION('',(0.,1.));
#8215 = ( GEOMETRIC_REPRESENTATION_CONTEXT(2) 
PARAMETRIC_REPRESENTATION_CONTEXT() REPRESENTATION_CONTEXT('2D SPACE',''
  ) );
#8216 = ORIENTED_EDGE('',*,*,#7528,.T.);
#8217 = ORIENTED_EDGE('',*,*,#8196,.T.);
#8218 = ADVANCED_FACE('',(#8219),#7576,.F.);
#8219 = FACE_BOUND('',#8220,.F.);
#8220 = EDGE_LOOP('',(#8221,#8250,#8271,#8272));
#8221 = ORIENTED_EDGE('',*,*,#8222,.F.);
#8222 = EDGE_CURVE('',#8223,#8223,#8225,.T.);
#8223 = VERTEX_POINT('',#8224);
#8224 = CARTESIAN_POINT('',(-17.60555555555,-15.2,17.5));
#8225 = SURFACE_CURVE('',#8226,(#8231,#8238),.PCURVE_S1.);
#8226 = CIRCLE('',#8227,1.1);
#8227 = AXIS2_PLACEMENT_3D('',#8228,#8229,#8230);
#8228 = CARTESIAN_POINT('',(-17.60555555555,-15.2,18.6));
#8229 = DIRECTION('',(1.,0.,2.22044604925E-16));
#8230 = DIRECTION('',(-2.22044604925E-16,0.,1.));
#8231 = PCURVE('',#7576,#8232);
#8232 = DEFINITIONAL_REPRESENTATION('',(#8233),#8237);
#8233 = LINE('',#8234,#8235);
#8234 = CARTESIAN_POINT('',(3.14159265359,-0.944444444444));
#8235 = VECTOR('',#8236,1.);
#8236 = DIRECTION('',(-1.,-0.));
#8237 = ( GEOMETRIC_REPRESENTATION_CONTEXT(2) 
PARAMETRIC_REPRESENTATION_CONTEXT() REPRESENTATION_CONTEXT('2D SPACE',''
  ) );
#8238 = PCURVE('',#8239,#8244);
#8239 = CYLINDRICAL_SURFACE('',#8240,1.1);
#8240 = AXIS2_PLACEMENT_3D('',#8241,#8242,#8243);
#8241 = CARTESIAN_POINT('',(-19.5,-15.2,18.6));
#8242 = DIRECTION('',(1.,0.,2.22044604925E-16));
#8243 = DIRECTION('',(2.22044604925E-16,0.,-1.));
#8244 = DEFINITIONAL_REPRESENTATION('',(#8245),#8249);
#8245 = LINE('',#8246,#8247);
#8246 = CARTESIAN_POINT('',(-3.14159265359,1.894444444444));
#8247 = VECTOR('',#8248,1.);
#8248 = DIRECTION('',(1.,0.));
#8249 = ( GEOMETRIC_REPRESENTATION_CONTEXT(2) 
PARAMETRIC_REPRESENTATION_CONTEXT() REPRESENTATION_CONTEXT('2D SPACE',''
  ) );
#8250 = ORIENTED_EDGE('',*,*,#8251,.F.);
#8251 = EDGE_CURVE('',#7560,#8223,#8252,.T.);
#8252 = SEAM_CURVE('',#8253,(#8257,#8264),.PCURVE_S1.);
#8253 = LINE('',#8254,#8255);
#8254 = CARTESIAN_POINT('',(-18.55,-15.2,16.65));
#8255 = VECTOR('',#8256,1.);
#8256 = DIRECTION('',(0.743294146247,1.638491034648E-16,0.668964731622)
  );
#8257 = PCURVE('',#7576,#8258);
#8258 = DEFINITIONAL_REPRESENTATION('',(#8259),#8263);
#8259 = LINE('',#8260,#8261);
#8260 = CARTESIAN_POINT('',(-6.28318530718,0.));
#8261 = VECTOR('',#8262,1.);
#8262 = DIRECTION('',(-0.,-1.));
#8263 = ( GEOMETRIC_REPRESENTATION_CONTEXT(2) 
PARAMETRIC_REPRESENTATION_CONTEXT() REPRESENTATION_CONTEXT('2D SPACE',''
  ) );
#8264 = PCURVE('',#7576,#8265);
#8265 = DEFINITIONAL_REPRESENTATION('',(#8266),#8270);
#8266 = LINE('',#8267,#8268);
#8267 = CARTESIAN_POINT('',(0.,-0.));
#8268 = VECTOR('',#8269,1.);
#8269 = DIRECTION('',(-0.,-1.));
#8270 = ( GEOMETRIC_REPRESENTATION_CONTEXT(2) 
PARAMETRIC_REPRESENTATION_CONTEXT() REPRESENTATION_CONTEXT('2D SPACE',''
  ) );
#8271 = ORIENTED_EDGE('',*,*,#7559,.T.);
#8272 = ORIENTED_EDGE('',*,*,#8251,.T.);
#8273 = ADVANCED_FACE('',(#8274),#7607,.F.);
#8274 = FACE_BOUND('',#8275,.F.);
#8275 = EDGE_LOOP('',(#8276,#8300,#8321,#8322));
#8276 = ORIENTED_EDGE('',*,*,#8277,.F.);
#8277 = EDGE_CURVE('',#8278,#8278,#8280,.T.);
#8278 = VERTEX_POINT('',#8279);
#8279 = CARTESIAN_POINT('',(-16.5,-1.224646799147E-15,39.3));
#8280 = SURFACE_CURVE('',#8281,(#8286,#8293),.PCURVE_S1.);
#8281 = CIRCLE('',#8282,5.);
#8282 = AXIS2_PLACEMENT_3D('',#8283,#8284,#8285);
#8283 = CARTESIAN_POINT('',(-16.5,0.,44.3));
#8284 = DIRECTION('',(1.,0.,2.22044604925E-16));
#8285 = DIRECTION('',(2.22044604925E-16,0.,-1.));
#8286 = PCURVE('',#7607,#8287);
#8287 = DEFINITIONAL_REPRESENTATION('',(#8288),#8292);
#8288 = LINE('',#8289,#8290);
#8289 = CARTESIAN_POINT('',(0.,3.));
#8290 = VECTOR('',#8291,1.);
#8291 = DIRECTION('',(1.,0.));
#8292 = ( GEOMETRIC_REPRESENTATION_CONTEXT(2) 
PARAMETRIC_REPRESENTATION_CONTEXT() REPRESENTATION_CONTEXT('2D SPACE',''
  ) );
#8293 = PCURVE('',#7671,#8294);
#8294 = DEFINITIONAL_REPRESENTATION('',(#8295),#8299);
#8295 = CIRCLE('',#8296,5.);
#8296 = AXIS2_PLACEMENT_2D('',#8297,#8298);
#8297 = CARTESIAN_POINT('',(29.,-18.5));
#8298 = DIRECTION('',(-1.,0.));
#8299 = ( GEOMETRIC_REPRESENTATION_CONTEXT(2) 
PARAMETRIC_REPRESENTATION_CONTEXT() REPRESENTATION_CONTEXT('2D SPACE',''
  ) );
#8300 = ORIENTED_EDGE('',*,*,#8301,.F.);
#8301 = EDGE_CURVE('',#7591,#8278,#8302,.T.);
#8302 = SEAM_CURVE('',#8303,(#8307,#8314),.PCURVE_S1.);
#8303 = LINE('',#8304,#8305);
#8304 = CARTESIAN_POINT('',(-19.5,-1.224646799147E-15,39.3));
#8305 = VECTOR('',#8306,1.);
#8306 = DIRECTION('',(1.,0.,2.22044604925E-16));
#8307 = PCURVE('',#7607,#8308);
#8308 = DEFINITIONAL_REPRESENTATION('',(#8309),#8313);
#8309 = LINE('',#8310,#8311);
#8310 = CARTESIAN_POINT('',(6.28318530718,-0.));
#8311 = VECTOR('',#8312,1.);
#8312 = DIRECTION('',(0.,1.));
#8313 = ( GEOMETRIC_REPRESENTATION_CONTEXT(2) 
PARAMETRIC_REPRESENTATION_CONTEXT() REPRESENTATION_CONTEXT('2D SPACE',''
  ) );
#8314 = PCURVE('',#7607,#8315);
#8315 = DEFINITIONAL_REPRESENTATION('',(#8316),#8320);
#8316 = LINE('',#8317,#8318);
#8317 = CARTESIAN_POINT('',(0.,-0.));
#8318 = VECTOR('',#8319,1.);
#8319 = DIRECTION('',(0.,1.));
#8320 = ( GEOMETRIC_REPRESENTATION_CONTEXT(2) 
PARAMETRIC_REPRESENTATION_CONTEXT() REPRESENTATION_CONTEXT('2D SPACE',''
  ) );
#8321 = ORIENTED_EDGE('',*,*,#7590,.T.);
#8322 = ORIENTED_EDGE('',*,*,#8301,.T.);
#8323 = ADVANCED_FACE('',(#8324),#7638,.F.);
#8324 = FACE_BOUND('',#8325,.F.);
#8325 = EDGE_LOOP('',(#8326,#8355,#8376,#8377));
#8326 = ORIENTED_EDGE('',*,*,#8327,.F.);
#8327 = EDGE_CURVE('',#8328,#8328,#8330,.T.);
#8328 = VERTEX_POINT('',#8329);
#8329 = CARTESIAN_POINT('',(-17.60555555555,-15.2,52.9));
#8330 = SURFACE_CURVE('',#8331,(#8336,#8343),.PCURVE_S1.);
#8331 = CIRCLE('',#8332,1.1);
#8332 = AXIS2_PLACEMENT_3D('',#8333,#8334,#8335);
#8333 = CARTESIAN_POINT('',(-17.60555555555,-15.2,54.));
#8334 = DIRECTION('',(1.,0.,2.22044604925E-16));
#8335 = DIRECTION('',(-2.22044604925E-16,0.,1.));
#8336 = PCURVE('',#7638,#8337);
#8337 = DEFINITIONAL_REPRESENTATION('',(#8338),#8342);
#8338 = LINE('',#8339,#8340);
#8339 = CARTESIAN_POINT('',(3.14159265359,-0.944444444444));
#8340 = VECTOR('',#8341,1.);
#8341 = DIRECTION('',(-1.,-0.));
#8342 = ( GEOMETRIC_REPRESENTATION_CONTEXT(2) 
PARAMETRIC_REPRESENTATION_CONTEXT() REPRESENTATION_CONTEXT('2D SPACE',''
  ) );
#8343 = PCURVE('',#8344,#8349);
#8344 = CYLINDRICAL_SURFACE('',#8345,1.1);
#8345 = AXIS2_PLACEMENT_3D('',#8346,#8347,#8348);
#8346 = CARTESIAN_POINT('',(-19.5,-15.2,54.));
#8347 = DIRECTION('',(1.,0.,2.22044604925E-16));
#8348 = DIRECTION('',(2.22044604925E-16,0.,-1.));
#8349 = DEFINITIONAL_REPRESENTATION('',(#8350),#8354);
#8350 = LINE('',#8351,#8352);
#8351 = CARTESIAN_POINT('',(-3.14159265359,1.894444444444));
#8352 = VECTOR('',#8353,1.);
#8353 = DIRECTION('',(1.,0.));
#8354 = ( GEOMETRIC_REPRESENTATION_CONTEXT(2) 
PARAMETRIC_REPRESENTATION_CONTEXT() REPRESENTATION_CONTEXT('2D SPACE',''
  ) );
#8355 = ORIENTED_EDGE('',*,*,#8356,.F.);
#8356 = EDGE_CURVE('',#7622,#8328,#8357,.T.);
#8357 = SEAM_CURVE('',#8358,(#8362,#8369),.PCURVE_S1.);
#8358 = LINE('',#8359,#8360);
#8359 = CARTESIAN_POINT('',(-18.55,-15.2,52.05));
#8360 = VECTOR('',#8361,1.);
#8361 = DIRECTION('',(0.743294146247,1.638491034648E-16,0.668964731622)
  );
#8362 = PCURVE('',#7638,#8363);
#8363 = DEFINITIONAL_REPRESENTATION('',(#8364),#8368);
#8364 = LINE('',#8365,#8366);
#8365 = CARTESIAN_POINT('',(-6.28318530718,0.));
#8366 = VECTOR('',#8367,1.);
#8367 = DIRECTION('',(-0.,-1.));
#8368 = ( GEOMETRIC_REPRESENTATION_CONTEXT(2) 
PARAMETRIC_REPRESENTATION_CONTEXT() REPRESENTATION_CONTEXT('2D SPACE',''
  ) );
#8369 = PCURVE('',#7638,#8370);
#8370 = DEFINITIONAL_REPRESENTATION('',(#8371),#8375);
#8371 = LINE('',#8372,#8373);
#8372 = CARTESIAN_POINT('',(0.,-0.));
#8373 = VECTOR('',#8374,1.);
#8374 = DIRECTION('',(-0.,-1.));
#8375 = ( GEOMETRIC_REPRESENTATION_CONTEXT(2) 
PARAMETRIC_REPRESENTATION_CONTEXT() REPRESENTATION_CONTEXT('2D SPACE',''
  ) );
#8376 = ORIENTED_EDGE('',*,*,#7621,.T.);
#8377 = ORIENTED_EDGE('',*,*,#8356,.T.);
#8378 = ADVANCED_FACE('',(#8379,#8389,#8415,#8441,#8444,#8470,#8473),
  #7671,.T.);
#8379 = FACE_BOUND('',#8380,.T.);
#8380 = EDGE_LOOP('',(#8381,#8382,#8383,#8384,#8385,#8386,#8387,#8388));
#8381 = ORIENTED_EDGE('',*,*,#7653,.F.);
#8382 = ORIENTED_EDGE('',*,*,#7753,.T.);
#8383 = ORIENTED_EDGE('',*,*,#7835,.T.);
#8384 = ORIENTED_EDGE('',*,*,#7933,.F.);
#8385 = ORIENTED_EDGE('',*,*,#8035,.T.);
#8386 = ORIENTED_EDGE('',*,*,#7987,.T.);
#8387 = ORIENTED_EDGE('',*,*,#7884,.F.);
#8388 = ORIENTED_EDGE('',*,*,#7803,.F.);
#8389 = FACE_BOUND('',#8390,.T.);
#8390 = EDGE_LOOP('',(#8391));
#8391 = ORIENTED_EDGE('',*,*,#8392,.F.);
#8392 = EDGE_CURVE('',#8393,#8393,#8395,.T.);
#8393 = VERTEX_POINT('',#8394);
#8394 = CARTESIAN_POINT('',(-16.5,15.2,17.5));
#8395 = SURFACE_CURVE('',#8396,(#8401,#8408),.PCURVE_S1.);
#8396 = CIRCLE('',#8397,1.1);
#8397 = AXIS2_PLACEMENT_3D('',#8398,#8399,#8400);
#8398 = CARTESIAN_POINT('',(-16.5,15.2,18.6));
#8399 = DIRECTION('',(1.,0.,2.22044604925E-16));
#8400 = DIRECTION('',(2.22044604925E-16,0.,-1.));
#8401 = PCURVE('',#7671,#8402);
#8402 = DEFINITIONAL_REPRESENTATION('',(#8403),#8407);
#8403 = CIRCLE('',#8404,1.1);
#8404 = AXIS2_PLACEMENT_2D('',#8405,#8406);
#8405 = CARTESIAN_POINT('',(3.3,-33.7));
#8406 = DIRECTION('',(-1.,0.));
#8407 = ( GEOMETRIC_REPRESENTATION_CONTEXT(2) 
PARAMETRIC_REPRESENTATION_CONTEXT() REPRESENTATION_CONTEXT('2D SPACE',''
  ) );
#8408 = PCURVE('',#8079,#8409);
#8409 = DEFINITIONAL_REPRESENTATION('',(#8410),#8414);
#8410 = LINE('',#8411,#8412);
#8411 = CARTESIAN_POINT('',(0.,3.));
#8412 = VECTOR('',#8413,1.);
#8413 = DIRECTION('',(1.,0.));
#8414 = ( GEOMETRIC_REPRESENTATION_CONTEXT(2) 
PARAMETRIC_REPRESENTATION_CONTEXT() REPRESENTATION_CONTEXT('2D SPACE',''
  ) );
#8415 = FACE_BOUND('',#8416,.T.);
#8416 = EDGE_LOOP('',(#8417));
#8417 = ORIENTED_EDGE('',*,*,#8418,.F.);
#8418 = EDGE_CURVE('',#8419,#8419,#8421,.T.);
#8419 = VERTEX_POINT('',#8420);
#8420 = CARTESIAN_POINT('',(-16.5,15.2,52.9));
#8421 = SURFACE_CURVE('',#8422,(#8427,#8434),.PCURVE_S1.);
#8422 = CIRCLE('',#8423,1.1);
#8423 = AXIS2_PLACEMENT_3D('',#8424,#8425,#8426);
#8424 = CARTESIAN_POINT('',(-16.5,15.2,54.));
#8425 = DIRECTION('',(1.,0.,2.22044604925E-16));
#8426 = DIRECTION('',(2.22044604925E-16,0.,-1.));
#8427 = PCURVE('',#7671,#8428);
#8428 = DEFINITIONAL_REPRESENTATION('',(#8429),#8433);
#8429 = CIRCLE('',#8430,1.1);
#8430 = AXIS2_PLACEMENT_2D('',#8431,#8432);
#8431 = CARTESIAN_POINT('',(38.7,-33.7));
#8432 = DIRECTION('',(-1.,0.));
#8433 = ( GEOMETRIC_REPRESENTATION_CONTEXT(2) 
PARAMETRIC_REPRESENTATION_CONTEXT() REPRESENTATION_CONTEXT('2D SPACE',''
  ) );
#8434 = PCURVE('',#8134,#8435);
#8435 = DEFINITIONAL_REPRESENTATION('',(#8436),#8440);
#8436 = LINE('',#8437,#8438);
#8437 = CARTESIAN_POINT('',(0.,3.));
#8438 = VECTOR('',#8439,1.);
#8439 = DIRECTION('',(1.,0.));
#8440 = ( GEOMETRIC_REPRESENTATION_CONTEXT(2) 
PARAMETRIC_REPRESENTATION_CONTEXT() REPRESENTATION_CONTEXT('2D SPACE',''
  ) );
#8441 = FACE_BOUND('',#8442,.T.);
#8442 = EDGE_LOOP('',(#8443));
#8443 = ORIENTED_EDGE('',*,*,#8172,.F.);
#8444 = FACE_BOUND('',#8445,.T.);
#8445 = EDGE_LOOP('',(#8446));
#8446 = ORIENTED_EDGE('',*,*,#8447,.F.);
#8447 = EDGE_CURVE('',#8448,#8448,#8450,.T.);
#8448 = VERTEX_POINT('',#8449);
#8449 = CARTESIAN_POINT('',(-16.5,-15.2,17.5));
#8450 = SURFACE_CURVE('',#8451,(#8456,#8463),.PCURVE_S1.);
#8451 = CIRCLE('',#8452,1.1);
#8452 = AXIS2_PLACEMENT_3D('',#8453,#8454,#8455);
#8453 = CARTESIAN_POINT('',(-16.5,-15.2,18.6));
#8454 = DIRECTION('',(1.,0.,2.22044604925E-16));
#8455 = DIRECTION('',(2.22044604925E-16,0.,-1.));
#8456 = PCURVE('',#7671,#8457);
#8457 = DEFINITIONAL_REPRESENTATION('',(#8458),#8462);
#8458 = CIRCLE('',#8459,1.1);
#8459 = AXIS2_PLACEMENT_2D('',#8460,#8461);
#8460 = CARTESIAN_POINT('',(3.3,-3.3));
#8461 = DIRECTION('',(-1.,0.));
#8462 = ( GEOMETRIC_REPRESENTATION_CONTEXT(2) 
PARAMETRIC_REPRESENTATION_CONTEXT() REPRESENTATION_CONTEXT('2D SPACE',''
  ) );
#8463 = PCURVE('',#8239,#8464);
#8464 = DEFINITIONAL_REPRESENTATION('',(#8465),#8469);
#8465 = LINE('',#8466,#8467);
#8466 = CARTESIAN_POINT('',(0.,3.));
#8467 = VECTOR('',#8468,1.);
#8468 = DIRECTION('',(1.,0.));
#8469 = ( GEOMETRIC_REPRESENTATION_CONTEXT(2) 
PARAMETRIC_REPRESENTATION_CONTEXT() REPRESENTATION_CONTEXT('2D SPACE',''
  ) );
#8470 = FACE_BOUND('',#8471,.T.);
#8471 = EDGE_LOOP('',(#8472));
#8472 = ORIENTED_EDGE('',*,*,#8277,.F.);
#8473 = FACE_BOUND('',#8474,.T.);
#8474 = EDGE_LOOP('',(#8475));
#8475 = ORIENTED_EDGE('',*,*,#8476,.F.);
#8476 = EDGE_CURVE('',#8477,#8477,#8479,.T.);
#8477 = VERTEX_POINT('',#8478);
#8478 = CARTESIAN_POINT('',(-16.5,-15.2,52.9));
#8479 = SURFACE_CURVE('',#8480,(#8485,#8492),.PCURVE_S1.);
#8480 = CIRCLE('',#8481,1.1);
#8481 = AXIS2_PLACEMENT_3D('',#8482,#8483,#8484);
#8482 = CARTESIAN_POINT('',(-16.5,-15.2,54.));
#8483 = DIRECTION('',(1.,0.,2.22044604925E-16));
#8484 = DIRECTION('',(2.22044604925E-16,0.,-1.));
#8485 = PCURVE('',#7671,#8486);
#8486 = DEFINITIONAL_REPRESENTATION('',(#8487),#8491);
#8487 = CIRCLE('',#8488,1.1);
#8488 = AXIS2_PLACEMENT_2D('',#8489,#8490);
#8489 = CARTESIAN_POINT('',(38.7,-3.3));
#8490 = DIRECTION('',(-1.,0.));
#8491 = ( GEOMETRIC_REPRESENTATION_CONTEXT(2) 
PARAMETRIC_REPRESENTATION_CONTEXT() REPRESENTATION_CONTEXT('2D SPACE',''
  ) );
#8492 = PCURVE('',#8344,#8493);
#8493 = DEFINITIONAL_REPRESENTATION('',(#8494),#8498);
#8494 = LINE('',#8495,#8496);
#8495 = CARTESIAN_POINT('',(0.,3.));
#8496 = VECTOR('',#8497,1.);
#8497 = DIRECTION('',(1.,0.));
#8498 = ( GEOMETRIC_REPRESENTATION_CONTEXT(2) 
PARAMETRIC_REPRESENTATION_CONTEXT() REPRESENTATION_CONTEXT('2D SPACE',''
  ) );
#8499 = ADVANCED_FACE('',(#8500),#8079,.F.);
#8500 = FACE_BOUND('',#8501,.F.);
#8501 = EDGE_LOOP('',(#8502,#8523,#8524,#8525));
#8502 = ORIENTED_EDGE('',*,*,#8503,.T.);
#8503 = EDGE_CURVE('',#8063,#8393,#8504,.T.);
#8504 = SEAM_CURVE('',#8505,(#8509,#8516),.PCURVE_S1.);
#8505 = LINE('',#8506,#8507);
#8506 = CARTESIAN_POINT('',(-19.5,15.2,17.5));
#8507 = VECTOR('',#8508,1.);
#8508 = DIRECTION('',(1.,0.,2.22044604925E-16));
#8509 = PCURVE('',#8079,#8510);
#8510 = DEFINITIONAL_REPRESENTATION('',(#8511),#8515);
#8511 = LINE('',#8512,#8513);
#8512 = CARTESIAN_POINT('',(6.28318530718,-0.));
#8513 = VECTOR('',#8514,1.);
#8514 = DIRECTION('',(0.,1.));
#8515 = ( GEOMETRIC_REPRESENTATION_CONTEXT(2) 
PARAMETRIC_REPRESENTATION_CONTEXT() REPRESENTATION_CONTEXT('2D SPACE',''
  ) );
#8516 = PCURVE('',#8079,#8517);
#8517 = DEFINITIONAL_REPRESENTATION('',(#8518),#8522);
#8518 = LINE('',#8519,#8520);
#8519 = CARTESIAN_POINT('',(0.,-0.));
#8520 = VECTOR('',#8521,1.);
#8521 = DIRECTION('',(0.,1.));
#8522 = ( GEOMETRIC_REPRESENTATION_CONTEXT(2) 
PARAMETRIC_REPRESENTATION_CONTEXT() REPRESENTATION_CONTEXT('2D SPACE',''
  ) );
#8523 = ORIENTED_EDGE('',*,*,#8392,.F.);
#8524 = ORIENTED_EDGE('',*,*,#8503,.F.);
#8525 = ORIENTED_EDGE('',*,*,#8062,.T.);
#8526 = ADVANCED_FACE('',(#8527),#8134,.F.);
#8527 = FACE_BOUND('',#8528,.F.);
#8528 = EDGE_LOOP('',(#8529,#8550,#8551,#8552));
#8529 = ORIENTED_EDGE('',*,*,#8530,.T.);
#8530 = EDGE_CURVE('',#8118,#8419,#8531,.T.);
#8531 = SEAM_CURVE('',#8532,(#8536,#8543),.PCURVE_S1.);
#8532 = LINE('',#8533,#8534);
#8533 = CARTESIAN_POINT('',(-19.5,15.2,52.9));
#8534 = VECTOR('',#8535,1.);
#8535 = DIRECTION('',(1.,0.,2.22044604925E-16));
#8536 = PCURVE('',#8134,#8537);
#8537 = DEFINITIONAL_REPRESENTATION('',(#8538),#8542);
#8538 = LINE('',#8539,#8540);
#8539 = CARTESIAN_POINT('',(6.28318530718,-0.));
#8540 = VECTOR('',#8541,1.);
#8541 = DIRECTION('',(0.,1.));
#8542 = ( GEOMETRIC_REPRESENTATION_CONTEXT(2) 
PARAMETRIC_REPRESENTATION_CONTEXT() REPRESENTATION_CONTEXT('2D SPACE',''
  ) );
#8543 = PCURVE('',#8134,#8544);
#8544 = DEFINITIONAL_REPRESENTATION('',(#8545),#8549);
#8545 = LINE('',#8546,#8547);
#8546 = CARTESIAN_POINT('',(0.,-0.));
#8547 = VECTOR('',#8548,1.);
#8548 = DIRECTION('',(0.,1.));
#8549 = ( GEOMETRIC_REPRESENTATION_CONTEXT(2) 
PARAMETRIC_REPRESENTATION_CONTEXT() REPRESENTATION_CONTEXT('2D SPACE',''
  ) );
#8550 = ORIENTED_EDGE('',*,*,#8418,.F.);
#8551 = ORIENTED_EDGE('',*,*,#8530,.F.);
#8552 = ORIENTED_EDGE('',*,*,#8117,.T.);
#8553 = ADVANCED_FACE('',(#8554),#8239,.F.);
#8554 = FACE_BOUND('',#8555,.F.);
#8555 = EDGE_LOOP('',(#8556,#8577,#8578,#8579));
#8556 = ORIENTED_EDGE('',*,*,#8557,.T.);
#8557 = EDGE_CURVE('',#8223,#8448,#8558,.T.);
#8558 = SEAM_CURVE('',#8559,(#8563,#8570),.PCURVE_S1.);
#8559 = LINE('',#8560,#8561);
#8560 = CARTESIAN_POINT('',(-19.5,-15.2,17.5));
#8561 = VECTOR('',#8562,1.);
#8562 = DIRECTION('',(1.,0.,2.22044604925E-16));
#8563 = PCURVE('',#8239,#8564);
#8564 = DEFINITIONAL_REPRESENTATION('',(#8565),#8569);
#8565 = LINE('',#8566,#8567);
#8566 = CARTESIAN_POINT('',(6.28318530718,-0.));
#8567 = VECTOR('',#8568,1.);
#8568 = DIRECTION('',(0.,1.));
#8569 = ( GEOMETRIC_REPRESENTATION_CONTEXT(2) 
PARAMETRIC_REPRESENTATION_CONTEXT() REPRESENTATION_CONTEXT('2D SPACE',''
  ) );
#8570 = PCURVE('',#8239,#8571);
#8571 = DEFINITIONAL_REPRESENTATION('',(#8572),#8576);
#8572 = LINE('',#8573,#8574);
#8573 = CARTESIAN_POINT('',(0.,-0.));
#8574 = VECTOR('',#8575,1.);
#8575 = DIRECTION('',(0.,1.));
#8576 = ( GEOMETRIC_REPRESENTATION_CONTEXT(2) 
PARAMETRIC_REPRESENTATION_CONTEXT() REPRESENTATION_CONTEXT('2D SPACE',''
  ) );
#8577 = ORIENTED_EDGE('',*,*,#8447,.F.);
#8578 = ORIENTED_EDGE('',*,*,#8557,.F.);
#8579 = ORIENTED_EDGE('',*,*,#8222,.T.);
#8580 = ADVANCED_FACE('',(#8581),#8344,.F.);
#8581 = FACE_BOUND('',#8582,.F.);
#8582 = EDGE_LOOP('',(#8583,#8604,#8605,#8606));
#8583 = ORIENTED_EDGE('',*,*,#8584,.T.);
#8584 = EDGE_CURVE('',#8328,#8477,#8585,.T.);
#8585 = SEAM_CURVE('',#8586,(#8590,#8597),.PCURVE_S1.);
#8586 = LINE('',#8587,#8588);
#8587 = CARTESIAN_POINT('',(-19.5,-15.2,52.9));
#8588 = VECTOR('',#8589,1.);
#8589 = DIRECTION('',(1.,0.,2.22044604925E-16));
#8590 = PCURVE('',#8344,#8591);
#8591 = DEFINITIONAL_REPRESENTATION('',(#8592),#8596);
#8592 = LINE('',#8593,#8594);
#8593 = CARTESIAN_POINT('',(6.28318530718,-0.));
#8594 = VECTOR('',#8595,1.);
#8595 = DIRECTION('',(0.,1.));
#8596 = ( GEOMETRIC_REPRESENTATION_CONTEXT(2) 
PARAMETRIC_REPRESENTATION_CONTEXT() REPRESENTATION_CONTEXT('2D SPACE',''
  ) );
#8597 = PCURVE('',#8344,#8598);
#8598 = DEFINITIONAL_REPRESENTATION('',(#8599),#8603);
#8599 = LINE('',#8600,#8601);
#8600 = CARTESIAN_POINT('',(0.,-0.));
#8601 = VECTOR('',#8602,1.);
#8602 = DIRECTION('',(0.,1.));
#8603 = ( GEOMETRIC_REPRESENTATION_CONTEXT(2) 
PARAMETRIC_REPRESENTATION_CONTEXT() REPRESENTATION_CONTEXT('2D SPACE',''
  ) );
#8604 = ORIENTED_EDGE('',*,*,#8476,.F.);
#8605 = ORIENTED_EDGE('',*,*,#8584,.F.);
#8606 = ORIENTED_EDGE('',*,*,#8327,.T.);
#8607 = ( GEOMETRIC_REPRESENTATION_CONTEXT(3) 
GLOBAL_UNCERTAINTY_ASSIGNED_CONTEXT((#8611)) 
GLOBAL_UNIT_ASSIGNED_CONTEXT((#8608,#8609,#8610)) REPRESENTATION_CONTEXT
('Context #1','3D Context with UNIT and UNCERTAINTY') );
#8608 = ( LENGTH_UNIT() NAMED_UNIT(*) SI_UNIT(.MILLI.,.METRE.) );
#8609 = ( NAMED_UNIT(*) PLANE_ANGLE_UNIT() SI_UNIT($,.RADIAN.) );
#8610 = ( NAMED_UNIT(*) SI_UNIT($,.STERADIAN.) SOLID_ANGLE_UNIT() );
#8611 = UNCERTAINTY_MEASURE_WITH_UNIT(LENGTH_MEASURE(1.E-07),#8608,
  'distance_accuracy_value','confusion accuracy');
#8612 = CONTEXT_DEPENDENT_SHAPE_REPRESENTATION(#8613,#8615);
#8613 = ( REPRESENTATION_RELATIONSHIP('','',#7216,#10) 
REPRESENTATION_RELATIONSHIP_WITH_TRANSFORMATION(#8614) 
SHAPE_REPRESENTATION_RELATIONSHIP() );
#8614 = ITEM_DEFINED_TRANSFORMATION('','',#11,#51);
#8615 = PRODUCT_DEFINITION_SHAPE('Placement','Placement of an item',
  #8616);
#8616 = NEXT_ASSEMBLY_USAGE_OCCURRENCE('10','=>[0:1:1:11]','',#5,#7211,$
  );
#8617 = PRODUCT_RELATED_PRODUCT_CATEGORY('part',$,(#7213));
#8618 = SHAPE_DEFINITION_REPRESENTATION(#8619,#8625);
#8619 = PRODUCT_DEFINITION_SHAPE('','',#8620);
#8620 = PRODUCT_DEFINITION('design','',#8621,#8624);
#8621 = PRODUCT_DEFINITION_FORMATION('','',#8622);
#8622 = PRODUCT('COMPOUND','COMPOUND','',(#8623));
#8623 = PRODUCT_CONTEXT('',#2,'mechanical');
#8624 = PRODUCT_DEFINITION_CONTEXT('part definition',#2,'design');
#8625 = SHAPE_REPRESENTATION('',(#11,#8626,#8814,#9002,#9190),#9378);
#8626 = MANIFOLD_SOLID_BREP('',#8627);
#8627 = CLOSED_SHELL('',(#8628,#8716,#8751,#8755,#8810));
#8628 = ADVANCED_FACE('',(#8629),#8642,.T.);
#8629 = FACE_BOUND('',#8630,.T.);
#8630 = EDGE_LOOP('',(#8631,#8665,#8688,#8715));
#8631 = ORIENTED_EDGE('',*,*,#8632,.F.);
#8632 = EDGE_CURVE('',#8633,#8633,#8635,.T.);
#8633 = VERTEX_POINT('',#8634);
#8634 = CARTESIAN_POINT('',(-17.6,-15.2,17.524));
#8635 = SURFACE_CURVE('',#8636,(#8641,#8653),.PCURVE_S1.);
#8636 = CIRCLE('',#8637,1.076);
#8637 = AXIS2_PLACEMENT_3D('',#8638,#8639,#8640);
#8638 = CARTESIAN_POINT('',(-17.6,-15.2,18.6));
#8639 = DIRECTION('',(1.,-0.,2.22044604925E-16));
#8640 = DIRECTION('',(2.22044604925E-16,0.,-1.));
#8641 = PCURVE('',#8642,#8647);
#8642 = CONICAL_SURFACE('',#8643,1.85,0.732815101787);
#8643 = AXIS2_PLACEMENT_3D('',#8644,#8645,#8646);
#8644 = CARTESIAN_POINT('',(-18.46,-15.2,18.6));
#8645 = DIRECTION('',(-1.,-0.,-2.22044604925E-16));
#8646 = DIRECTION('',(2.22044604925E-16,0.,-1.));
#8647 = DEFINITIONAL_REPRESENTATION('',(#8648),#8652);
#8648 = LINE('',#8649,#8650);
#8649 = CARTESIAN_POINT('',(-0.,-0.86));
#8650 = VECTOR('',#8651,1.);
#8651 = DIRECTION('',(-1.,-0.));
#8652 = ( GEOMETRIC_REPRESENTATION_CONTEXT(2) 
PARAMETRIC_REPRESENTATION_CONTEXT() REPRESENTATION_CONTEXT('2D SPACE',''
  ) );
#8653 = PCURVE('',#8654,#8659);
#8654 = PLANE('',#8655);
#8655 = AXIS2_PLACEMENT_3D('',#8656,#8657,#8658);
#8656 = CARTESIAN_POINT('',(-17.6,-15.2,18.6));
#8657 = DIRECTION('',(1.,0.,2.22044604925E-16));
#8658 = DIRECTION('',(2.22044604925E-16,0.,-1.));
#8659 = DEFINITIONAL_REPRESENTATION('',(#8660),#8664);
#8660 = CIRCLE('',#8661,1.076);
#8661 = AXIS2_PLACEMENT_2D('',#8662,#8663);
#8662 = CARTESIAN_POINT('',(0.,0.));
#8663 = DIRECTION('',(1.,0.));
#8664 = ( GEOMETRIC_REPRESENTATION_CONTEXT(2) 
PARAMETRIC_REPRESENTATION_CONTEXT() REPRESENTATION_CONTEXT('2D SPACE',''
  ) );
#8665 = ORIENTED_EDGE('',*,*,#8666,.F.);
#8666 = EDGE_CURVE('',#8667,#8633,#8669,.T.);
#8667 = VERTEX_POINT('',#8668);
#8668 = CARTESIAN_POINT('',(-18.46,-15.2,16.75));
#8669 = SEAM_CURVE('',#8670,(#8674,#8681),.PCURVE_S1.);
#8670 = LINE('',#8671,#8672);
#8671 = CARTESIAN_POINT('',(-18.46,-15.2,16.75));
#8672 = VECTOR('',#8673,1.);
#8673 = DIRECTION('',(0.743294146247,1.638491034648E-16,0.668964731622)
  );
#8674 = PCURVE('',#8642,#8675);
#8675 = DEFINITIONAL_REPRESENTATION('',(#8676),#8680);
#8676 = LINE('',#8677,#8678);
#8677 = CARTESIAN_POINT('',(-6.28318530718,0.));
#8678 = VECTOR('',#8679,1.);
#8679 = DIRECTION('',(-0.,-1.));
#8680 = ( GEOMETRIC_REPRESENTATION_CONTEXT(2) 
PARAMETRIC_REPRESENTATION_CONTEXT() REPRESENTATION_CONTEXT('2D SPACE',''
  ) );
#8681 = PCURVE('',#8642,#8682);
#8682 = DEFINITIONAL_REPRESENTATION('',(#8683),#8687);
#8683 = LINE('',#8684,#8685);
#8684 = CARTESIAN_POINT('',(0.,-0.));
#8685 = VECTOR('',#8686,1.);
#8686 = DIRECTION('',(-0.,-1.));
#8687 = ( GEOMETRIC_REPRESENTATION_CONTEXT(2) 
PARAMETRIC_REPRESENTATION_CONTEXT() REPRESENTATION_CONTEXT('2D SPACE',''
  ) );
#8688 = ORIENTED_EDGE('',*,*,#8689,.T.);
#8689 = EDGE_CURVE('',#8667,#8667,#8690,.T.);
#8690 = SURFACE_CURVE('',#8691,(#8696,#8703),.PCURVE_S1.);
#8691 = CIRCLE('',#8692,1.85);
#8692 = AXIS2_PLACEMENT_3D('',#8693,#8694,#8695);
#8693 = CARTESIAN_POINT('',(-18.46,-15.2,18.6));
#8694 = DIRECTION('',(1.,-0.,2.22044604925E-16));
#8695 = DIRECTION('',(2.22044604925E-16,0.,-1.));
#8696 = PCURVE('',#8642,#8697);
#8697 = DEFINITIONAL_REPRESENTATION('',(#8698),#8702);
#8698 = LINE('',#8699,#8700);
#8699 = CARTESIAN_POINT('',(-0.,-0.));
#8700 = VECTOR('',#8701,1.);
#8701 = DIRECTION('',(-1.,-0.));
#8702 = ( GEOMETRIC_REPRESENTATION_CONTEXT(2) 
PARAMETRIC_REPRESENTATION_CONTEXT() REPRESENTATION_CONTEXT('2D SPACE',''
  ) );
#8703 = PCURVE('',#8704,#8709);
#8704 = PLANE('',#8705);
#8705 = AXIS2_PLACEMENT_3D('',#8706,#8707,#8708);
#8706 = CARTESIAN_POINT('',(-18.46,-15.2,18.6));
#8707 = DIRECTION('',(1.,0.,2.22044604925E-16));
#8708 = DIRECTION('',(2.22044604925E-16,0.,-1.));
#8709 = DEFINITIONAL_REPRESENTATION('',(#8710),#8714);
#8710 = CIRCLE('',#8711,1.85);
#8711 = AXIS2_PLACEMENT_2D('',#8712,#8713);
#8712 = CARTESIAN_POINT('',(0.,0.));
#8713 = DIRECTION('',(1.,0.));
#8714 = ( GEOMETRIC_REPRESENTATION_CONTEXT(2) 
PARAMETRIC_REPRESENTATION_CONTEXT() REPRESENTATION_CONTEXT('2D SPACE',''
  ) );
#8715 = ORIENTED_EDGE('',*,*,#8666,.T.);
#8716 = ADVANCED_FACE('',(#8717,#8720),#8654,.T.);
#8717 = FACE_BOUND('',#8718,.T.);
#8718 = EDGE_LOOP('',(#8719));
#8719 = ORIENTED_EDGE('',*,*,#8632,.T.);
#8720 = FACE_BOUND('',#8721,.T.);
#8721 = EDGE_LOOP('',(#8722));
#8722 = ORIENTED_EDGE('',*,*,#8723,.F.);
#8723 = EDGE_CURVE('',#8724,#8724,#8726,.T.);
#8724 = VERTEX_POINT('',#8725);
#8725 = CARTESIAN_POINT('',(-17.6,-15.2,17.8));
#8726 = SURFACE_CURVE('',#8727,(#8732,#8739),.PCURVE_S1.);
#8727 = CIRCLE('',#8728,0.8);
#8728 = AXIS2_PLACEMENT_3D('',#8729,#8730,#8731);
#8729 = CARTESIAN_POINT('',(-17.6,-15.2,18.6));
#8730 = DIRECTION('',(1.,-0.,2.22044604925E-16));
#8731 = DIRECTION('',(2.22044604925E-16,0.,-1.));
#8732 = PCURVE('',#8654,#8733);
#8733 = DEFINITIONAL_REPRESENTATION('',(#8734),#8738);
#8734 = CIRCLE('',#8735,0.8);
#8735 = AXIS2_PLACEMENT_2D('',#8736,#8737);
#8736 = CARTESIAN_POINT('',(0.,0.));
#8737 = DIRECTION('',(1.,0.));
#8738 = ( GEOMETRIC_REPRESENTATION_CONTEXT(2) 
PARAMETRIC_REPRESENTATION_CONTEXT() REPRESENTATION_CONTEXT('2D SPACE',''
  ) );
#8739 = PCURVE('',#8740,#8745);
#8740 = CYLINDRICAL_SURFACE('',#8741,0.8);
#8741 = AXIS2_PLACEMENT_3D('',#8742,#8743,#8744);
#8742 = CARTESIAN_POINT('',(-17.6,-15.2,18.6));
#8743 = DIRECTION('',(1.,0.,2.22044604925E-16));
#8744 = DIRECTION('',(2.22044604925E-16,0.,-1.));
#8745 = DEFINITIONAL_REPRESENTATION('',(#8746),#8750);
#8746 = LINE('',#8747,#8748);
#8747 = CARTESIAN_POINT('',(0.,0.));
#8748 = VECTOR('',#8749,1.);
#8749 = DIRECTION('',(1.,0.));
#8750 = ( GEOMETRIC_REPRESENTATION_CONTEXT(2) 
PARAMETRIC_REPRESENTATION_CONTEXT() REPRESENTATION_CONTEXT('2D SPACE',''
  ) );
#8751 = ADVANCED_FACE('',(#8752),#8704,.F.);
#8752 = FACE_BOUND('',#8753,.T.);
#8753 = EDGE_LOOP('',(#8754));
#8754 = ORIENTED_EDGE('',*,*,#8689,.F.);
#8755 = ADVANCED_FACE('',(#8756),#8740,.T.);
#8756 = FACE_BOUND('',#8757,.T.);
#8757 = EDGE_LOOP('',(#8758,#8787,#8808,#8809));
#8758 = ORIENTED_EDGE('',*,*,#8759,.F.);
#8759 = EDGE_CURVE('',#8760,#8760,#8762,.T.);
#8760 = VERTEX_POINT('',#8761);
#8761 = CARTESIAN_POINT('',(-12.5,-15.2,17.8));
#8762 = SURFACE_CURVE('',#8763,(#8768,#8775),.PCURVE_S1.);
#8763 = CIRCLE('',#8764,0.8);
#8764 = AXIS2_PLACEMENT_3D('',#8765,#8766,#8767);
#8765 = CARTESIAN_POINT('',(-12.5,-15.2,18.6));
#8766 = DIRECTION('',(1.,-0.,2.22044604925E-16));
#8767 = DIRECTION('',(2.22044604925E-16,0.,-1.));
#8768 = PCURVE('',#8740,#8769);
#8769 = DEFINITIONAL_REPRESENTATION('',(#8770),#8774);
#8770 = LINE('',#8771,#8772);
#8771 = CARTESIAN_POINT('',(0.,5.1));
#8772 = VECTOR('',#8773,1.);
#8773 = DIRECTION('',(1.,0.));
#8774 = ( GEOMETRIC_REPRESENTATION_CONTEXT(2) 
PARAMETRIC_REPRESENTATION_CONTEXT() REPRESENTATION_CONTEXT('2D SPACE',''
  ) );
#8775 = PCURVE('',#8776,#8781);
#8776 = PLANE('',#8777);
#8777 = AXIS2_PLACEMENT_3D('',#8778,#8779,#8780);
#8778 = CARTESIAN_POINT('',(-12.5,-15.2,18.6));
#8779 = DIRECTION('',(1.,0.,2.22044604925E-16));
#8780 = DIRECTION('',(2.22044604925E-16,0.,-1.));
#8781 = DEFINITIONAL_REPRESENTATION('',(#8782),#8786);
#8782 = CIRCLE('',#8783,0.8);
#8783 = AXIS2_PLACEMENT_2D('',#8784,#8785);
#8784 = CARTESIAN_POINT('',(0.,0.));
#8785 = DIRECTION('',(1.,0.));
#8786 = ( GEOMETRIC_REPRESENTATION_CONTEXT(2) 
PARAMETRIC_REPRESENTATION_CONTEXT() REPRESENTATION_CONTEXT('2D SPACE',''
  ) );
#8787 = ORIENTED_EDGE('',*,*,#8788,.F.);
#8788 = EDGE_CURVE('',#8724,#8760,#8789,.T.);
#8789 = SEAM_CURVE('',#8790,(#8794,#8801),.PCURVE_S1.);
#8790 = LINE('',#8791,#8792);
#8791 = CARTESIAN_POINT('',(-17.6,-15.2,17.8));
#8792 = VECTOR('',#8793,1.);
#8793 = DIRECTION('',(1.,0.,2.22044604925E-16));
#8794 = PCURVE('',#8740,#8795);
#8795 = DEFINITIONAL_REPRESENTATION('',(#8796),#8800);
#8796 = LINE('',#8797,#8798);
#8797 = CARTESIAN_POINT('',(6.28318530718,-0.));
#8798 = VECTOR('',#8799,1.);
#8799 = DIRECTION('',(0.,1.));
#8800 = ( GEOMETRIC_REPRESENTATION_CONTEXT(2) 
PARAMETRIC_REPRESENTATION_CONTEXT() REPRESENTATION_CONTEXT('2D SPACE',''
  ) );
#8801 = PCURVE('',#8740,#8802);
#8802 = DEFINITIONAL_REPRESENTATION('',(#8803),#8807);
#8803 = LINE('',#8804,#8805);
#8804 = CARTESIAN_POINT('',(0.,-0.));
#8805 = VECTOR('',#8806,1.);
#8806 = DIRECTION('',(0.,1.));
#8807 = ( GEOMETRIC_REPRESENTATION_CONTEXT(2) 
PARAMETRIC_REPRESENTATION_CONTEXT() REPRESENTATION_CONTEXT('2D SPACE',''
  ) );
#8808 = ORIENTED_EDGE('',*,*,#8723,.T.);
#8809 = ORIENTED_EDGE('',*,*,#8788,.T.);
#8810 = ADVANCED_FACE('',(#8811),#8776,.T.);
#8811 = FACE_BOUND('',#8812,.T.);
#8812 = EDGE_LOOP('',(#8813));
#8813 = ORIENTED_EDGE('',*,*,#8759,.T.);
#8814 = MANIFOLD_SOLID_BREP('',#8815);
#8815 = CLOSED_SHELL('',(#8816,#8904,#8939,#8943,#8998));
#8816 = ADVANCED_FACE('',(#8817),#8830,.T.);
#8817 = FACE_BOUND('',#8818,.T.);
#8818 = EDGE_LOOP('',(#8819,#8853,#8876,#8903));
#8819 = ORIENTED_EDGE('',*,*,#8820,.F.);
#8820 = EDGE_CURVE('',#8821,#8821,#8823,.T.);
#8821 = VERTEX_POINT('',#8822);
#8822 = CARTESIAN_POINT('',(-17.6,-15.2,52.924));
#8823 = SURFACE_CURVE('',#8824,(#8829,#8841),.PCURVE_S1.);
#8824 = CIRCLE('',#8825,1.076);
#8825 = AXIS2_PLACEMENT_3D('',#8826,#8827,#8828);
#8826 = CARTESIAN_POINT('',(-17.6,-15.2,54.));
#8827 = DIRECTION('',(1.,-0.,2.22044604925E-16));
#8828 = DIRECTION('',(2.22044604925E-16,0.,-1.));
#8829 = PCURVE('',#8830,#8835);
#8830 = CONICAL_SURFACE('',#8831,1.85,0.732815101787);
#8831 = AXIS2_PLACEMENT_3D('',#8832,#8833,#8834);
#8832 = CARTESIAN_POINT('',(-18.46,-15.2,54.));
#8833 = DIRECTION('',(-1.,-0.,-2.22044604925E-16));
#8834 = DIRECTION('',(2.22044604925E-16,0.,-1.));
#8835 = DEFINITIONAL_REPRESENTATION('',(#8836),#8840);
#8836 = LINE('',#8837,#8838);
#8837 = CARTESIAN_POINT('',(-0.,-0.86));
#8838 = VECTOR('',#8839,1.);
#8839 = DIRECTION('',(-1.,-0.));
#8840 = ( GEOMETRIC_REPRESENTATION_CONTEXT(2) 
PARAMETRIC_REPRESENTATION_CONTEXT() REPRESENTATION_CONTEXT('2D SPACE',''
  ) );
#8841 = PCURVE('',#8842,#8847);
#8842 = PLANE('',#8843);
#8843 = AXIS2_PLACEMENT_3D('',#8844,#8845,#8846);
#8844 = CARTESIAN_POINT('',(-17.6,-15.2,54.));
#8845 = DIRECTION('',(1.,0.,2.22044604925E-16));
#8846 = DIRECTION('',(2.22044604925E-16,0.,-1.));
#8847 = DEFINITIONAL_REPRESENTATION('',(#8848),#8852);
#8848 = CIRCLE('',#8849,1.076);
#8849 = AXIS2_PLACEMENT_2D('',#8850,#8851);
#8850 = CARTESIAN_POINT('',(0.,0.));
#8851 = DIRECTION('',(1.,0.));
#8852 = ( GEOMETRIC_REPRESENTATION_CONTEXT(2) 
PARAMETRIC_REPRESENTATION_CONTEXT() REPRESENTATION_CONTEXT('2D SPACE',''
  ) );
#8853 = ORIENTED_EDGE('',*,*,#8854,.F.);
#8854 = EDGE_CURVE('',#8855,#8821,#8857,.T.);
#8855 = VERTEX_POINT('',#8856);
#8856 = CARTESIAN_POINT('',(-18.46,-15.2,52.15));
#8857 = SEAM_CURVE('',#8858,(#8862,#8869),.PCURVE_S1.);
#8858 = LINE('',#8859,#8860);
#8859 = CARTESIAN_POINT('',(-18.46,-15.2,52.15));
#8860 = VECTOR('',#8861,1.);
#8861 = DIRECTION('',(0.743294146247,1.638491034648E-16,0.668964731622)
  );
#8862 = PCURVE('',#8830,#8863);
#8863 = DEFINITIONAL_REPRESENTATION('',(#8864),#8868);
#8864 = LINE('',#8865,#8866);
#8865 = CARTESIAN_POINT('',(-6.28318530718,0.));
#8866 = VECTOR('',#8867,1.);
#8867 = DIRECTION('',(-0.,-1.));
#8868 = ( GEOMETRIC_REPRESENTATION_CONTEXT(2) 
PARAMETRIC_REPRESENTATION_CONTEXT() REPRESENTATION_CONTEXT('2D SPACE',''
  ) );
#8869 = PCURVE('',#8830,#8870);
#8870 = DEFINITIONAL_REPRESENTATION('',(#8871),#8875);
#8871 = LINE('',#8872,#8873);
#8872 = CARTESIAN_POINT('',(0.,-0.));
#8873 = VECTOR('',#8874,1.);
#8874 = DIRECTION('',(-0.,-1.));
#8875 = ( GEOMETRIC_REPRESENTATION_CONTEXT(2) 
PARAMETRIC_REPRESENTATION_CONTEXT() REPRESENTATION_CONTEXT('2D SPACE',''
  ) );
#8876 = ORIENTED_EDGE('',*,*,#8877,.T.);
#8877 = EDGE_CURVE('',#8855,#8855,#8878,.T.);
#8878 = SURFACE_CURVE('',#8879,(#8884,#8891),.PCURVE_S1.);
#8879 = CIRCLE('',#8880,1.85);
#8880 = AXIS2_PLACEMENT_3D('',#8881,#8882,#8883);
#8881 = CARTESIAN_POINT('',(-18.46,-15.2,54.));
#8882 = DIRECTION('',(1.,-0.,2.22044604925E-16));
#8883 = DIRECTION('',(2.22044604925E-16,0.,-1.));
#8884 = PCURVE('',#8830,#8885);
#8885 = DEFINITIONAL_REPRESENTATION('',(#8886),#8890);
#8886 = LINE('',#8887,#8888);
#8887 = CARTESIAN_POINT('',(-0.,-0.));
#8888 = VECTOR('',#8889,1.);
#8889 = DIRECTION('',(-1.,-0.));
#8890 = ( GEOMETRIC_REPRESENTATION_CONTEXT(2) 
PARAMETRIC_REPRESENTATION_CONTEXT() REPRESENTATION_CONTEXT('2D SPACE',''
  ) );
#8891 = PCURVE('',#8892,#8897);
#8892 = PLANE('',#8893);
#8893 = AXIS2_PLACEMENT_3D('',#8894,#8895,#8896);
#8894 = CARTESIAN_POINT('',(-18.46,-15.2,54.));
#8895 = DIRECTION('',(1.,0.,2.22044604925E-16));
#8896 = DIRECTION('',(2.22044604925E-16,0.,-1.));
#8897 = DEFINITIONAL_REPRESENTATION('',(#8898),#8902);
#8898 = CIRCLE('',#8899,1.85);
#8899 = AXIS2_PLACEMENT_2D('',#8900,#8901);
#8900 = CARTESIAN_POINT('',(0.,0.));
#8901 = DIRECTION('',(1.,0.));
#8902 = ( GEOMETRIC_REPRESENTATION_CONTEXT(2) 
PARAMETRIC_REPRESENTATION_CONTEXT() REPRESENTATION_CONTEXT('2D SPACE',''
  ) );
#8903 = ORIENTED_EDGE('',*,*,#8854,.T.);
#8904 = ADVANCED_FACE('',(#8905,#8908),#8842,.T.);
#8905 = FACE_BOUND('',#8906,.T.);
#8906 = EDGE_LOOP('',(#8907));
#8907 = ORIENTED_EDGE('',*,*,#8820,.T.);
#8908 = FACE_BOUND('',#8909,.T.);
#8909 = EDGE_LOOP('',(#8910));
#8910 = ORIENTED_EDGE('',*,*,#8911,.F.);
#8911 = EDGE_CURVE('',#8912,#8912,#8914,.T.);
#8912 = VERTEX_POINT('',#8913);
#8913 = CARTESIAN_POINT('',(-17.6,-15.2,53.2));
#8914 = SURFACE_CURVE('',#8915,(#8920,#8927),.PCURVE_S1.);
#8915 = CIRCLE('',#8916,0.8);
#8916 = AXIS2_PLACEMENT_3D('',#8917,#8918,#8919);
#8917 = CARTESIAN_POINT('',(-17.6,-15.2,54.));
#8918 = DIRECTION('',(1.,-0.,2.22044604925E-16));
#8919 = DIRECTION('',(2.22044604925E-16,0.,-1.));
#8920 = PCURVE('',#8842,#8921);
#8921 = DEFINITIONAL_REPRESENTATION('',(#8922),#8926);
#8922 = CIRCLE('',#8923,0.8);
#8923 = AXIS2_PLACEMENT_2D('',#8924,#8925);
#8924 = CARTESIAN_POINT('',(7.105427357601E-15,0.));
#8925 = DIRECTION('',(1.,0.));
#8926 = ( GEOMETRIC_REPRESENTATION_CONTEXT(2) 
PARAMETRIC_REPRESENTATION_CONTEXT() REPRESENTATION_CONTEXT('2D SPACE',''
  ) );
#8927 = PCURVE('',#8928,#8933);
#8928 = CYLINDRICAL_SURFACE('',#8929,0.8);
#8929 = AXIS2_PLACEMENT_3D('',#8930,#8931,#8932);
#8930 = CARTESIAN_POINT('',(-17.6,-15.2,54.));
#8931 = DIRECTION('',(1.,0.,2.22044604925E-16));
#8932 = DIRECTION('',(2.22044604925E-16,0.,-1.));
#8933 = DEFINITIONAL_REPRESENTATION('',(#8934),#8938);
#8934 = LINE('',#8935,#8936);
#8935 = CARTESIAN_POINT('',(0.,0.));
#8936 = VECTOR('',#8937,1.);
#8937 = DIRECTION('',(1.,0.));
#8938 = ( GEOMETRIC_REPRESENTATION_CONTEXT(2) 
PARAMETRIC_REPRESENTATION_CONTEXT() REPRESENTATION_CONTEXT('2D SPACE',''
  ) );
#8939 = ADVANCED_FACE('',(#8940),#8892,.F.);
#8940 = FACE_BOUND('',#8941,.T.);
#8941 = EDGE_LOOP('',(#8942));
#8942 = ORIENTED_EDGE('',*,*,#8877,.F.);
#8943 = ADVANCED_FACE('',(#8944),#8928,.T.);
#8944 = FACE_BOUND('',#8945,.T.);
#8945 = EDGE_LOOP('',(#8946,#8975,#8996,#8997));
#8946 = ORIENTED_EDGE('',*,*,#8947,.F.);
#8947 = EDGE_CURVE('',#8948,#8948,#8950,.T.);
#8948 = VERTEX_POINT('',#8949);
#8949 = CARTESIAN_POINT('',(-12.5,-15.2,53.2));
#8950 = SURFACE_CURVE('',#8951,(#8956,#8963),.PCURVE_S1.);
#8951 = CIRCLE('',#8952,0.8);
#8952 = AXIS2_PLACEMENT_3D('',#8953,#8954,#8955);
#8953 = CARTESIAN_POINT('',(-12.5,-15.2,54.));
#8954 = DIRECTION('',(1.,-0.,2.22044604925E-16));
#8955 = DIRECTION('',(2.22044604925E-16,0.,-1.));
#8956 = PCURVE('',#8928,#8957);
#8957 = DEFINITIONAL_REPRESENTATION('',(#8958),#8962);
#8958 = LINE('',#8959,#8960);
#8959 = CARTESIAN_POINT('',(0.,5.1));
#8960 = VECTOR('',#8961,1.);
#8961 = DIRECTION('',(1.,0.));
#8962 = ( GEOMETRIC_REPRESENTATION_CONTEXT(2) 
PARAMETRIC_REPRESENTATION_CONTEXT() REPRESENTATION_CONTEXT('2D SPACE',''
  ) );
#8963 = PCURVE('',#8964,#8969);
#8964 = PLANE('',#8965);
#8965 = AXIS2_PLACEMENT_3D('',#8966,#8967,#8968);
#8966 = CARTESIAN_POINT('',(-12.5,-15.2,54.));
#8967 = DIRECTION('',(1.,0.,2.22044604925E-16));
#8968 = DIRECTION('',(2.22044604925E-16,0.,-1.));
#8969 = DEFINITIONAL_REPRESENTATION('',(#8970),#8974);
#8970 = CIRCLE('',#8971,0.8);
#8971 = AXIS2_PLACEMENT_2D('',#8972,#8973);
#8972 = CARTESIAN_POINT('',(0.,0.));
#8973 = DIRECTION('',(1.,0.));
#8974 = ( GEOMETRIC_REPRESENTATION_CONTEXT(2) 
PARAMETRIC_REPRESENTATION_CONTEXT() REPRESENTATION_CONTEXT('2D SPACE',''
  ) );
#8975 = ORIENTED_EDGE('',*,*,#8976,.F.);
#8976 = EDGE_CURVE('',#8912,#8948,#8977,.T.);
#8977 = SEAM_CURVE('',#8978,(#8982,#8989),.PCURVE_S1.);
#8978 = LINE('',#8979,#8980);
#8979 = CARTESIAN_POINT('',(-17.6,-15.2,53.2));
#8980 = VECTOR('',#8981,1.);
#8981 = DIRECTION('',(1.,0.,2.22044604925E-16));
#8982 = PCURVE('',#8928,#8983);
#8983 = DEFINITIONAL_REPRESENTATION('',(#8984),#8988);
#8984 = LINE('',#8985,#8986);
#8985 = CARTESIAN_POINT('',(6.28318530718,-0.));
#8986 = VECTOR('',#8987,1.);
#8987 = DIRECTION('',(0.,1.));
#8988 = ( GEOMETRIC_REPRESENTATION_CONTEXT(2) 
PARAMETRIC_REPRESENTATION_CONTEXT() REPRESENTATION_CONTEXT('2D SPACE',''
  ) );
#8989 = PCURVE('',#8928,#8990);
#8990 = DEFINITIONAL_REPRESENTATION('',(#8991),#8995);
#8991 = LINE('',#8992,#8993);
#8992 = CARTESIAN_POINT('',(0.,-0.));
#8993 = VECTOR('',#8994,1.);
#8994 = DIRECTION('',(0.,1.));
#8995 = ( GEOMETRIC_REPRESENTATION_CONTEXT(2) 
PARAMETRIC_REPRESENTATION_CONTEXT() REPRESENTATION_CONTEXT('2D SPACE',''
  ) );
#8996 = ORIENTED_EDGE('',*,*,#8911,.T.);
#8997 = ORIENTED_EDGE('',*,*,#8976,.T.);
#8998 = ADVANCED_FACE('',(#8999),#8964,.T.);
#8999 = FACE_BOUND('',#9000,.T.);
#9000 = EDGE_LOOP('',(#9001));
#9001 = ORIENTED_EDGE('',*,*,#8947,.T.);
#9002 = MANIFOLD_SOLID_BREP('',#9003);
#9003 = CLOSED_SHELL('',(#9004,#9092,#9127,#9131,#9186));
#9004 = ADVANCED_FACE('',(#9005),#9018,.T.);
#9005 = FACE_BOUND('',#9006,.T.);
#9006 = EDGE_LOOP('',(#9007,#9041,#9064,#9091));
#9007 = ORIENTED_EDGE('',*,*,#9008,.F.);
#9008 = EDGE_CURVE('',#9009,#9009,#9011,.T.);
#9009 = VERTEX_POINT('',#9010);
#9010 = CARTESIAN_POINT('',(-17.6,15.2,17.524));
#9011 = SURFACE_CURVE('',#9012,(#9017,#9029),.PCURVE_S1.);
#9012 = CIRCLE('',#9013,1.076);
#9013 = AXIS2_PLACEMENT_3D('',#9014,#9015,#9016);
#9014 = CARTESIAN_POINT('',(-17.6,15.2,18.6));
#9015 = DIRECTION('',(1.,-0.,2.22044604925E-16));
#9016 = DIRECTION('',(2.22044604925E-16,0.,-1.));
#9017 = PCURVE('',#9018,#9023);
#9018 = CONICAL_SURFACE('',#9019,1.85,0.732815101787);
#9019 = AXIS2_PLACEMENT_3D('',#9020,#9021,#9022);
#9020 = CARTESIAN_POINT('',(-18.46,15.2,18.6));
#9021 = DIRECTION('',(-1.,-0.,-2.22044604925E-16));
#9022 = DIRECTION('',(2.22044604925E-16,0.,-1.));
#9023 = DEFINITIONAL_REPRESENTATION('',(#9024),#9028);
#9024 = LINE('',#9025,#9026);
#9025 = CARTESIAN_POINT('',(-0.,-0.86));
#9026 = VECTOR('',#9027,1.);
#9027 = DIRECTION('',(-1.,-0.));
#9028 = ( GEOMETRIC_REPRESENTATION_CONTEXT(2) 
PARAMETRIC_REPRESENTATION_CONTEXT() REPRESENTATION_CONTEXT('2D SPACE',''
  ) );
#9029 = PCURVE('',#9030,#9035);
#9030 = PLANE('',#9031);
#9031 = AXIS2_PLACEMENT_3D('',#9032,#9033,#9034);
#9032 = CARTESIAN_POINT('',(-17.6,15.2,18.6));
#9033 = DIRECTION('',(1.,0.,2.22044604925E-16));
#9034 = DIRECTION('',(2.22044604925E-16,0.,-1.));
#9035 = DEFINITIONAL_REPRESENTATION('',(#9036),#9040);
#9036 = CIRCLE('',#9037,1.076);
#9037 = AXIS2_PLACEMENT_2D('',#9038,#9039);
#9038 = CARTESIAN_POINT('',(0.,0.));
#9039 = DIRECTION('',(1.,0.));
#9040 = ( GEOMETRIC_REPRESENTATION_CONTEXT(2) 
PARAMETRIC_REPRESENTATION_CONTEXT() REPRESENTATION_CONTEXT('2D SPACE',''
  ) );
#9041 = ORIENTED_EDGE('',*,*,#9042,.F.);
#9042 = EDGE_CURVE('',#9043,#9009,#9045,.T.);
#9043 = VERTEX_POINT('',#9044);
#9044 = CARTESIAN_POINT('',(-18.46,15.2,16.75));
#9045 = SEAM_CURVE('',#9046,(#9050,#9057),.PCURVE_S1.);
#9046 = LINE('',#9047,#9048);
#9047 = CARTESIAN_POINT('',(-18.46,15.2,16.75));
#9048 = VECTOR('',#9049,1.);
#9049 = DIRECTION('',(0.743294146247,1.638491034648E-16,0.668964731622)
  );
#9050 = PCURVE('',#9018,#9051);
#9051 = DEFINITIONAL_REPRESENTATION('',(#9052),#9056);
#9052 = LINE('',#9053,#9054);
#9053 = CARTESIAN_POINT('',(-6.28318530718,0.));
#9054 = VECTOR('',#9055,1.);
#9055 = DIRECTION('',(-0.,-1.));
#9056 = ( GEOMETRIC_REPRESENTATION_CONTEXT(2) 
PARAMETRIC_REPRESENTATION_CONTEXT() REPRESENTATION_CONTEXT('2D SPACE',''
  ) );
#9057 = PCURVE('',#9018,#9058);
#9058 = DEFINITIONAL_REPRESENTATION('',(#9059),#9063);
#9059 = LINE('',#9060,#9061);
#9060 = CARTESIAN_POINT('',(0.,-0.));
#9061 = VECTOR('',#9062,1.);
#9062 = DIRECTION('',(-0.,-1.));
#9063 = ( GEOMETRIC_REPRESENTATION_CONTEXT(2) 
PARAMETRIC_REPRESENTATION_CONTEXT() REPRESENTATION_CONTEXT('2D SPACE',''
  ) );
#9064 = ORIENTED_EDGE('',*,*,#9065,.T.);
#9065 = EDGE_CURVE('',#9043,#9043,#9066,.T.);
#9066 = SURFACE_CURVE('',#9067,(#9072,#9079),.PCURVE_S1.);
#9067 = CIRCLE('',#9068,1.85);
#9068 = AXIS2_PLACEMENT_3D('',#9069,#9070,#9071);
#9069 = CARTESIAN_POINT('',(-18.46,15.2,18.6));
#9070 = DIRECTION('',(1.,-0.,2.22044604925E-16));
#9071 = DIRECTION('',(2.22044604925E-16,0.,-1.));
#9072 = PCURVE('',#9018,#9073);
#9073 = DEFINITIONAL_REPRESENTATION('',(#9074),#9078);
#9074 = LINE('',#9075,#9076);
#9075 = CARTESIAN_POINT('',(-0.,-0.));
#9076 = VECTOR('',#9077,1.);
#9077 = DIRECTION('',(-1.,-0.));
#9078 = ( GEOMETRIC_REPRESENTATION_CONTEXT(2) 
PARAMETRIC_REPRESENTATION_CONTEXT() REPRESENTATION_CONTEXT('2D SPACE',''
  ) );
#9079 = PCURVE('',#9080,#9085);
#9080 = PLANE('',#9081);
#9081 = AXIS2_PLACEMENT_3D('',#9082,#9083,#9084);
#9082 = CARTESIAN_POINT('',(-18.46,15.2,18.6));
#9083 = DIRECTION('',(1.,0.,2.22044604925E-16));
#9084 = DIRECTION('',(2.22044604925E-16,0.,-1.));
#9085 = DEFINITIONAL_REPRESENTATION('',(#9086),#9090);
#9086 = CIRCLE('',#9087,1.85);
#9087 = AXIS2_PLACEMENT_2D('',#9088,#9089);
#9088 = CARTESIAN_POINT('',(0.,0.));
#9089 = DIRECTION('',(1.,0.));
#9090 = ( GEOMETRIC_REPRESENTATION_CONTEXT(2) 
PARAMETRIC_REPRESENTATION_CONTEXT() REPRESENTATION_CONTEXT('2D SPACE',''
  ) );
#9091 = ORIENTED_EDGE('',*,*,#9042,.T.);
#9092 = ADVANCED_FACE('',(#9093,#9096),#9030,.T.);
#9093 = FACE_BOUND('',#9094,.T.);
#9094 = EDGE_LOOP('',(#9095));
#9095 = ORIENTED_EDGE('',*,*,#9008,.T.);
#9096 = FACE_BOUND('',#9097,.T.);
#9097 = EDGE_LOOP('',(#9098));
#9098 = ORIENTED_EDGE('',*,*,#9099,.F.);
#9099 = EDGE_CURVE('',#9100,#9100,#9102,.T.);
#9100 = VERTEX_POINT('',#9101);
#9101 = CARTESIAN_POINT('',(-17.6,15.2,17.8));
#9102 = SURFACE_CURVE('',#9103,(#9108,#9115),.PCURVE_S1.);
#9103 = CIRCLE('',#9104,0.8);
#9104 = AXIS2_PLACEMENT_3D('',#9105,#9106,#9107);
#9105 = CARTESIAN_POINT('',(-17.6,15.2,18.6));
#9106 = DIRECTION('',(1.,-0.,2.22044604925E-16));
#9107 = DIRECTION('',(2.22044604925E-16,0.,-1.));
#9108 = PCURVE('',#9030,#9109);
#9109 = DEFINITIONAL_REPRESENTATION('',(#9110),#9114);
#9110 = CIRCLE('',#9111,0.8);
#9111 = AXIS2_PLACEMENT_2D('',#9112,#9113);
#9112 = CARTESIAN_POINT('',(0.,0.));
#9113 = DIRECTION('',(1.,0.));
#9114 = ( GEOMETRIC_REPRESENTATION_CONTEXT(2) 
PARAMETRIC_REPRESENTATION_CONTEXT() REPRESENTATION_CONTEXT('2D SPACE',''
  ) );
#9115 = PCURVE('',#9116,#9121);
#9116 = CYLINDRICAL_SURFACE('',#9117,0.8);
#9117 = AXIS2_PLACEMENT_3D('',#9118,#9119,#9120);
#9118 = CARTESIAN_POINT('',(-17.6,15.2,18.6));
#9119 = DIRECTION('',(1.,0.,2.22044604925E-16));
#9120 = DIRECTION('',(2.22044604925E-16,0.,-1.));
#9121 = DEFINITIONAL_REPRESENTATION('',(#9122),#9126);
#9122 = LINE('',#9123,#9124);
#9123 = CARTESIAN_POINT('',(0.,0.));
#9124 = VECTOR('',#9125,1.);
#9125 = DIRECTION('',(1.,0.));
#9126 = ( GEOMETRIC_REPRESENTATION_CONTEXT(2) 
PARAMETRIC_REPRESENTATION_CONTEXT() REPRESENTATION_CONTEXT('2D SPACE',''
  ) );
#9127 = ADVANCED_FACE('',(#9128),#9080,.F.);
#9128 = FACE_BOUND('',#9129,.T.);
#9129 = EDGE_LOOP('',(#9130));
#9130 = ORIENTED_EDGE('',*,*,#9065,.F.);
#9131 = ADVANCED_FACE('',(#9132),#9116,.T.);
#9132 = FACE_BOUND('',#9133,.T.);
#9133 = EDGE_LOOP('',(#9134,#9163,#9184,#9185));
#9134 = ORIENTED_EDGE('',*,*,#9135,.F.);
#9135 = EDGE_CURVE('',#9136,#9136,#9138,.T.);
#9136 = VERTEX_POINT('',#9137);
#9137 = CARTESIAN_POINT('',(-12.5,15.2,17.8));
#9138 = SURFACE_CURVE('',#9139,(#9144,#9151),.PCURVE_S1.);
#9139 = CIRCLE('',#9140,0.8);
#9140 = AXIS2_PLACEMENT_3D('',#9141,#9142,#9143);
#9141 = CARTESIAN_POINT('',(-12.5,15.2,18.6));
#9142 = DIRECTION('',(1.,-0.,2.22044604925E-16));
#9143 = DIRECTION('',(2.22044604925E-16,0.,-1.));
#9144 = PCURVE('',#9116,#9145);
#9145 = DEFINITIONAL_REPRESENTATION('',(#9146),#9150);
#9146 = LINE('',#9147,#9148);
#9147 = CARTESIAN_POINT('',(0.,5.1));
#9148 = VECTOR('',#9149,1.);
#9149 = DIRECTION('',(1.,0.));
#9150 = ( GEOMETRIC_REPRESENTATION_CONTEXT(2) 
PARAMETRIC_REPRESENTATION_CONTEXT() REPRESENTATION_CONTEXT('2D SPACE',''
  ) );
#9151 = PCURVE('',#9152,#9157);
#9152 = PLANE('',#9153);
#9153 = AXIS2_PLACEMENT_3D('',#9154,#9155,#9156);
#9154 = CARTESIAN_POINT('',(-12.5,15.2,18.6));
#9155 = DIRECTION('',(1.,0.,2.22044604925E-16));
#9156 = DIRECTION('',(2.22044604925E-16,0.,-1.));
#9157 = DEFINITIONAL_REPRESENTATION('',(#9158),#9162);
#9158 = CIRCLE('',#9159,0.8);
#9159 = AXIS2_PLACEMENT_2D('',#9160,#9161);
#9160 = CARTESIAN_POINT('',(0.,0.));
#9161 = DIRECTION('',(1.,0.));
#9162 = ( GEOMETRIC_REPRESENTATION_CONTEXT(2) 
PARAMETRIC_REPRESENTATION_CONTEXT() REPRESENTATION_CONTEXT('2D SPACE',''
  ) );
#9163 = ORIENTED_EDGE('',*,*,#9164,.F.);
#9164 = EDGE_CURVE('',#9100,#9136,#9165,.T.);
#9165 = SEAM_CURVE('',#9166,(#9170,#9177),.PCURVE_S1.);
#9166 = LINE('',#9167,#9168);
#9167 = CARTESIAN_POINT('',(-17.6,15.2,17.8));
#9168 = VECTOR('',#9169,1.);
#9169 = DIRECTION('',(1.,0.,2.22044604925E-16));
#9170 = PCURVE('',#9116,#9171);
#9171 = DEFINITIONAL_REPRESENTATION('',(#9172),#9176);
#9172 = LINE('',#9173,#9174);
#9173 = CARTESIAN_POINT('',(6.28318530718,-0.));
#9174 = VECTOR('',#9175,1.);
#9175 = DIRECTION('',(0.,1.));
#9176 = ( GEOMETRIC_REPRESENTATION_CONTEXT(2) 
PARAMETRIC_REPRESENTATION_CONTEXT() REPRESENTATION_CONTEXT('2D SPACE',''
  ) );
#9177 = PCURVE('',#9116,#9178);
#9178 = DEFINITIONAL_REPRESENTATION('',(#9179),#9183);
#9179 = LINE('',#9180,#9181);
#9180 = CARTESIAN_POINT('',(0.,-0.));
#9181 = VECTOR('',#9182,1.);
#9182 = DIRECTION('',(0.,1.));
#9183 = ( GEOMETRIC_REPRESENTATION_CONTEXT(2) 
PARAMETRIC_REPRESENTATION_CONTEXT() REPRESENTATION_CONTEXT('2D SPACE',''
  ) );
#9184 = ORIENTED_EDGE('',*,*,#9099,.T.);
#9185 = ORIENTED_EDGE('',*,*,#9164,.T.);
#9186 = ADVANCED_FACE('',(#9187),#9152,.T.);
#9187 = FACE_BOUND('',#9188,.T.);
#9188 = EDGE_LOOP('',(#9189));
#9189 = ORIENTED_EDGE('',*,*,#9135,.T.);
#9190 = MANIFOLD_SOLID_BREP('',#9191);
#9191 = CLOSED_SHELL('',(#9192,#9280,#9315,#9319,#9374));
#9192 = ADVANCED_FACE('',(#9193),#9206,.T.);
#9193 = FACE_BOUND('',#9194,.T.);
#9194 = EDGE_LOOP('',(#9195,#9229,#9252,#9279));
#9195 = ORIENTED_EDGE('',*,*,#9196,.F.);
#9196 = EDGE_CURVE('',#9197,#9197,#9199,.T.);
#9197 = VERTEX_POINT('',#9198);
#9198 = CARTESIAN_POINT('',(-17.6,15.2,52.924));
#9199 = SURFACE_CURVE('',#9200,(#9205,#9217),.PCURVE_S1.);
#9200 = CIRCLE('',#9201,1.076);
#9201 = AXIS2_PLACEMENT_3D('',#9202,#9203,#9204);
#9202 = CARTESIAN_POINT('',(-17.6,15.2,54.));
#9203 = DIRECTION('',(1.,-0.,2.22044604925E-16));
#9204 = DIRECTION('',(2.22044604925E-16,0.,-1.));
#9205 = PCURVE('',#9206,#9211);
#9206 = CONICAL_SURFACE('',#9207,1.85,0.732815101787);
#9207 = AXIS2_PLACEMENT_3D('',#9208,#9209,#9210);
#9208 = CARTESIAN_POINT('',(-18.46,15.2,54.));
#9209 = DIRECTION('',(-1.,-0.,-2.22044604925E-16));
#9210 = DIRECTION('',(2.22044604925E-16,0.,-1.));
#9211 = DEFINITIONAL_REPRESENTATION('',(#9212),#9216);
#9212 = LINE('',#9213,#9214);
#9213 = CARTESIAN_POINT('',(-0.,-0.86));
#9214 = VECTOR('',#9215,1.);
#9215 = DIRECTION('',(-1.,-0.));
#9216 = ( GEOMETRIC_REPRESENTATION_CONTEXT(2) 
PARAMETRIC_REPRESENTATION_CONTEXT() REPRESENTATION_CONTEXT('2D SPACE',''
  ) );
#9217 = PCURVE('',#9218,#9223);
#9218 = PLANE('',#9219);
#9219 = AXIS2_PLACEMENT_3D('',#9220,#9221,#9222);
#9220 = CARTESIAN_POINT('',(-17.6,15.2,54.));
#9221 = DIRECTION('',(1.,0.,2.22044604925E-16));
#9222 = DIRECTION('',(2.22044604925E-16,0.,-1.));
#9223 = DEFINITIONAL_REPRESENTATION('',(#9224),#9228);
#9224 = CIRCLE('',#9225,1.076);
#9225 = AXIS2_PLACEMENT_2D('',#9226,#9227);
#9226 = CARTESIAN_POINT('',(0.,0.));
#9227 = DIRECTION('',(1.,0.));
#9228 = ( GEOMETRIC_REPRESENTATION_CONTEXT(2) 
PARAMETRIC_REPRESENTATION_CONTEXT() REPRESENTATION_CONTEXT('2D SPACE',''
  ) );
#9229 = ORIENTED_EDGE('',*,*,#9230,.F.);
#9230 = EDGE_CURVE('',#9231,#9197,#9233,.T.);
#9231 = VERTEX_POINT('',#9232);
#9232 = CARTESIAN_POINT('',(-18.46,15.2,52.15));
#9233 = SEAM_CURVE('',#9234,(#9238,#9245),.PCURVE_S1.);
#9234 = LINE('',#9235,#9236);
#9235 = CARTESIAN_POINT('',(-18.46,15.2,52.15));
#9236 = VECTOR('',#9237,1.);
#9237 = DIRECTION('',(0.743294146247,1.638491034648E-16,0.668964731622)
  );
#9238 = PCURVE('',#9206,#9239);
#9239 = DEFINITIONAL_REPRESENTATION('',(#9240),#9244);
#9240 = LINE('',#9241,#9242);
#9241 = CARTESIAN_POINT('',(-6.28318530718,0.));
#9242 = VECTOR('',#9243,1.);
#9243 = DIRECTION('',(-0.,-1.));
#9244 = ( GEOMETRIC_REPRESENTATION_CONTEXT(2) 
PARAMETRIC_REPRESENTATION_CONTEXT() REPRESENTATION_CONTEXT('2D SPACE',''
  ) );
#9245 = PCURVE('',#9206,#9246);
#9246 = DEFINITIONAL_REPRESENTATION('',(#9247),#9251);
#9247 = LINE('',#9248,#9249);
#9248 = CARTESIAN_POINT('',(0.,-0.));
#9249 = VECTOR('',#9250,1.);
#9250 = DIRECTION('',(-0.,-1.));
#9251 = ( GEOMETRIC_REPRESENTATION_CONTEXT(2) 
PARAMETRIC_REPRESENTATION_CONTEXT() REPRESENTATION_CONTEXT('2D SPACE',''
  ) );
#9252 = ORIENTED_EDGE('',*,*,#9253,.T.);
#9253 = EDGE_CURVE('',#9231,#9231,#9254,.T.);
#9254 = SURFACE_CURVE('',#9255,(#9260,#9267),.PCURVE_S1.);
#9255 = CIRCLE('',#9256,1.85);
#9256 = AXIS2_PLACEMENT_3D('',#9257,#9258,#9259);
#9257 = CARTESIAN_POINT('',(-18.46,15.2,54.));
#9258 = DIRECTION('',(1.,-0.,2.22044604925E-16));
#9259 = DIRECTION('',(2.22044604925E-16,0.,-1.));
#9260 = PCURVE('',#9206,#9261);
#9261 = DEFINITIONAL_REPRESENTATION('',(#9262),#9266);
#9262 = LINE('',#9263,#9264);
#9263 = CARTESIAN_POINT('',(-0.,-0.));
#9264 = VECTOR('',#9265,1.);
#9265 = DIRECTION('',(-1.,-0.));
#9266 = ( GEOMETRIC_REPRESENTATION_CONTEXT(2) 
PARAMETRIC_REPRESENTATION_CONTEXT() REPRESENTATION_CONTEXT('2D SPACE',''
  ) );
#9267 = PCURVE('',#9268,#9273);
#9268 = PLANE('',#9269);
#9269 = AXIS2_PLACEMENT_3D('',#9270,#9271,#9272);
#9270 = CARTESIAN_POINT('',(-18.46,15.2,54.));
#9271 = DIRECTION('',(1.,0.,2.22044604925E-16));
#9272 = DIRECTION('',(2.22044604925E-16,0.,-1.));
#9273 = DEFINITIONAL_REPRESENTATION('',(#9274),#9278);
#9274 = CIRCLE('',#9275,1.85);
#9275 = AXIS2_PLACEMENT_2D('',#9276,#9277);
#9276 = CARTESIAN_POINT('',(0.,0.));
#9277 = DIRECTION('',(1.,0.));
#9278 = ( GEOMETRIC_REPRESENTATION_CONTEXT(2) 
PARAMETRIC_REPRESENTATION_CONTEXT() REPRESENTATION_CONTEXT('2D SPACE',''
  ) );
#9279 = ORIENTED_EDGE('',*,*,#9230,.T.);
#9280 = ADVANCED_FACE('',(#9281,#9284),#9218,.T.);
#9281 = FACE_BOUND('',#9282,.T.);
#9282 = EDGE_LOOP('',(#9283));
#9283 = ORIENTED_EDGE('',*,*,#9196,.T.);
#9284 = FACE_BOUND('',#9285,.T.);
#9285 = EDGE_LOOP('',(#9286));
#9286 = ORIENTED_EDGE('',*,*,#9287,.F.);
#9287 = EDGE_CURVE('',#9288,#9288,#9290,.T.);
#9288 = VERTEX_POINT('',#9289);
#9289 = CARTESIAN_POINT('',(-17.6,15.2,53.2));
#9290 = SURFACE_CURVE('',#9291,(#9296,#9303),.PCURVE_S1.);
#9291 = CIRCLE('',#9292,0.8);
#9292 = AXIS2_PLACEMENT_3D('',#9293,#9294,#9295);
#9293 = CARTESIAN_POINT('',(-17.6,15.2,54.));
#9294 = DIRECTION('',(1.,-0.,2.22044604925E-16));
#9295 = DIRECTION('',(2.22044604925E-16,0.,-1.));
#9296 = PCURVE('',#9218,#9297);
#9297 = DEFINITIONAL_REPRESENTATION('',(#9298),#9302);
#9298 = CIRCLE('',#9299,0.8);
#9299 = AXIS2_PLACEMENT_2D('',#9300,#9301);
#9300 = CARTESIAN_POINT('',(7.105427357601E-15,0.));
#9301 = DIRECTION('',(1.,0.));
#9302 = ( GEOMETRIC_REPRESENTATION_CONTEXT(2) 
PARAMETRIC_REPRESENTATION_CONTEXT() REPRESENTATION_CONTEXT('2D SPACE',''
  ) );
#9303 = PCURVE('',#9304,#9309);
#9304 = CYLINDRICAL_SURFACE('',#9305,0.8);
#9305 = AXIS2_PLACEMENT_3D('',#9306,#9307,#9308);
#9306 = CARTESIAN_POINT('',(-17.6,15.2,54.));
#9307 = DIRECTION('',(1.,0.,2.22044604925E-16));
#9308 = DIRECTION('',(2.22044604925E-16,0.,-1.));
#9309 = DEFINITIONAL_REPRESENTATION('',(#9310),#9314);
#9310 = LINE('',#9311,#9312);
#9311 = CARTESIAN_POINT('',(0.,0.));
#9312 = VECTOR('',#9313,1.);
#9313 = DIRECTION('',(1.,0.));
#9314 = ( GEOMETRIC_REPRESENTATION_CONTEXT(2) 
PARAMETRIC_REPRESENTATION_CONTEXT() REPRESENTATION_CONTEXT('2D SPACE',''
  ) );
#9315 = ADVANCED_FACE('',(#9316),#9268,.F.);
#9316 = FACE_BOUND('',#9317,.T.);
#9317 = EDGE_LOOP('',(#9318));
#9318 = ORIENTED_EDGE('',*,*,#9253,.F.);
#9319 = ADVANCED_FACE('',(#9320),#9304,.T.);
#9320 = FACE_BOUND('',#9321,.T.);
#9321 = EDGE_LOOP('',(#9322,#9351,#9372,#9373));
#9322 = ORIENTED_EDGE('',*,*,#9323,.F.);
#9323 = EDGE_CURVE('',#9324,#9324,#9326,.T.);
#9324 = VERTEX_POINT('',#9325);
#9325 = CARTESIAN_POINT('',(-12.5,15.2,53.2));
#9326 = SURFACE_CURVE('',#9327,(#9332,#9339),.PCURVE_S1.);
#9327 = CIRCLE('',#9328,0.8);
#9328 = AXIS2_PLACEMENT_3D('',#9329,#9330,#9331);
#9329 = CARTESIAN_POINT('',(-12.5,15.2,54.));
#9330 = DIRECTION('',(1.,-0.,2.22044604925E-16));
#9331 = DIRECTION('',(2.22044604925E-16,0.,-1.));
#9332 = PCURVE('',#9304,#9333);
#9333 = DEFINITIONAL_REPRESENTATION('',(#9334),#9338);
#9334 = LINE('',#9335,#9336);
#9335 = CARTESIAN_POINT('',(0.,5.1));
#9336 = VECTOR('',#9337,1.);
#9337 = DIRECTION('',(1.,0.));
#9338 = ( GEOMETRIC_REPRESENTATION_CONTEXT(2) 
PARAMETRIC_REPRESENTATION_CONTEXT() REPRESENTATION_CONTEXT('2D SPACE',''
  ) );
#9339 = PCURVE('',#9340,#9345);
#9340 = PLANE('',#9341);
#9341 = AXIS2_PLACEMENT_3D('',#9342,#9343,#9344);
#9342 = CARTESIAN_POINT('',(-12.5,15.2,54.));
#9343 = DIRECTION('',(1.,0.,2.22044604925E-16));
#9344 = DIRECTION('',(2.22044604925E-16,0.,-1.));
#9345 = DEFINITIONAL_REPRESENTATION('',(#9346),#9350);
#9346 = CIRCLE('',#9347,0.8);
#9347 = AXIS2_PLACEMENT_2D('',#9348,#9349);
#9348 = CARTESIAN_POINT('',(0.,0.));
#9349 = DIRECTION('',(1.,0.));
#9350 = ( GEOMETRIC_REPRESENTATION_CONTEXT(2) 
PARAMETRIC_REPRESENTATION_CONTEXT() REPRESENTATION_CONTEXT('2D SPACE',''
  ) );
#9351 = ORIENTED_EDGE('',*,*,#9352,.F.);
#9352 = EDGE_CURVE('',#9288,#9324,#9353,.T.);
#9353 = SEAM_CURVE('',#9354,(#9358,#9365),.PCURVE_S1.);
#9354 = LINE('',#9355,#9356);
#9355 = CARTESIAN_POINT('',(-17.6,15.2,53.2));
#9356 = VECTOR('',#9357,1.);
#9357 = DIRECTION('',(1.,0.,2.22044604925E-16));
#9358 = PCURVE('',#9304,#9359);
#9359 = DEFINITIONAL_REPRESENTATION('',(#9360),#9364);
#9360 = LINE('',#9361,#9362);
#9361 = CARTESIAN_POINT('',(6.28318530718,-0.));
#9362 = VECTOR('',#9363,1.);
#9363 = DIRECTION('',(0.,1.));
#9364 = ( GEOMETRIC_REPRESENTATION_CONTEXT(2) 
PARAMETRIC_REPRESENTATION_CONTEXT() REPRESENTATION_CONTEXT('2D SPACE',''
  ) );
#9365 = PCURVE('',#9304,#9366);
#9366 = DEFINITIONAL_REPRESENTATION('',(#9367),#9371);
#9367 = LINE('',#9368,#9369);
#9368 = CARTESIAN_POINT('',(0.,-0.));
#9369 = VECTOR('',#9370,1.);
#9370 = DIRECTION('',(0.,1.));
#9371 = ( GEOMETRIC_REPRESENTATION_CONTEXT(2) 
PARAMETRIC_REPRESENTATION_CONTEXT() REPRESENTATION_CONTEXT('2D SPACE',''
  ) );
#9372 = ORIENTED_EDGE('',*,*,#9287,.T.);
#9373 = ORIENTED_EDGE('',*,*,#9352,.T.);
#9374 = ADVANCED_FACE('',(#9375),#9340,.T.);
#9375 = FACE_BOUND('',#9376,.T.);
#9376 = EDGE_LOOP('',(#9377));
#9377 = ORIENTED_EDGE('',*,*,#9323,.T.);
#9378 = ( GEOMETRIC_REPRESENTATION_CONTEXT(3) 
GLOBAL_UNCERTAINTY_ASSIGNED_CONTEXT((#9382)) 
GLOBAL_UNIT_ASSIGNED_CONTEXT((#9379,#9380,#9381)) REPRESENTATION_CONTEXT
('Context #1','3D Context with UNIT and UNCERTAINTY') );
#9379 = ( LENGTH_UNIT() NAMED_UNIT(*) SI_UNIT(.MILLI.,.METRE.) );
#9380 = ( NAMED_UNIT(*) PLANE_ANGLE_UNIT() SI_UNIT($,.RADIAN.) );
#9381 = ( NAMED_UNIT(*) SI_UNIT($,.STERADIAN.) SOLID_ANGLE_UNIT() );
#9382 = UNCERTAINTY_MEASURE_WITH_UNIT(LENGTH_MEASURE(1.E-07),#9379,
  'distance_accuracy_value','confusion accuracy');
#9383 = CONTEXT_DEPENDENT_SHAPE_REPRESENTATION(#9384,#9386);
#9384 = ( REPRESENTATION_RELATIONSHIP('','',#8625,#10) 
REPRESENTATION_RELATIONSHIP_WITH_TRANSFORMATION(#9385) 
SHAPE_REPRESENTATION_RELATIONSHIP() );
#9385 = ITEM_DEFINED_TRANSFORMATION('','',#11,#55);
#9386 = PRODUCT_DEFINITION_SHAPE('Placement','Placement of an item',
  #9387);
#9387 = NEXT_ASSEMBLY_USAGE_OCCURRENCE('11','=>[0:1:1:12]','',#5,#8620,$
  );
#9388 = PRODUCT_RELATED_PRODUCT_CATEGORY('part',$,(#8622));
ENDSEC;
END-ISO-10303-21;
